timestamp,actual,predicted,error,abs_error,hour,weekday,month,season
2025-05-03 11:00:00,45.6,46.51982103613384,0.9198210361338397,0.9198210361338397,11,5,5,Spring
2025-05-03 12:00:00,46.4,45.521355717436116,-0.8786442825638829,0.8786442825638829,12,5,5,Spring
2025-05-03 13:00:00,43.7,44.07382375470314,0.3738237547031389,0.3738237547031389,13,5,5,Spring
2025-05-03 14:00:00,47.3,46.378235942269775,-0.921764057730222,0.921764057730222,14,5,5,Spring
2025-05-03 15:00:00,42.4,42.694736809068935,0.2947368090689366,0.2947368090689366,15,5,5,Spring
2025-05-03 16:00:00,37.6,39.466230576869805,1.8662305768698033,1.8662305768698033,16,5,5,Spring
2025-05-03 17:00:00,35.5,38.355627278714366,2.8556272787143655,2.8556272787143655,17,5,5,Spring
2025-05-03 18:00:00,39.2,38.571889005610586,-0.6281109943894165,0.6281109943894165,18,5,5,Spring
2025-05-03 19:00:00,42.8,38.63727261766279,-4.162727382337209,4.162727382337209,19,5,5,Spring
2025-05-03 20:00:00,35.2,34.46731840005196,-0.7326815999480445,0.7326815999480445,20,5,5,Spring
2025-05-03 21:00:00,32.4,32.01313971065042,-0.3868602893495776,0.3868602893495776,21,5,5,Spring
2025-05-03 22:00:00,32.8,32.12499626559369,-0.6750037344063102,0.6750037344063102,22,5,5,Spring
2025-05-03 23:00:00,36.0,33.715290280520165,-2.284709719479835,2.284709719479835,23,5,5,Spring
2025-05-04 00:00:00,31.3,31.516689610541565,0.21668961054156455,0.21668961054156455,0,6,5,Spring
2025-05-04 01:00:00,29.1,30.570894830011287,1.4708948300112858,1.4708948300112858,1,6,5,Spring
2025-05-04 02:00:00,35.9,32.50077676736448,-3.3992232326355207,3.3992232326355207,2,6,5,Spring
2025-05-04 03:00:00,34.5,34.32056127769066,-0.17943872230934232,0.17943872230934232,3,6,5,Spring
2025-05-04 04:00:00,40.6,36.73829445658865,-3.861705543411354,3.861705543411354,4,6,5,Spring
2025-05-04 05:00:00,37.1,37.726054247363535,0.626054247363534,0.626054247363534,5,6,5,Spring
2025-05-04 06:00:00,33.6,37.31850068538712,3.71850068538712,3.71850068538712,6,6,5,Spring
2025-05-04 07:00:00,35.1,38.779379037387024,3.6793790373870223,3.6793790373870223,7,6,5,Spring
2025-05-04 08:00:00,49.1,45.20522297065442,-3.8947770293455832,3.8947770293455832,8,6,5,Spring
2025-05-04 09:00:00,51.0,46.156080899559285,-4.843919100440715,4.843919100440715,9,6,5,Spring
2025-05-04 10:00:00,44.7,45.86786446222817,1.1678644622281666,1.1678644622281666,10,6,5,Spring
2025-05-04 11:00:00,44.6,45.987471535392686,1.3874715353926845,1.3874715353926845,11,6,5,Spring
2025-05-04 12:00:00,52.3,48.24931194573162,-4.050688054268377,4.050688054268377,12,6,5,Spring
2025-05-04 13:00:00,41.8,43.81046576191749,2.0104657619174944,2.0104657619174944,13,6,5,Spring
2025-05-04 14:00:00,41.8,44.987549167691945,3.187549167691948,3.187549167691948,14,6,5,Spring
2025-05-04 15:00:00,46.7,45.78944848740119,-0.9105515125988148,0.9105515125988148,15,6,5,Spring
2025-05-04 16:00:00,40.9,41.31672588001103,0.41672588001102895,0.41672588001102895,16,6,5,Spring
2025-05-04 17:00:00,40.5,40.54088829730689,0.040888297306892696,0.040888297306892696,17,6,5,Spring
2025-05-04 18:00:00,37.8,38.29407028644493,0.4940702864449307,0.4940702864449307,18,6,5,Spring
2025-05-04 19:00:00,37.7,37.4742092455169,-0.22579075448309993,0.22579075448309993,19,6,5,Spring
2025-05-04 20:00:00,40.1,35.284045286690464,-4.815954713309537,4.815954713309537,20,6,5,Spring
2025-05-04 21:00:00,33.2,32.804461446676726,-0.39553855332327714,0.39553855332327714,21,6,5,Spring
2025-05-04 22:00:00,34.1,32.79911065531856,-1.300889344681444,1.300889344681444,22,6,5,Spring
2025-05-04 23:00:00,22.5,26.374211864297923,3.874211864297923,3.874211864297923,23,6,5,Spring
2025-05-05 00:00:00,35.2,33.340991250173616,-1.859008749826387,1.859008749826387,0,0,5,Spring
2025-05-05 01:00:00,32.3,33.3382504609444,1.038250460944404,1.038250460944404,1,0,5,Spring
2025-05-05 02:00:00,31.6,33.45759946965308,1.8575994696530813,1.8575994696530813,2,0,5,Spring
2025-05-05 03:00:00,34.2,34.727957159182814,0.5279571591828116,0.5279571591828116,3,0,5,Spring
2025-05-05 04:00:00,38.0,38.59645277362079,0.5964527736207899,0.5964527736207899,4,0,5,Spring
2025-05-05 05:00:00,45.0,42.60813857756526,-2.3918614224347365,2.3918614224347365,5,0,5,Spring
2025-05-05 06:00:00,38.1,41.129027067396656,3.0290270673966546,3.0290270673966546,6,0,5,Spring
2025-05-05 07:00:00,45.6,44.55232639658501,-1.0476736034149923,1.0476736034149923,7,0,5,Spring
2025-05-05 08:00:00,45.4,46.33991275301543,0.9399127530154345,0.9399127530154345,8,0,5,Spring
2025-05-05 09:00:00,47.7,47.91773165720028,0.2177316572002752,0.2177316572002752,9,0,5,Spring
2025-05-05 10:00:00,54.3,50.329750014209495,-3.9702499857905025,3.9702499857905025,10,0,5,Spring
2025-05-05 11:00:00,53.2,51.48132336849343,-1.7186766315065753,1.7186766315065753,11,0,5,Spring
2025-05-05 12:00:00,56.7,52.62411755537593,-4.075882444624071,4.075882444624071,12,0,5,Spring
2025-05-05 13:00:00,50.5,49.29320239415923,-1.2067976058407694,1.2067976058407694,13,0,5,Spring
2025-05-05 14:00:00,47.5,48.952677024263686,1.4526770242636857,1.4526770242636857,14,0,5,Spring
2025-05-05 15:00:00,48.1,47.80978600210261,-0.2902139978973892,0.2902139978973892,15,0,5,Spring
2025-05-05 16:00:00,48.3,45.74758803286284,-2.5524119671371537,2.5524119671371537,16,0,5,Spring
2025-05-05 17:00:00,46.1,45.16528053357594,-0.9347194664240632,0.9347194664240632,17,0,5,Spring
2025-05-05 18:00:00,39.0,41.18750291100885,2.187502911008849,2.187502911008849,18,0,5,Spring
2025-05-05 19:00:00,41.7,41.02858537685462,-0.671414623145381,0.671414623145381,19,0,5,Spring
2025-05-05 20:00:00,40.3,40.62015635888068,0.3201563588806806,0.3201563588806806,20,0,5,Spring
2025-05-05 21:00:00,47.8,40.61043316973903,-7.189566830260965,7.189566830260965,21,0,5,Spring
2025-05-05 22:00:00,43.9,41.91664640915575,-1.9833535908442457,1.9833535908442457,22,0,5,Spring
2025-05-05 23:00:00,32.2,34.185917205986,1.9859172059859986,1.9859172059859986,23,0,5,Spring
2025-05-06 00:00:00,34.1,35.668007914392575,1.5680079143925738,1.5680079143925738,0,1,5,Spring
2025-05-06 01:00:00,29.7,34.002628566053666,4.3026285660536665,4.3026285660536665,1,1,5,Spring
2025-05-06 02:00:00,34.0,37.19676729331128,3.1967672933112823,3.1967672933112823,2,1,5,Spring
2025-05-06 03:00:00,38.9,38.90401553843216,0.004015538432163623,0.004015538432163623,3,1,5,Spring
2025-05-06 04:00:00,44.1,41.623684835407516,-2.476315164592485,2.476315164592485,4,1,5,Spring
2025-05-06 05:00:00,38.3,39.910591896900094,1.6105918969000967,1.6105918969000967,5,1,5,Spring
2025-05-06 06:00:00,40.6,40.50237877414598,-0.09762122585402011,0.09762122585402011,6,1,5,Spring
2025-05-06 07:00:00,36.7,39.95762973341052,3.2576297334105178,3.2576297334105178,7,1,5,Spring
2025-05-06 08:00:00,46.6,45.0117820592126,-1.588217940787402,1.588217940787402,8,1,5,Spring
2025-05-06 09:00:00,44.7,47.70894598849327,3.0089459884932666,3.0089459884932666,9,1,5,Spring
2025-05-06 10:00:00,48.1,50.19269120410527,2.0926912041052717,2.0926912041052717,10,1,5,Spring
2025-05-06 11:00:00,47.5,49.36122725146682,1.861227251466822,1.861227251466822,11,1,5,Spring
2025-05-06 12:00:00,50.9,50.86345293313436,-0.036547066865637134,0.036547066865637134,12,1,5,Spring
2025-05-06 13:00:00,44.0,47.696082888451194,3.696082888451194,3.696082888451194,13,1,5,Spring
2025-05-06 14:00:00,44.3,46.83268496038371,2.532684960383712,2.532684960383712,14,1,5,Spring
2025-05-06 15:00:00,57.4,48.78926485483532,-8.610735145164682,8.610735145164682,15,1,5,Spring
2025-05-06 16:00:00,42.1,44.17025769359917,2.0702576935991672,2.0702576935991672,16,1,5,Spring
2025-05-06 17:00:00,40.9,41.88459786390595,0.9845978639059538,0.9845978639059538,17,1,5,Spring
2025-05-06 18:00:00,50.6,46.61781753203057,-3.98218246796943,3.98218246796943,18,1,5,Spring
2025-05-06 19:00:00,52.8,46.68179569407034,-6.118204305929659,6.118204305929659,19,1,5,Spring
2025-05-06 20:00:00,34.6,38.30214739981825,3.7021473998182515,3.7021473998182515,20,1,5,Spring
2025-05-06 21:00:00,36.1,37.46170212833101,1.361702128331011,1.361702128331011,21,1,5,Spring
2025-05-06 22:00:00,37.7,37.95584529980868,0.25584529980867643,0.25584529980867643,22,1,5,Spring
2025-05-06 23:00:00,42.5,38.408271313794884,-4.091728686205116,4.091728686205116,23,1,5,Spring
2025-05-07 00:00:00,31.2,32.349577465585746,1.1495774655857467,1.1495774655857467,0,2,5,Spring
2025-05-07 01:00:00,34.5,34.78513091618188,0.2851309161818776,0.2851309161818776,1,2,5,Spring
2025-05-07 02:00:00,39.3,37.09325408853598,-2.2067459114640187,2.2067459114640187,2,2,5,Spring
2025-05-07 03:00:00,39.2,38.224177092374646,-0.9758229076253571,0.9758229076253571,3,2,5,Spring
2025-05-07 04:00:00,37.7,38.728162023690466,1.028162023690463,1.028162023690463,4,2,5,Spring
2025-05-07 05:00:00,40.6,41.71853827136446,1.1185382713644572,1.1185382713644572,5,2,5,Spring
2025-05-07 06:00:00,37.7,41.08994887006354,3.3899488700635345,3.3899488700635345,6,2,5,Spring
2025-05-07 07:00:00,44.3,43.90943315023861,-0.39056684976138456,0.39056684976138456,7,2,5,Spring
2025-05-07 08:00:00,46.1,45.71672331311023,-0.3832766868897721,0.3832766868897721,8,2,5,Spring
2025-05-07 09:00:00,49.8,48.151728138263636,-1.6482718617363616,1.6482718617363616,9,2,5,Spring
2025-05-07 10:00:00,47.9,49.3646634679844,1.4646634679844013,1.4646634679844013,10,2,5,Spring
2025-05-07 11:00:00,52.8,52.01249156139926,-0.7875084386007387,0.7875084386007387,11,2,5,Spring
2025-05-07 12:00:00,55.2,52.77734048753009,-2.422659512469913,2.422659512469913,12,2,5,Spring
2025-05-07 13:00:00,51.5,50.3410688824648,-1.1589311175351966,1.1589311175351966,13,2,5,Spring
2025-05-07 14:00:00,51.5,50.03639323784305,-1.4636067621569495,1.4636067621569495,14,2,5,Spring
2025-05-07 15:00:00,49.0,50.03552643457446,1.0355264345744573,1.0355264345744573,15,2,5,Spring
2025-05-07 16:00:00,47.2,47.135232550753045,-0.06476744924695765,0.06476744924695765,16,2,5,Spring
2025-05-07 17:00:00,42.3,44.41670310657639,2.116703106576395,2.116703106576395,17,2,5,Spring
2025-05-07 18:00:00,44.4,44.18023260246819,-0.21976739753181107,0.21976739753181107,18,2,5,Spring
2025-05-07 19:00:00,40.7,41.53740608531097,0.8374060853109668,0.8374060853109668,19,2,5,Spring
2025-05-07 20:00:00,47.5,41.83744059980707,-5.662559400192933,5.662559400192933,20,2,5,Spring
2025-05-07 21:00:00,43.8,40.01329179769651,-3.786708202303487,3.786708202303487,21,2,5,Spring
2025-05-07 22:00:00,37.8,38.689275298627855,0.889275298627858,0.889275298627858,22,2,5,Spring
2025-05-07 23:00:00,32.4,33.760090994654185,1.3600909946541861,1.3600909946541861,23,2,5,Spring
2025-05-08 00:00:00,30.6,31.579471324150717,0.9794713241507154,0.9794713241507154,0,3,5,Spring
2025-05-08 01:00:00,40.1,36.91459790824913,-3.1854020917508734,3.1854020917508734,1,3,5,Spring
2025-05-08 02:00:00,37.2,37.54754361552871,0.34754361552870705,0.34754361552870705,2,3,5,Spring
2025-05-08 03:00:00,39.3,37.73231493768432,-1.5676850623156753,1.5676850623156753,3,3,5,Spring
2025-05-08 04:00:00,32.1,36.93296888813524,4.832968888135241,4.832968888135241,4,3,5,Spring
2025-05-08 05:00:00,44.7,41.46938273892484,-3.2306172610751602,3.2306172610751602,5,3,5,Spring
2025-05-08 06:00:00,44.9,42.19572153634617,-2.7042784636538286,2.7042784636538286,6,3,5,Spring
2025-05-08 07:00:00,40.7,42.89301227609628,2.193012276096276,2.193012276096276,7,3,5,Spring
2025-05-08 08:00:00,45.2,45.73171949755971,0.5317194975597062,0.5317194975597062,8,3,5,Spring
2025-05-08 09:00:00,49.8,49.48175605034362,-0.31824394965637737,0.31824394965637737,9,3,5,Spring
2025-05-08 10:00:00,50.2,50.1836355259769,-0.016364474023106368,0.016364474023106368,10,3,5,Spring
2025-05-08 11:00:00,49.6,49.7103046085216,0.11030460852159507,0.11030460852159507,11,3,5,Spring
2025-05-08 12:00:00,50.7,50.96267237510656,0.26267237510655406,0.26267237510655406,12,3,5,Spring
2025-05-08 13:00:00,49.8,50.56852973038214,0.7685297303821415,0.7685297303821415,13,3,5,Spring
2025-05-08 14:00:00,50.6,50.58962108141977,-0.010378918580229879,0.010378918580229879,14,3,5,Spring
2025-05-08 15:00:00,54.6,50.92298005760716,-3.677019942392839,3.677019942392839,15,3,5,Spring
2025-05-08 16:00:00,36.8,42.88375732424525,6.083757324245255,6.083757324245255,16,3,5,Spring
2025-05-08 17:00:00,44.2,43.59082982786298,-0.60917017213702,0.60917017213702,17,3,5,Spring
2025-05-08 18:00:00,43.8,44.474320401412335,0.6743204014123378,0.6743204014123378,18,3,5,Spring
2025-05-08 19:00:00,42.2,42.4048132427264,0.20481324272639512,0.20481324272639512,19,3,5,Spring
2025-05-08 20:00:00,37.6,38.80642156501559,1.2064215650155887,1.2064215650155887,20,3,5,Spring
2025-05-08 21:00:00,30.4,35.06010648021397,4.660106480213969,4.660106480213969,21,3,5,Spring
2025-05-08 22:00:00,37.4,36.83979041426024,-0.5602095857397558,0.5602095857397558,22,3,5,Spring
2025-05-08 23:00:00,42.2,38.945327543899246,-3.2546724561007565,3.2546724561007565,23,3,5,Spring
2025-05-09 00:00:00,28.8,30.949246359740787,2.1492463597407863,2.1492463597407863,0,4,5,Spring
2025-05-09 01:00:00,38.7,36.130357710792,-2.569642289208005,2.569642289208005,1,4,5,Spring
2025-05-09 02:00:00,34.7,35.55233669573498,0.8523366957349765,0.8523366957349765,2,4,5,Spring
2025-05-09 03:00:00,37.1,37.203829184341465,0.10382918434146404,0.10382918434146404,3,4,5,Spring
2025-05-09 04:00:00,34.8,37.01912211587259,2.219122115872594,2.219122115872594,4,4,5,Spring
2025-05-09 05:00:00,39.6,42.7044007334559,3.104400733455897,3.104400733455897,5,4,5,Spring
2025-05-09 06:00:00,48.2,44.047285279317904,-4.1527147206820985,4.1527147206820985,6,4,5,Spring
2025-05-09 07:00:00,47.4,46.66935393296386,-0.7306460670361403,0.7306460670361403,7,4,5,Spring
2025-05-09 08:00:00,53.9,49.83034286367239,-4.069657136327606,4.069657136327606,8,4,5,Spring
2025-05-09 09:00:00,53.3,52.127247753065156,-1.1727522469348415,1.1727522469348415,9,4,5,Spring
2025-05-09 10:00:00,51.6,52.29516607941584,0.6951660794158414,0.6951660794158414,10,4,5,Spring
2025-05-09 11:00:00,57.7,54.57640744485195,-3.1235925551480506,3.1235925551480506,11,4,5,Spring
2025-05-09 12:00:00,52.7,52.604089329897754,-0.09591067010224918,0.09591067010224918,12,4,5,Spring
2025-05-09 13:00:00,54.0,52.349819354747105,-1.6501806452528953,1.6501806452528953,13,4,5,Spring
2025-05-09 14:00:00,48.7,50.59472468623773,1.8947246862377298,1.8947246862377298,14,4,5,Spring
2025-05-09 15:00:00,48.9,49.150582130758735,0.2505821307587368,0.2505821307587368,15,4,5,Spring
2025-05-09 16:00:00,44.2,47.02647212454393,2.826472124543926,2.826472124543926,16,4,5,Spring
2025-05-09 17:00:00,49.0,45.070876819267205,-3.9291231807327947,3.9291231807327947,17,4,5,Spring
2025-05-09 18:00:00,38.2,42.23467015358059,4.034670153580585,4.034670153580585,18,4,5,Spring
2025-05-09 19:00:00,44.0,41.46329336151065,-2.536706638489349,2.536706638489349,19,4,5,Spring
2025-05-09 20:00:00,38.2,39.25006446073423,1.0500644607342267,1.0500644607342267,20,4,5,Spring
2025-05-09 21:00:00,42.0,40.385291594411946,-1.614708405588054,1.614708405588054,21,4,5,Spring
2025-05-09 22:00:00,39.0,38.06826741009215,-0.9317325899078526,0.9317325899078526,22,4,5,Spring
2025-05-09 23:00:00,42.5,38.75857585405436,-3.7414241459456434,3.7414241459456434,23,4,5,Spring
2025-05-10 00:00:00,32.8,31.477206160055275,-1.3227938399447225,1.3227938399447225,0,5,5,Spring
2025-05-10 01:00:00,23.8,27.56355999703757,3.763559997037568,3.763559997037568,1,5,5,Spring
2025-05-10 02:00:00,30.7,31.002257115449517,0.3022571154495175,0.3022571154495175,2,5,5,Spring
2025-05-10 03:00:00,27.5,30.405243853388185,2.9052438533881855,2.9052438533881855,3,5,5,Spring
2025-05-10 04:00:00,31.8,30.950987320533308,-0.8490126794666928,0.8490126794666928,4,5,5,Spring
2025-05-10 05:00:00,41.8,38.99716837287433,-2.80283162712567,2.80283162712567,5,5,5,Spring
2025-05-10 06:00:00,40.4,39.56609708565599,-0.8339029143440087,0.8339029143440087,6,5,5,Spring
2025-05-10 07:00:00,37.1,38.575913381024414,1.4759133810244123,1.4759133810244123,7,5,5,Spring
2025-05-10 08:00:00,37.8,39.109178102277816,1.3091781022778193,1.3091781022778193,8,5,5,Spring
2025-05-10 09:00:00,43.6,42.523206111246004,-1.076793888753997,1.076793888753997,9,5,5,Spring
2025-05-10 10:00:00,39.9,42.86346876184798,2.9634687618479845,2.9634687618479845,10,5,5,Spring
2025-05-10 11:00:00,42.9,44.266621395422305,1.3666213954223068,1.3666213954223068,11,5,5,Spring
2025-05-10 12:00:00,47.1,45.96592886439058,-1.1340711356094246,1.1340711356094246,12,5,5,Spring
2025-05-10 13:00:00,50.2,47.167028481865955,-3.0329715181340475,3.0329715181340475,13,5,5,Spring
2025-05-10 14:00:00,47.2,45.63505841613652,-1.5649415838634795,1.5649415838634795,14,5,5,Spring
2025-05-10 15:00:00,34.3,38.47864567806715,4.178645678067156,4.178645678067156,15,5,5,Spring
2025-05-10 16:00:00,43.1,42.46122030266568,-0.6387796973343214,0.6387796973343214,16,5,5,Spring
2025-05-10 17:00:00,40.2,39.75995275954561,-0.4400472404543905,0.4400472404543905,17,5,5,Spring
2025-05-10 18:00:00,39.5,37.54187324550535,-1.95812675449465,1.95812675449465,18,5,5,Spring
2025-05-10 19:00:00,42.3,38.478298986876254,-3.821701013123743,3.821701013123743,19,5,5,Spring
2025-05-10 20:00:00,25.6,31.094478904059805,5.494478904059804,5.494478904059804,20,5,5,Spring
2025-05-10 21:00:00,29.8,30.522475249287254,0.7224752492872533,0.7224752492872533,21,5,5,Spring
2025-05-10 22:00:00,33.3,32.798065795250615,-0.5019342047493822,0.5019342047493822,22,5,5,Spring
2025-05-10 23:00:00,23.8,28.417870083838444,4.617870083838444,4.617870083838444,23,5,5,Spring
2025-05-11 00:00:00,35.7,31.827366355988676,-3.8726336440113265,3.8726336440113265,0,6,5,Spring
2025-05-11 01:00:00,31.5,30.832783215975777,-0.6672167840242231,0.6672167840242231,1,6,5,Spring
2025-05-11 02:00:00,34.2,32.611961452423955,-1.5880385475760477,1.5880385475760477,2,6,5,Spring
2025-05-11 03:00:00,29.8,32.70360567723456,2.9036056772345624,2.9036056772345624,3,6,5,Spring
2025-05-11 04:00:00,37.0,35.46888534204768,-1.5311146579523225,1.5311146579523225,4,6,5,Spring
2025-05-11 05:00:00,40.0,39.66799443640496,-0.33200556359503963,0.33200556359503963,5,6,5,Spring
2025-05-11 06:00:00,38.7,38.47309551865531,-0.22690448134468966,0.22690448134468966,6,6,5,Spring
2025-05-11 07:00:00,40.8,39.046489722417306,-1.7535102775826914,1.7535102775826914,7,6,5,Spring
2025-05-11 08:00:00,42.8,43.06921135368807,0.26921135368807114,0.26921135368807114,8,6,5,Spring
2025-05-11 09:00:00,40.0,42.32232756020812,2.322327560208123,2.322327560208123,9,6,5,Spring
2025-05-11 10:00:00,44.1,43.72800700741684,-0.3719929925831593,0.3719929925831593,10,6,5,Spring
2025-05-11 11:00:00,44.9,45.59711820646175,0.6971182064617523,0.6971182064617523,11,6,5,Spring
2025-05-11 12:00:00,47.3,46.62080436679098,-0.6791956332090194,0.6791956332090194,12,6,5,Spring
2025-05-11 13:00:00,49.5,46.62371491641223,-2.876285083587767,2.876285083587767,13,6,5,Spring
2025-05-11 14:00:00,40.4,42.923381480531624,2.5233814805316257,2.5233814805316257,14,6,5,Spring
2025-05-11 15:00:00,42.9,43.35962124484678,0.4596212448467796,0.4596212448467796,15,6,5,Spring
2025-05-11 16:00:00,47.7,43.071416842260824,-4.628583157739179,4.628583157739179,16,6,5,Spring
2025-05-11 17:00:00,36.8,38.47117599075574,1.6711759907557422,1.6711759907557422,17,6,5,Spring
2025-05-11 18:00:00,34.5,36.99152955139047,2.491529551390471,2.491529551390471,18,6,5,Spring
2025-05-11 19:00:00,36.5,38.231303897801716,1.7313038978017161,1.7313038978017161,19,6,5,Spring
2025-05-11 20:00:00,37.1,35.560296075792934,-1.5397039242070676,1.5397039242070676,20,6,5,Spring
2025-05-11 21:00:00,32.1,32.71586626301346,0.6158662630134586,0.6158662630134586,21,6,5,Spring
2025-05-11 22:00:00,36.1,33.96490216659879,-2.135097833401211,2.135097833401211,22,6,5,Spring
2025-05-11 23:00:00,33.4,33.29556794776346,-0.10443205223653962,0.10443205223653962,23,6,5,Spring
2025-05-12 00:00:00,38.0,37.2925363152163,-0.707463684783697,0.707463684783697,0,0,5,Spring
2025-05-12 01:00:00,37.1,36.54971108183887,-0.5502889181611295,0.5502889181611295,1,0,5,Spring
2025-05-12 02:00:00,45.0,39.698722243403616,-5.3012777565963844,5.3012777565963844,2,0,5,Spring
2025-05-12 03:00:00,36.2,36.69319849034374,0.49319849034373675,0.49319849034373675,3,0,5,Spring
2025-05-12 04:00:00,30.6,37.01062581172743,6.410625811727428,6.410625811727428,4,0,5,Spring
2025-05-12 05:00:00,47.0,44.658113401156776,-2.3418865988432245,2.3418865988432245,5,0,5,Spring
2025-05-12 06:00:00,40.8,43.45168070259274,2.651680702592742,2.651680702592742,6,0,5,Spring
2025-05-12 07:00:00,45.1,45.59626113167031,0.49626113167030894,0.49626113167030894,7,0,5,Spring
2025-05-12 08:00:00,51.9,50.3316049738581,-1.5683950261419,1.5683950261419,8,0,5,Spring
2025-05-12 09:00:00,41.9,46.478980296168636,4.578980296168638,4.578980296168638,9,0,5,Spring
2025-05-12 10:00:00,44.6,46.99031063251945,2.3903106325194514,2.3903106325194514,10,0,5,Spring
2025-05-12 11:00:00,44.0,47.06304342706673,3.063043427066731,3.063043427066731,11,0,5,Spring
2025-05-12 12:00:00,47.5,48.84370169400532,1.3437016940053184,1.3437016940053184,12,0,5,Spring
2025-05-12 13:00:00,52.1,50.31010361750737,-1.7898963824926284,1.7898963824926284,13,0,5,Spring
2025-05-12 14:00:00,51.7,48.87893410892649,-2.8210658910735162,2.8210658910735162,14,0,5,Spring
2025-05-12 15:00:00,49.4,48.999484712897384,-0.4005152871026141,0.4005152871026141,15,0,5,Spring
2025-05-12 16:00:00,41.0,44.64673536450422,3.6467353645042166,3.6467353645042166,16,0,5,Spring
2025-05-12 17:00:00,35.5,41.19226113432772,5.6922611343277225,5.6922611343277225,17,0,5,Spring
2025-05-12 18:00:00,42.9,42.14318907107529,-0.7568109289247076,0.7568109289247076,18,0,5,Spring
2025-05-12 19:00:00,38.7,40.62732282229373,1.9273228222937249,1.9273228222937249,19,0,5,Spring
2025-05-12 20:00:00,40.5,37.911593909695746,-2.588406090304254,2.588406090304254,20,0,5,Spring
2025-05-12 21:00:00,39.8,39.348850946761225,-0.4511490532387725,0.4511490532387725,21,0,5,Spring
2025-05-12 22:00:00,36.3,37.519407373055465,1.2194073730554678,1.2194073730554678,22,0,5,Spring
2025-05-12 23:00:00,38.0,36.81336945643028,-1.18663054356972,1.18663054356972,23,0,5,Spring
2025-05-13 00:00:00,35.4,35.13758200946381,-0.26241799053618564,0.26241799053618564,0,1,5,Spring
2025-05-13 01:00:00,36.9,35.24669020969885,-1.6533097903011509,1.6533097903011509,1,1,5,Spring
2025-05-13 02:00:00,32.8,35.37047735726523,2.570477357265233,2.570477357265233,2,1,5,Spring
2025-05-13 03:00:00,36.2,36.325006665218865,0.12500666521886217,0.12500666521886217,3,1,5,Spring
2025-05-13 04:00:00,39.3,38.88078848370911,-0.41921151629088627,0.41921151629088627,4,1,5,Spring
2025-05-13 05:00:00,43.7,41.41309139306161,-2.2869086069383897,2.2869086069383897,5,1,5,Spring
2025-05-13 06:00:00,41.0,41.72528585143503,0.7252858514350322,0.7252858514350322,6,1,5,Spring
2025-05-13 07:00:00,46.7,44.62142305418337,-2.0785769458166357,2.0785769458166357,7,1,5,Spring
2025-05-13 08:00:00,45.5,45.93153012258937,0.43153012258937196,0.43153012258937196,8,1,5,Spring
2025-05-13 09:00:00,47.7,48.68089449125252,0.9808944912525206,0.9808944912525206,9,1,5,Spring
2025-05-13 10:00:00,52.8,49.56134913552745,-3.2386508644725467,3.2386508644725467,10,1,5,Spring
2025-05-13 11:00:00,42.3,46.122212348502444,3.822212348502447,3.822212348502447,11,1,5,Spring
2025-05-13 12:00:00,45.3,47.07619053667999,1.7761905366799908,1.7761905366799908,12,1,5,Spring
2025-05-13 13:00:00,44.3,47.06608327415066,2.7660832741506596,2.7660832741506596,13,1,5,Spring
2025-05-13 14:00:00,40.1,45.43394553573601,5.333945535736007,5.333945535736007,14,1,5,Spring
2025-05-13 15:00:00,45.5,45.719527809521004,0.21952780952100426,0.21952780952100426,15,1,5,Spring
2025-05-13 16:00:00,49.5,46.00265414203037,-3.497345857969627,3.497345857969627,16,1,5,Spring
2025-05-13 17:00:00,43.5,43.648152086133386,0.14815208613338626,0.14815208613338626,17,1,5,Spring
2025-05-13 18:00:00,43.3,43.28378610363663,-0.016213896363368008,0.016213896363368008,18,1,5,Spring
2025-05-13 19:00:00,44.8,42.23243001443055,-2.567569985569449,2.567569985569449,19,1,5,Spring
2025-05-13 20:00:00,43.8,40.54584898639263,-3.2541510136073697,3.2541510136073697,20,1,5,Spring
2025-05-13 21:00:00,36.6,37.588887487370954,0.9888874873709526,0.9888874873709526,21,1,5,Spring
2025-05-13 22:00:00,41.0,39.40256173166821,-1.5974382683317927,1.5974382683317927,22,1,5,Spring
2025-05-13 23:00:00,35.2,34.968089701037734,-0.23191029896226922,0.23191029896226922,23,1,5,Spring
2025-05-14 00:00:00,31.1,31.715505392068973,0.6155053920689717,0.6155053920689717,0,2,5,Spring
2025-05-14 01:00:00,32.3,33.379668896584924,1.079668896584927,1.079668896584927,1,2,5,Spring
2025-05-14 02:00:00,29.6,33.421271703927424,3.8212717039274224,3.8212717039274224,2,2,5,Spring
2025-05-14 03:00:00,33.2,34.36832046464889,1.168320464648886,1.168320464648886,3,2,5,Spring
2025-05-14 04:00:00,37.0,36.67061103463881,-0.3293889653611899,0.3293889653611899,4,2,5,Spring
2025-05-14 05:00:00,43.6,41.37110576092672,-2.228894239073284,2.228894239073284,5,2,5,Spring
2025-05-14 06:00:00,49.3,45.36551911935814,-3.934480880641857,3.934480880641857,6,2,5,Spring
2025-05-14 07:00:00,39.0,41.75749491129773,2.7574949112977265,2.7574949112977265,7,2,5,Spring
2025-05-14 08:00:00,48.0,47.13840056871353,-0.8615994312864714,0.8615994312864714,8,2,5,Spring
2025-05-14 09:00:00,43.9,46.63415855484869,2.7341585548486904,2.7341585548486904,9,2,5,Spring
2025-05-14 10:00:00,51.2,49.45604175750364,-1.7439582424963618,1.7439582424963618,10,2,5,Spring
2025-05-14 11:00:00,49.6,49.83413855975596,0.2341385597559551,0.2341385597559551,11,2,5,Spring
2025-05-14 12:00:00,43.1,46.92700554091866,3.8270055409186554,3.8270055409186554,12,2,5,Spring
2025-05-14 13:00:00,53.9,51.59758050992631,-2.3024194900736887,2.3024194900736887,13,2,5,Spring
2025-05-14 14:00:00,46.9,48.36817350558663,1.468173505586634,1.468173505586634,14,2,5,Spring
2025-05-14 15:00:00,45.9,47.20905345024032,1.3090534502403202,1.3090534502403202,15,2,5,Spring
2025-05-14 16:00:00,42.1,45.03476222363458,2.9347622236345785,2.9347622236345785,16,2,5,Spring
2025-05-14 17:00:00,41.9,42.11771569297993,0.21771569297992954,0.21771569297992954,17,2,5,Spring
2025-05-14 18:00:00,44.1,42.79183186573144,-1.3081681342685627,1.3081681342685627,18,2,5,Spring
2025-05-14 19:00:00,39.6,40.01322127296489,0.41322127296488986,0.41322127296488986,19,2,5,Spring
2025-05-14 20:00:00,39.7,39.917330395810005,0.21733039581000213,0.21733039581000213,20,2,5,Spring
2025-05-14 21:00:00,38.2,37.178915130703494,-1.0210848692965087,1.0210848692965087,21,2,5,Spring
2025-05-14 22:00:00,40.8,37.81984388089799,-2.9801561191020056,2.9801561191020056,22,2,5,Spring
2025-05-14 23:00:00,33.3,33.51376660528148,0.21376660528148506,0.21376660528148506,23,2,5,Spring
2025-05-15 00:00:00,28.4,30.342475360294472,1.9424753602944733,1.9424753602944733,0,3,5,Spring
2025-05-15 01:00:00,38.8,38.13431668556909,-0.6656833144309076,0.6656833144309076,1,3,5,Spring
2025-05-15 02:00:00,34.0,35.021395499529056,1.0213954995290564,1.0213954995290564,2,3,5,Spring
2025-05-15 03:00:00,41.1,38.73121705549723,-2.368782944502769,2.368782944502769,3,3,5,Spring
2025-05-15 04:00:00,39.8,38.628722426875335,-1.1712775731246623,1.1712775731246623,4,3,5,Spring
2025-05-15 05:00:00,39.7,40.628346492105365,0.9283464921053621,0.9283464921053621,5,3,5,Spring
2025-05-15 06:00:00,43.7,42.975706539701925,-0.7242934602980782,0.7242934602980782,6,3,5,Spring
2025-05-15 07:00:00,52.2,47.69994939346809,-4.500050606531914,4.500050606531914,7,3,5,Spring
2025-05-15 08:00:00,54.6,50.40918051371349,-4.1908194862865145,4.1908194862865145,8,3,5,Spring
2025-05-15 09:00:00,48.2,48.26304759873358,0.06304759873357568,0.06304759873357568,9,3,5,Spring
2025-05-15 10:00:00,49.9,51.821222005691844,1.9212220056918454,1.9212220056918454,10,3,5,Spring
2025-05-15 11:00:00,54.3,52.06651741907763,-2.23348258092237,2.23348258092237,11,3,5,Spring
2025-05-15 12:00:00,46.9,48.18270932051721,1.2827093205172133,1.2827093205172133,12,3,5,Spring
2025-05-15 13:00:00,51.4,50.93348016752353,-0.46651983247647166,0.46651983247647166,13,3,5,Spring
2025-05-15 14:00:00,49.1,49.11661385449018,0.016613854490181268,0.016613854490181268,14,3,5,Spring
2025-05-15 15:00:00,49.2,48.63880841941184,-0.5611915805881651,0.5611915805881651,15,3,5,Spring
2025-05-15 16:00:00,43.0,45.31013505379493,2.31013505379493,2.31013505379493,16,3,5,Spring
2025-05-15 17:00:00,38.0,40.3275582991876,2.3275582991876007,2.3275582991876007,17,3,5,Spring
2025-05-15 18:00:00,34.0,40.18357252482154,6.1835725248215425,6.1835725248215425,18,3,5,Spring
2025-05-15 19:00:00,35.8,38.518809195496,2.718809195496,2.718809195496,19,3,5,Spring
2025-05-15 20:00:00,36.5,38.440598910412575,1.9405989104125752,1.9405989104125752,20,3,5,Spring
2025-05-15 21:00:00,35.5,35.69910628001574,0.19910628001574082,0.19910628001574082,21,3,5,Spring
2025-05-15 22:00:00,43.1,37.99476000804189,-5.105239991958115,5.105239991958115,22,3,5,Spring
2025-05-15 23:00:00,39.0,35.338802490676365,-3.6611975093236353,3.6611975093236353,23,3,5,Spring
2025-05-16 00:00:00,30.3,31.90849055414361,1.6084905541436108,1.6084905541436108,0,4,5,Spring
2025-05-16 01:00:00,35.8,34.50797922982985,-1.2920207701701472,1.2920207701701472,1,4,5,Spring
2025-05-16 02:00:00,33.6,34.4064031268086,0.8064031268085969,0.8064031268085969,2,4,5,Spring
2025-05-16 03:00:00,35.4,37.04850802251618,1.6485080225161823,1.6485080225161823,3,4,5,Spring
2025-05-16 04:00:00,38.9,38.11249178319942,-0.7875082168005818,0.7875082168005818,4,4,5,Spring
2025-05-16 05:00:00,42.6,40.6861539512806,-1.9138460487193996,1.9138460487193996,5,4,5,Spring
2025-05-16 06:00:00,40.8,42.719700697126704,1.9197006971267072,1.9197006971267072,6,4,5,Spring
2025-05-16 07:00:00,48.5,46.036212341489204,-2.463787658510796,2.463787658510796,7,4,5,Spring
2025-05-16 08:00:00,41.6,46.90804204296675,5.308042042966747,5.308042042966747,8,4,5,Spring
2025-05-16 09:00:00,47.9,48.566659630715456,0.6666596307154578,0.6666596307154578,9,4,5,Spring
2025-05-16 10:00:00,59.5,54.070152544844696,-5.429847455155304,5.429847455155304,10,4,5,Spring
2025-05-16 11:00:00,50.8,50.93078676627824,0.13078676627824137,0.13078676627824137,11,4,5,Spring
2025-05-16 12:00:00,55.9,53.87528811509518,-2.024711884904818,2.024711884904818,12,4,5,Spring
2025-05-16 13:00:00,50.3,50.98274991764877,0.6827499176487706,0.6827499176487706,13,4,5,Spring
2025-05-16 14:00:00,51.4,50.72720742515752,-0.6727925748424752,0.6727925748424752,14,4,5,Spring
2025-05-16 15:00:00,47.6,48.67929927759693,1.079299277596931,1.079299277596931,15,4,5,Spring
2025-05-16 16:00:00,45.5,45.31506282515492,-0.1849371748450821,0.1849371748450821,16,4,5,Spring
2025-05-16 17:00:00,41.1,42.07615355963622,0.9761535596362165,0.9761535596362165,17,4,5,Spring
2025-05-16 18:00:00,43.9,42.41388810770092,-1.4861118922990784,1.4861118922990784,18,4,5,Spring
2025-05-16 19:00:00,36.7,39.07173264289384,2.3717326428938392,2.3717326428938392,19,4,5,Spring
2025-05-16 20:00:00,40.8,39.722290772782536,-1.0777092272174613,1.0777092272174613,20,4,5,Spring
2025-05-16 21:00:00,40.9,38.215177778293274,-2.6848222217067246,2.6848222217067246,21,4,5,Spring
2025-05-16 22:00:00,36.7,37.41218333789891,0.7121833378989066,0.7121833378989066,22,4,5,Spring
2025-05-16 23:00:00,33.3,33.846460468419956,0.5464604684199585,0.5464604684199585,23,4,5,Spring
2025-05-17 00:00:00,30.9,28.638975933746877,-2.261024066253121,2.261024066253121,0,5,5,Spring
2025-05-17 01:00:00,28.1,29.256980423033227,1.1569804230332252,1.1569804230332252,1,5,5,Spring
2025-05-17 02:00:00,33.9,29.914787196433856,-3.9852128035661423,3.9852128035661423,2,5,5,Spring
2025-05-17 03:00:00,24.1,27.392188082178752,3.2921880821787504,3.2921880821787504,3,5,5,Spring
2025-05-17 04:00:00,31.7,30.995509186359023,-0.7044908136409767,0.7044908136409767,4,5,5,Spring
2025-05-17 05:00:00,27.0,31.05603538432128,4.05603538432128,4.05603538432128,5,5,5,Spring
2025-05-17 06:00:00,31.1,33.42281719429526,2.3228171942952613,2.3228171942952613,6,5,5,Spring
2025-05-17 07:00:00,44.6,40.540526501001516,-4.059473498998486,4.059473498998486,7,5,5,Spring
2025-05-17 08:00:00,44.6,42.25105008938581,-2.348949910614195,2.348949910614195,8,5,5,Spring
2025-05-17 09:00:00,39.8,40.973585982133535,1.1735859821335382,1.1735859821335382,9,5,5,Spring
2025-05-17 10:00:00,38.0,40.3787376861942,2.3787376861941993,2.3787376861941993,10,5,5,Spring
2025-05-17 11:00:00,32.9,38.01597986382042,5.115979863820421,5.115979863820421,11,5,5,Spring
2025-05-17 12:00:00,42.9,43.85048611382485,0.9504861138248515,0.9504861138248515,12,5,5,Spring
2025-05-17 13:00:00,54.5,48.38858377281887,-6.111416227181131,6.111416227181131,13,5,5,Spring
2025-05-17 14:00:00,45.7,43.73844580342452,-1.9615541965754844,1.9615541965754844,14,5,5,Spring
2025-05-17 15:00:00,40.5,41.71706609222021,1.2170660922202075,1.2170660922202075,15,5,5,Spring
2025-05-17 16:00:00,42.9,41.581356752406435,-1.3186432475935632,1.3186432475935632,16,5,5,Spring
2025-05-17 17:00:00,32.9,35.82107713602635,2.921077136026348,2.921077136026348,17,5,5,Spring
2025-05-17 18:00:00,35.9,36.681328984015515,0.7813289840155164,0.7813289840155164,18,5,5,Spring
2025-05-17 19:00:00,35.4,34.92602083119564,-0.4739791688043553,0.4739791688043553,19,5,5,Spring
2025-05-17 20:00:00,32.7,32.5399015726323,-0.16009842736769997,0.16009842736769997,20,5,5,Spring
2025-05-17 21:00:00,34.6,31.96316463167865,-2.63683536832135,2.63683536832135,21,5,5,Spring
2025-05-17 22:00:00,31.5,32.233626157651344,0.7336261576513436,0.7336261576513436,22,5,5,Spring
2025-05-17 23:00:00,32.0,30.498347079716588,-1.5016529202834121,1.5016529202834121,23,5,5,Spring
2025-05-18 00:00:00,26.2,29.30357565032099,3.103575650320991,3.103575650320991,0,6,5,Spring
2025-05-18 01:00:00,32.8,31.130036261353332,-1.6699637386466648,1.6699637386466648,1,6,5,Spring
2025-05-18 02:00:00,36.5,32.94937593615283,-3.5506240638471667,3.5506240638471667,2,6,5,Spring
2025-05-18 03:00:00,27.4,30.37358258335476,2.973582583354762,2.973582583354762,3,6,5,Spring
2025-05-18 04:00:00,29.4,33.511881847497555,4.111881847497557,4.111881847497557,4,6,5,Spring
2025-05-18 05:00:00,40.2,36.95092893151509,-3.2490710684849162,3.2490710684849162,5,6,5,Spring
2025-05-18 06:00:00,36.2,36.70854178815501,0.5085417881550072,0.5085417881550072,6,6,5,Spring
2025-05-18 07:00:00,44.6,41.763396064654245,-2.8366039353457566,2.8366039353457566,7,6,5,Spring
2025-05-18 08:00:00,39.2,40.29689451859496,1.096894518594958,1.096894518594958,8,6,5,Spring
2025-05-18 09:00:00,48.4,43.95658799753065,-4.443412002469351,4.443412002469351,9,6,5,Spring
2025-05-18 10:00:00,44.4,44.69063880044687,0.29063880044687096,0.29063880044687096,10,6,5,Spring
2025-05-18 11:00:00,45.7,46.15460100342283,0.4546010034228303,0.4546010034228303,11,6,5,Spring
2025-05-18 12:00:00,51.2,49.36471296712913,-1.8352870328708732,1.8352870328708732,12,6,5,Spring
2025-05-18 13:00:00,43.2,44.46051962635653,1.2605196263565261,1.2605196263565261,13,6,5,Spring
2025-05-18 14:00:00,40.1,42.05094095017985,1.9509409501798487,1.9509409501798487,14,6,5,Spring
2025-05-18 15:00:00,40.8,42.031711044728354,1.2317110447283568,1.2317110447283568,15,6,5,Spring
2025-05-18 16:00:00,42.7,41.73402311980776,-0.9659768801922439,0.9659768801922439,16,6,5,Spring
2025-05-18 17:00:00,32.7,35.31380059624394,2.6138005962439337,2.6138005962439337,17,6,5,Spring
2025-05-18 18:00:00,39.5,36.89797964716892,-2.602020352831083,2.602020352831083,18,6,5,Spring
2025-05-18 19:00:00,32.7,32.89456809299224,0.19456809299223465,0.19456809299223465,19,6,5,Spring
2025-05-18 20:00:00,37.5,34.95706238684312,-2.54293761315688,2.54293761315688,20,6,5,Spring
2025-05-18 21:00:00,21.7,27.744825172714258,6.044825172714258,6.044825172714258,21,6,5,Spring
2025-05-18 22:00:00,26.9,28.10130500312324,1.2013050031232417,1.2013050031232417,22,6,5,Spring
2025-05-18 23:00:00,22.5,26.28920106420842,3.78920106420842,3.78920106420842,23,6,5,Spring
2025-05-19 00:00:00,30.5,31.551792708650357,1.051792708650357,1.051792708650357,0,0,5,Spring
2025-05-19 01:00:00,35.1,33.154058394132996,-1.9459416058670058,1.9459416058670058,1,0,5,Spring
2025-05-19 02:00:00,34.2,33.93765082393631,-0.2623491760636938,0.2623491760636938,2,0,5,Spring
2025-05-19 03:00:00,35.1,35.424841723476725,0.32484172347672313,0.32484172347672313,3,0,5,Spring
2025-05-19 04:00:00,37.2,36.335262064991156,-0.8647379350088471,0.8647379350088471,4,0,5,Spring
2025-05-19 05:00:00,40.6,40.94334553993686,0.34334553993685546,0.34334553993685546,5,0,5,Spring
2025-05-19 06:00:00,37.8,39.52364569005282,1.7236456900528196,1.7236456900528196,6,0,5,Spring
2025-05-19 07:00:00,46.7,45.01699422524715,-1.68300577475285,1.68300577475285,7,0,5,Spring
2025-05-19 08:00:00,48.5,47.3643843626529,-1.135615637347101,1.135615637347101,8,0,5,Spring
2025-05-19 09:00:00,49.0,48.328749973961514,-0.6712500260384857,0.6712500260384857,9,0,5,Spring
2025-05-19 10:00:00,51.0,49.111550370726064,-1.8884496292739357,1.8884496292739357,10,0,5,Spring
2025-05-19 11:00:00,50.7,50.76269794782846,0.06269794782845395,0.06269794782845395,11,0,5,Spring
2025-05-19 12:00:00,57.9,51.787662405818054,-6.112337594181945,6.112337594181945,12,0,5,Spring
2025-05-19 13:00:00,49.2,47.69995303464471,-1.5000469653552955,1.5000469653552955,13,0,5,Spring
2025-05-19 14:00:00,47.5,47.55309039234001,0.05309039234001034,0.05309039234001034,14,0,5,Spring
2025-05-19 15:00:00,44.5,46.169036220584985,1.6690362205849851,1.6690362205849851,15,0,5,Spring
2025-05-19 16:00:00,41.7,42.899677088835084,1.199677088835081,1.199677088835081,16,0,5,Spring
2025-05-19 17:00:00,38.9,39.824940583475836,0.9249405834758377,0.9249405834758377,17,0,5,Spring
2025-05-19 18:00:00,38.3,39.27079542111213,0.9707954211121361,0.9707954211121361,18,0,5,Spring
2025-05-19 19:00:00,39.5,37.42380542844556,-2.0761945715544385,2.0761945715544385,19,0,5,Spring
2025-05-19 20:00:00,39.1,38.16315116970252,-0.9368488302974782,0.9368488302974782,20,0,5,Spring
2025-05-19 21:00:00,36.4,35.634359499102075,-0.7656405008979235,0.7656405008979235,21,0,5,Spring
2025-05-19 22:00:00,31.8,32.424539604346485,0.6245396043464844,0.6245396043464844,22,0,5,Spring
2025-05-19 23:00:00,37.7,36.12922386975694,-1.5707761302430612,1.5707761302430612,23,0,5,Spring
2025-05-20 00:00:00,36.6,35.080261445957696,-1.5197385540423056,1.5197385540423056,0,1,5,Spring
2025-05-20 01:00:00,33.3,34.1806479194442,0.8806479194442005,0.8806479194442005,1,1,5,Spring
2025-05-20 02:00:00,32.1,33.60804739708952,1.5080473970895198,1.5080473970895198,2,1,5,Spring
2025-05-20 03:00:00,38.2,36.60163843422255,-1.5983615657774521,1.5983615657774521,3,1,5,Spring
2025-05-20 04:00:00,38.4,37.20320276032879,-1.1967972396712057,1.1967972396712057,4,1,5,Spring
2025-05-20 05:00:00,33.8,39.4539181527045,5.653918152704506,5.653918152704506,5,1,5,Spring
2025-05-20 06:00:00,41.4,40.24752799727124,-1.1524720027287572,1.1524720027287572,6,1,5,Spring
2025-05-20 07:00:00,44.8,43.997795532092496,-0.8022044679075009,0.8022044679075009,7,1,5,Spring
2025-05-20 08:00:00,42.1,44.026943386957356,1.9269433869573547,1.9269433869573547,8,1,5,Spring
2025-05-20 09:00:00,48.1,48.026695919930596,-0.07330408006940559,0.07330408006940559,9,1,5,Spring
2025-05-20 10:00:00,42.8,46.24379537730282,3.44379537730282,3.44379537730282,10,1,5,Spring
2025-05-20 11:00:00,54.8,49.067739960384415,-5.732260039615582,5.732260039615582,11,1,5,Spring
2025-05-20 12:00:00,54.7,51.90029260698912,-2.799707393010884,2.799707393010884,12,1,5,Spring
2025-05-20 13:00:00,48.4,47.93080989951254,-0.46919010048745946,0.46919010048745946,13,1,5,Spring
2025-05-20 14:00:00,50.1,48.71043463381644,-1.389565366183561,1.389565366183561,14,1,5,Spring
2025-05-20 15:00:00,37.7,43.42868361108265,5.728683611082644,5.728683611082644,15,1,5,Spring
2025-05-20 16:00:00,41.1,42.01411948463374,0.914119484633737,0.914119484633737,16,1,5,Spring
2025-05-20 17:00:00,42.6,42.28313267761148,-0.3168673223885179,0.3168673223885179,17,1,5,Spring
2025-05-20 18:00:00,37.4,38.64412667128882,1.244126671288818,1.244126671288818,18,1,5,Spring
2025-05-20 19:00:00,42.5,40.45956273233454,-2.0404372676654603,2.0404372676654603,19,1,5,Spring
2025-05-20 20:00:00,45.7,40.00838379197101,-5.691616208028989,5.691616208028989,20,1,5,Spring
2025-05-20 21:00:00,31.3,35.409147087165834,4.109147087165834,4.109147087165834,21,1,5,Spring
2025-05-20 22:00:00,31.4,33.25343863137869,1.853438631378694,1.853438631378694,22,1,5,Spring
2025-05-20 23:00:00,34.9,35.41017931357333,0.5101793135733317,0.5101793135733317,23,1,5,Spring
2025-05-21 00:00:00,40.0,35.76178644506521,-4.238213554934788,4.238213554934788,0,2,5,Spring
2025-05-21 01:00:00,28.9,31.291668032406147,2.391668032406148,2.391668032406148,1,2,5,Spring
2025-05-21 02:00:00,35.6,33.91251818425574,-1.6874818157442633,1.6874818157442633,2,2,5,Spring
2025-05-21 03:00:00,43.2,37.90458174983954,-5.295418250160466,5.295418250160466,3,2,5,Spring
2025-05-21 04:00:00,30.9,36.267675691802275,5.367675691802276,5.367675691802276,4,2,5,Spring
2025-05-21 05:00:00,34.4,39.238761359800755,4.838761359800756,4.838761359800756,5,2,5,Spring
2025-05-21 06:00:00,39.9,41.73300431183772,1.833004311837719,1.833004311837719,6,2,5,Spring
2025-05-21 07:00:00,41.5,42.09845430796528,0.5984543079652767,0.5984543079652767,7,2,5,Spring
2025-05-21 08:00:00,48.8,46.22923844035537,-2.5707615596446303,2.5707615596446303,8,2,5,Spring
2025-05-21 09:00:00,48.2,47.52615183644244,-0.6738481635575653,0.6738481635575653,9,2,5,Spring
2025-05-21 10:00:00,41.4,45.341282585554005,3.9412825855540063,3.9412825855540063,10,2,5,Spring
2025-05-21 11:00:00,51.3,50.77030661295365,-0.5296933870463505,0.5296933870463505,11,2,5,Spring
2025-05-21 12:00:00,47.2,48.36538600715821,1.1653860071582045,1.1653860071582045,12,2,5,Spring
2025-05-21 13:00:00,54.4,51.85866306722791,-2.54133693277209,2.54133693277209,13,2,5,Spring
2025-05-21 14:00:00,46.0,47.472643638081514,1.4726436380815144,1.4726436380815144,14,2,5,Spring
2025-05-21 15:00:00,44.7,46.46251913356134,1.7625191335613337,1.7625191335613337,15,2,5,Spring
2025-05-21 16:00:00,47.7,45.141627798707965,-2.5583722012920376,2.5583722012920376,16,2,5,Spring
2025-05-21 17:00:00,46.7,43.80700948030254,-2.892990519697463,2.892990519697463,17,2,5,Spring
2025-05-21 18:00:00,43.3,42.596469788205425,-0.7035302117945719,0.7035302117945719,18,2,5,Spring
2025-05-21 19:00:00,32.7,36.469831919811355,3.7698319198113523,3.7698319198113523,19,2,5,Spring
2025-05-21 20:00:00,39.7,37.73017353762158,-1.9698264623784212,1.9698264623784212,20,2,5,Spring
2025-05-21 21:00:00,31.8,33.68849362060281,1.8884936206028122,1.8884936206028122,21,2,5,Spring
2025-05-21 22:00:00,35.6,34.36450014324305,-1.2354998567569524,1.2354998567569524,22,2,5,Spring
2025-05-21 23:00:00,28.1,30.78730808678646,2.6873080867864587,2.6873080867864587,23,2,5,Spring
2025-05-22 00:00:00,35.2,33.509690683073934,-1.6903093169260686,1.6903093169260686,0,3,5,Spring
2025-05-22 01:00:00,30.5,32.740921216554526,2.2409212165545256,2.2409212165545256,1,3,5,Spring
2025-05-22 02:00:00,29.4,32.83117953744648,3.431179537446482,3.431179537446482,2,3,5,Spring
2025-05-22 03:00:00,38.6,37.26421729213967,-1.3357827078603322,1.3357827078603322,3,3,5,Spring
2025-05-22 04:00:00,38.4,37.51941552298258,-0.8805844770174218,0.8805844770174218,4,3,5,Spring
2025-05-22 05:00:00,36.9,38.526138452171345,1.6261384521713467,1.6261384521713467,5,3,5,Spring
2025-05-22 06:00:00,47.2,44.26238429881845,-2.9376157011815494,2.9376157011815494,6,3,5,Spring
2025-05-22 07:00:00,41.7,42.98069036124992,1.280690361249917,1.280690361249917,7,3,5,Spring
2025-05-22 08:00:00,45.5,46.02116185161633,0.521161851616327,0.521161851616327,8,3,5,Spring
2025-05-22 09:00:00,48.2,48.113068186854626,-0.08693181314537668,0.08693181314537668,9,3,5,Spring
2025-05-22 10:00:00,45.9,47.14571159183887,1.2457115918388695,1.2457115918388695,10,3,5,Spring
2025-05-22 11:00:00,51.0,49.91986858244752,-1.0801314175524794,1.0801314175524794,11,3,5,Spring
2025-05-22 12:00:00,47.3,48.76188392714954,1.4618839271495432,1.4618839271495432,12,3,5,Spring
2025-05-22 13:00:00,47.5,49.07040284271688,1.5704028427168808,1.5704028427168808,13,3,5,Spring
2025-05-22 14:00:00,53.8,49.61277004783635,-4.187229952163648,4.187229952163648,14,3,5,Spring
2025-05-22 15:00:00,42.9,45.674339207251265,2.7743392072512663,2.7743392072512663,15,3,5,Spring
2025-05-22 16:00:00,35.8,42.31377497986163,6.51377497986163,6.51377497986163,16,3,5,Spring
2025-05-22 17:00:00,49.9,46.34756645052359,-3.5524335494764117,3.5524335494764117,17,3,5,Spring
2025-05-22 18:00:00,51.6,46.367546211669456,-5.232453788330545,5.232453788330545,18,3,5,Spring
2025-05-22 19:00:00,37.7,38.29911441876143,0.5991144187614239,0.5991144187614239,19,3,5,Spring
2025-05-22 20:00:00,29.7,33.95799256555609,4.257992565556091,4.257992565556091,20,3,5,Spring
2025-05-22 21:00:00,34.5,33.893100434768,-0.6068995652319984,0.6068995652319984,21,3,5,Spring
2025-05-22 22:00:00,33.3,34.780416149095046,1.4804161490950491,1.4804161490950491,22,3,5,Spring
2025-05-22 23:00:00,32.9,33.38620278736158,0.4862027873615844,0.4862027873615844,23,3,5,Spring
2025-05-23 00:00:00,28.8,30.610902581225968,1.8109025812259674,1.8109025812259674,0,4,5,Spring
2025-05-23 01:00:00,35.9,34.80795774731676,-1.0920422526832354,1.0920422526832354,1,4,5,Spring
2025-05-23 02:00:00,36.5,35.3469590701165,-1.1530409298835025,1.1530409298835025,2,4,5,Spring
2025-05-23 03:00:00,29.7,35.10895212601935,5.408952126019347,5.408952126019347,3,4,5,Spring
2025-05-23 04:00:00,40.1,38.541140372169316,-1.5588596278306852,1.5588596278306852,4,4,5,Spring
2025-05-23 05:00:00,47.4,41.52615206617989,-5.873847933820109,5.873847933820109,5,4,5,Spring
2025-05-23 06:00:00,42.0,41.96469960922014,-0.03530039077985947,0.03530039077985947,6,4,5,Spring
2025-05-23 07:00:00,42.0,43.055307168394535,1.0553071683945348,1.0553071683945348,7,4,5,Spring
2025-05-23 08:00:00,44.7,45.71657928157037,1.0165792815703654,1.0165792815703654,8,4,5,Spring
2025-05-23 09:00:00,49.4,47.071493282841445,-2.328506717158554,2.328506717158554,9,4,5,Spring
2025-05-23 10:00:00,41.3,45.95225123697915,4.652251236979154,4.652251236979154,10,4,5,Spring
2025-05-23 11:00:00,49.7,49.635688784080685,-0.06431121591931799,0.06431121591931799,11,4,5,Spring
2025-05-23 12:00:00,47.7,47.59497611296735,-0.10502388703265098,0.10502388703265098,12,4,5,Spring
2025-05-23 13:00:00,56.4,50.85979327904957,-5.5402067209504295,5.5402067209504295,13,4,5,Spring
2025-05-23 14:00:00,47.5,48.92058027555513,1.4205802755551318,1.4205802755551318,14,4,5,Spring
2025-05-23 15:00:00,53.6,48.94977248750341,-4.650227512496592,4.650227512496592,15,4,5,Spring
2025-05-23 16:00:00,40.9,43.53639024041493,2.636390240414933,2.636390240414933,16,4,5,Spring
2025-05-23 17:00:00,45.7,43.949589075003956,-1.7504109249960464,1.7504109249960464,17,4,5,Spring
2025-05-23 18:00:00,42.6,42.50480476168269,-0.09519523831730936,0.09519523831730936,18,4,5,Spring
2025-05-23 19:00:00,35.7,37.65346734832354,1.9534673483235352,1.9534673483235352,19,4,5,Spring
2025-05-23 20:00:00,38.0,38.758800143841285,0.7588001438412846,0.7588001438412846,20,4,5,Spring
2025-05-23 21:00:00,40.5,36.31548946431193,-4.184510535688069,4.184510535688069,21,4,5,Spring
2025-05-23 22:00:00,33.1,33.96588208938121,0.8658820893812091,0.8658820893812091,22,4,5,Spring
2025-05-23 23:00:00,26.8,30.40595108210208,3.605951082102081,3.605951082102081,23,4,5,Spring
2025-05-24 00:00:00,28.1,29.06825432828718,0.968254328287177,0.968254328287177,0,5,5,Spring
2025-05-24 01:00:00,24.8,26.104243459147323,1.3042434591473224,1.3042434591473224,1,5,5,Spring
2025-05-24 02:00:00,27.9,27.181854871196443,-0.7181451288035561,0.7181451288035561,2,5,5,Spring
2025-05-24 03:00:00,30.2,28.611099837847505,-1.5889001621524947,1.5889001621524947,3,5,5,Spring
2025-05-24 04:00:00,25.3,28.708078951648293,3.4080789516482923,3.4080789516482923,4,5,5,Spring
2025-05-24 05:00:00,27.6,30.37636680692258,2.776366806922578,2.776366806922578,5,5,5,Spring
2025-05-24 06:00:00,38.1,35.41377842920716,-2.6862215707928385,2.6862215707928385,6,5,5,Spring
2025-05-24 07:00:00,36.1,36.00550074871714,-0.09449925128286196,0.09449925128286196,7,5,5,Spring
2025-05-24 08:00:00,29.9,33.67984579514008,3.7798457951400835,3.7798457951400835,8,5,5,Spring
2025-05-24 09:00:00,44.9,42.93397171818142,-1.9660282818185806,1.9660282818185806,9,5,5,Spring
2025-05-24 10:00:00,44.2,42.20797292081459,-1.9920270791854122,1.9920270791854122,10,5,5,Spring
2025-05-24 11:00:00,41.0,41.34112429855679,0.3411242985567924,0.3411242985567924,11,5,5,Spring
2025-05-24 12:00:00,38.9,41.42431792242594,2.5243179224259436,2.5243179224259436,12,5,5,Spring
2025-05-24 13:00:00,47.2,45.33920343608929,-1.8607965639107107,1.8607965639107107,13,5,5,Spring
2025-05-24 14:00:00,44.5,43.6983107484862,-0.8016892515137997,0.8016892515137997,14,5,5,Spring
2025-05-24 15:00:00,51.3,45.72899304947544,-5.571006950524556,5.571006950524556,15,5,5,Spring
2025-05-24 16:00:00,41.8,40.04151424977096,-1.7584857502290347,1.7584857502290347,16,5,5,Spring
2025-05-24 17:00:00,39.8,38.48211063851578,-1.3178893614842195,1.3178893614842195,17,5,5,Spring
2025-05-24 18:00:00,35.5,37.110486931128605,1.6104869311286052,1.6104869311286052,18,5,5,Spring
2025-05-24 19:00:00,37.3,36.169728828812346,-1.1302711711876512,1.1302711711876512,19,5,5,Spring
2025-05-24 20:00:00,34.7,33.16092747041638,-1.5390725295836205,1.5390725295836205,20,5,5,Spring
2025-05-24 21:00:00,35.5,33.85817011613939,-1.6418298838606091,1.6418298838606091,21,5,5,Spring
2025-05-24 22:00:00,27.1,29.89011941180105,2.7901194118010473,2.7901194118010473,22,5,5,Spring
2025-05-24 23:00:00,26.7,27.199463787682124,0.4994637876821244,0.4994637876821244,23,5,5,Spring
2025-05-25 00:00:00,26.1,26.678216008710386,0.5782160087103847,0.5782160087103847,0,6,5,Spring
2025-05-25 01:00:00,31.5,29.457953855090278,-2.0420461449097225,2.0420461449097225,1,6,5,Spring
2025-05-25 02:00:00,35.1,32.330662006741434,-2.769337993258567,2.769337993258567,2,6,5,Spring
2025-05-25 03:00:00,28.5,28.764293006427586,0.2642930064275859,0.2642930064275859,3,6,5,Spring
2025-05-25 04:00:00,30.3,31.915194057510973,1.6151940575109727,1.6151940575109727,4,6,5,Spring
2025-05-25 05:00:00,35.2,35.03002826213017,-0.16997173786982955,0.16997173786982955,5,6,5,Spring
2025-05-25 06:00:00,35.0,35.83427067715821,0.8342706771582087,0.8342706771582087,6,6,5,Spring
2025-05-25 07:00:00,41.9,39.236768790396376,-2.663231209603623,2.663231209603623,7,6,5,Spring
2025-05-25 08:00:00,31.0,37.10373249227785,6.1037324922778495,6.1037324922778495,8,6,5,Spring
2025-05-25 09:00:00,38.4,40.00473725097451,1.6047372509745088,1.6047372509745088,9,6,5,Spring
2025-05-25 10:00:00,39.8,40.30881089275844,0.50881089275844,0.50881089275844,10,6,5,Spring
2025-05-25 11:00:00,34.5,38.846982443542274,4.346982443542274,4.346982443542274,11,6,5,Spring
2025-05-25 12:00:00,40.2,40.539653326883375,0.33965332688337213,0.33965332688337213,12,6,5,Spring
2025-05-25 13:00:00,40.1,41.20489447688625,1.1048944768862512,1.1048944768862512,13,6,5,Spring
2025-05-25 14:00:00,42.1,40.76439851561772,-1.3356014843822805,1.3356014843822805,14,6,5,Spring
2025-05-25 15:00:00,46.1,42.4977227730744,-3.602277226925601,3.602277226925601,15,6,5,Spring
2025-05-25 16:00:00,39.0,39.990181506114546,0.9901815061145456,0.9901815061145456,16,6,5,Spring
2025-05-25 17:00:00,34.0,36.907823595699426,2.9078235956994263,2.9078235956994263,17,6,5,Spring
2025-05-25 18:00:00,35.8,35.63131186327075,-0.16868813672924432,0.16868813672924432,18,6,5,Spring
2025-05-25 19:00:00,38.1,34.84168050163366,-3.2583194983663404,3.2583194983663404,19,6,5,Spring
2025-05-25 20:00:00,28.1,31.046159907608473,2.9461599076084717,2.9461599076084717,20,6,5,Spring
2025-05-25 21:00:00,26.7,28.84012693731042,2.14012693731042,2.14012693731042,21,6,5,Spring
2025-05-25 22:00:00,31.3,28.237913192194732,-3.0620868078052688,3.0620868078052688,22,6,5,Spring
2025-05-25 23:00:00,27.4,27.02800723800427,-0.3719927619957275,0.3719927619957275,23,6,5,Spring
2025-05-26 00:00:00,35.5,34.040104453151486,-1.4598955468485144,1.4598955468485144,0,0,5,Spring
2025-05-26 01:00:00,33.1,32.547479999487116,-0.5525200005128852,0.5525200005128852,1,0,5,Spring
2025-05-26 02:00:00,36.8,35.99008295674278,-0.8099170432572151,0.8099170432572151,2,0,5,Spring
2025-05-26 03:00:00,31.1,34.489323179570064,3.389323179570063,3.389323179570063,3,0,5,Spring
2025-05-26 04:00:00,36.8,36.58940463330375,-0.21059536669624634,0.21059536669624634,4,0,5,Spring
2025-05-26 05:00:00,38.0,37.72911987539534,-0.27088012460465904,0.27088012460465904,5,0,5,Spring
2025-05-26 06:00:00,36.0,39.17207388243176,3.1720738824317607,3.1720738824317607,6,0,5,Spring
2025-05-26 07:00:00,36.7,40.91184152826024,4.211841528260237,4.211841528260237,7,0,5,Spring
2025-05-26 08:00:00,47.6,44.634121804598436,-2.965878195401565,2.965878195401565,8,0,5,Spring
2025-05-26 09:00:00,45.1,45.20091371248227,0.10091371248226721,0.10091371248226721,9,0,5,Spring
2025-05-26 10:00:00,43.7,46.03614988123468,2.3361498812346753,2.3361498812346753,10,0,5,Spring
2025-05-26 11:00:00,48.2,46.69615448509196,-1.5038455149080434,1.5038455149080434,11,0,5,Spring
2025-05-26 12:00:00,53.4,49.62461796626765,-3.775382033732349,3.775382033732349,12,0,5,Spring
2025-05-26 13:00:00,39.5,44.185933900706885,4.685933900706885,4.685933900706885,13,0,5,Spring
2025-05-26 14:00:00,41.8,45.90543752555242,4.105437525552425,4.105437525552425,14,0,5,Spring
2025-05-26 15:00:00,42.8,45.47727883642767,2.677278836427675,2.677278836427675,15,0,5,Spring
2025-05-26 16:00:00,50.7,45.44667506657265,-5.253324933427351,5.253324933427351,16,0,5,Spring
2025-05-26 17:00:00,44.1,43.91376157837771,-0.1862384216222921,0.1862384216222921,17,0,5,Spring
2025-05-26 18:00:00,43.9,42.22219391330544,-1.6778060866945594,1.6778060866945594,18,0,5,Spring
2025-05-26 19:00:00,34.2,37.05350853731931,2.853508537319307,2.853508537319307,19,0,5,Spring
2025-05-26 20:00:00,32.4,35.80684669157078,3.4068466915707845,3.4068466915707845,20,0,5,Spring
2025-05-26 21:00:00,37.0,35.26867478424375,-1.7313252157562502,1.7313252157562502,21,0,5,Spring
2025-05-26 22:00:00,34.2,34.20132230987567,0.0013223098756682816,0.0013223098756682816,22,0,5,Spring
2025-05-26 23:00:00,35.3,34.993165146173254,-0.3068348538267429,0.3068348538267429,23,0,5,Spring
2025-05-27 00:00:00,32.0,32.86652534622281,0.866525346222808,0.866525346222808,0,1,5,Spring
2025-05-27 01:00:00,34.1,33.79461893043508,-0.3053810695649233,0.3053810695649233,1,1,5,Spring
2025-05-27 02:00:00,34.4,33.93930986001684,-0.4606901399831571,0.4606901399831571,2,1,5,Spring
2025-05-27 03:00:00,38.2,36.21025379513225,-1.9897462048677497,1.9897462048677497,3,1,5,Spring
2025-05-27 04:00:00,40.0,37.47609250237813,-2.5239074976218703,2.5239074976218703,4,1,5,Spring
2025-05-27 05:00:00,32.2,37.001513384055485,4.8015133840554824,4.8015133840554824,5,1,5,Spring
2025-05-27 06:00:00,31.7,36.18324007277137,4.48324007277137,4.48324007277137,6,1,5,Spring
2025-05-27 07:00:00,46.8,43.09059532337995,-3.7094046766200464,3.7094046766200464,7,1,5,Spring
2025-05-27 08:00:00,49.5,44.18162787709545,-5.318372122904549,5.318372122904549,8,1,5,Spring
2025-05-27 09:00:00,42.3,44.42128102887581,2.1212810288758135,2.1212810288758135,9,1,5,Spring
2025-05-27 10:00:00,40.2,45.08777642194668,4.8877764219466755,4.8877764219466755,10,1,5,Spring
2025-05-27 11:00:00,48.9,48.01957004210449,-0.8804299578955082,0.8804299578955082,11,1,5,Spring
2025-05-27 12:00:00,52.5,50.1057252965435,-2.394274703456503,2.394274703456503,12,1,5,Spring
2025-05-27 13:00:00,55.7,50.439363939032575,-5.260636060967428,5.260636060967428,13,1,5,Spring
2025-05-27 14:00:00,49.7,48.88958132746059,-0.8104186725394129,0.8104186725394129,14,1,5,Spring
2025-05-27 15:00:00,44.9,45.92437687838929,1.0243768783892904,1.0243768783892904,15,1,5,Spring
2025-05-27 16:00:00,41.2,43.510538358112015,2.3105383581120122,2.3105383581120122,16,1,5,Spring
2025-05-27 17:00:00,42.9,41.83717272565984,-1.0628272743401581,1.0628272743401581,17,1,5,Spring
2025-05-27 18:00:00,39.5,40.53523048104828,1.0352304810482806,1.0352304810482806,18,1,5,Spring
2025-05-27 19:00:00,34.6,36.53607943379513,1.936079433795129,1.936079433795129,19,1,5,Spring
2025-05-27 20:00:00,44.9,39.5088034583641,-5.3911965416359,5.3911965416359,20,1,5,Spring
2025-05-27 21:00:00,42.2,37.2663763760834,-4.933623623916603,4.933623623916603,21,1,5,Spring
2025-05-27 22:00:00,38.4,36.722863275635824,-1.6771367243641748,1.6771367243641748,22,1,5,Spring
2025-05-27 23:00:00,29.3,32.7583925759532,3.4583925759532015,3.4583925759532015,23,1,5,Spring
2025-05-28 00:00:00,36.0,34.55613545583077,-1.4438645441692302,1.4438645441692302,0,2,5,Spring
2025-05-28 01:00:00,35.4,32.86755850328096,-2.532441496719038,2.532441496719038,1,2,5,Spring
2025-05-28 02:00:00,35.4,34.74753634959135,-0.6524636504086487,0.6524636504086487,2,2,5,Spring
2025-05-28 03:00:00,39.9,37.453302816116334,-2.446697183883664,2.446697183883664,3,2,5,Spring
2025-05-28 04:00:00,39.1,37.150386217497996,-1.9496137825020057,1.9496137825020057,4,2,5,Spring
2025-05-28 05:00:00,41.5,38.277457408098726,-3.2225425919012736,3.2225425919012736,5,2,5,Spring
2025-05-28 06:00:00,43.1,39.83726344133601,-3.2627365586639883,3.2627365586639883,6,2,5,Spring
2025-05-28 07:00:00,44.0,42.668028033789,-1.3319719662110003,1.3319719662110003,7,2,5,Spring
2025-05-28 08:00:00,37.5,43.5809015019681,6.0809015019681,6.0809015019681,8,2,5,Spring
2025-05-28 09:00:00,46.6,45.89114737982129,-0.7088526201787104,0.7088526201787104,9,2,5,Spring
2025-05-28 10:00:00,45.3,45.54291762751206,0.24291762751206392,0.24291762751206392,10,2,5,Spring
2025-05-28 11:00:00,43.2,46.38139043732922,3.1813904373292203,3.1813904373292203,11,2,5,Spring
2025-05-28 12:00:00,55.3,53.01737412730577,-2.2826258726942257,2.2826258726942257,12,2,5,Spring
2025-05-28 13:00:00,55.2,52.96681829590675,-2.233181704093255,2.233181704093255,13,2,5,Spring
2025-05-28 14:00:00,53.0,50.71293955387751,-2.2870604461224886,2.2870604461224886,14,2,5,Spring
2025-05-28 15:00:00,47.3,48.29604819773588,0.996048197735881,0.996048197735881,15,2,5,Spring
2025-05-28 16:00:00,50.0,48.4651595731489,-1.5348404268510976,1.5348404268510976,16,2,5,Spring
2025-05-28 17:00:00,42.7,42.721559814335215,0.02155981433521248,0.02155981433521248,17,2,5,Spring
2025-05-28 18:00:00,41.4,41.058551823429276,-0.34144817657072224,0.34144817657072224,18,2,5,Spring
2025-05-28 19:00:00,34.2,34.72644429431178,0.52644429431178,0.52644429431178,19,2,5,Spring
2025-05-28 20:00:00,38.2,38.3944964504192,0.1944964504191944,0.1944964504191944,20,2,5,Spring
2025-05-28 21:00:00,35.2,36.07206357355928,0.8720635735592737,0.8720635735592737,21,2,5,Spring
2025-05-28 22:00:00,28.5,32.592284170514255,4.0922841705142545,4.0922841705142545,22,2,5,Spring
2025-05-28 23:00:00,32.7,33.01066060435804,0.3106606043580342,0.3106606043580342,23,2,5,Spring
2025-05-29 00:00:00,32.1,33.07326427038585,0.9732642703858474,0.9732642703858474,0,3,5,Spring
2025-05-29 01:00:00,39.9,33.72270997232482,-6.177290027675177,6.177290027675177,1,3,5,Spring
2025-05-29 02:00:00,37.1,34.92056616553335,-2.17943383446665,2.17943383446665,2,3,5,Spring
2025-05-29 03:00:00,34.8,35.55854102885652,0.75854102885652,0.75854102885652,3,3,5,Spring
2025-05-29 04:00:00,37.4,38.627931355353766,1.2279313553537676,1.2279313553537676,4,3,5,Spring
2025-05-29 05:00:00,38.6,38.49343504589185,-0.10656495410815126,0.10656495410815126,5,3,5,Spring
2025-05-29 06:00:00,39.6,40.69061851596401,1.0906185159640103,1.0906185159640103,6,3,5,Spring
2025-05-29 07:00:00,38.2,42.29170494530781,4.091704945307811,4.091704945307811,7,3,5,Spring
2025-05-29 08:00:00,43.8,43.95319660596438,0.15319660596438212,0.15319660596438212,8,3,5,Spring
2025-05-29 09:00:00,43.1,44.83295692145902,1.7329569214590208,1.7329569214590208,9,3,5,Spring
2025-05-29 10:00:00,42.4,44.87101843819773,2.4710184381977314,2.4710184381977314,10,3,5,Spring
2025-05-29 11:00:00,50.2,48.76799576127295,-1.4320042387270533,1.4320042387270533,11,3,5,Spring
2025-05-29 12:00:00,50.0,48.43105351433902,-1.5689464856609803,1.5689464856609803,12,3,5,Spring
2025-05-29 13:00:00,41.0,45.56186991784699,4.561869917846991,4.561869917846991,13,3,5,Spring
2025-05-29 14:00:00,46.9,47.90396767001576,1.0039676700157614,1.0039676700157614,14,3,5,Spring
2025-05-29 15:00:00,50.1,47.338453089369075,-2.7615469106309263,2.7615469106309263,15,3,5,Spring
2025-05-29 16:00:00,48.7,47.15381071534283,-1.5461892846571743,1.5461892846571743,16,3,5,Spring
2025-05-29 17:00:00,46.6,44.51500583279592,-2.08499416720408,2.08499416720408,17,3,5,Spring
2025-05-29 18:00:00,40.6,41.76413854669998,1.1641385466999807,1.1641385466999807,18,3,5,Spring
2025-05-29 19:00:00,35.0,36.38953443579649,1.3895344357964916,1.3895344357964916,19,3,5,Spring
2025-05-29 20:00:00,32.1,35.29445134332376,3.194451343323756,3.194451343323756,20,3,5,Spring
2025-05-29 21:00:00,36.2,35.34256541410756,-0.8574345858924417,0.8574345858924417,21,3,5,Spring
2025-05-29 22:00:00,35.0,34.76880708318822,-0.23119291681177856,0.23119291681177856,22,3,5,Spring
2025-05-29 23:00:00,37.9,35.784031612743526,-2.1159683872564727,2.1159683872564727,23,3,5,Spring
2025-05-30 00:00:00,36.7,34.00544748971131,-2.6945525102886947,2.6945525102886947,0,4,5,Spring
2025-05-30 01:00:00,32.1,32.26996463704132,0.1699646370413177,0.1699646370413177,1,4,5,Spring
2025-05-30 02:00:00,28.4,32.49048201127292,4.090482011272918,4.090482011272918,2,4,5,Spring
2025-05-30 03:00:00,33.4,34.364585523749135,0.9645855237491361,0.9645855237491361,3,4,5,Spring
2025-05-30 04:00:00,37.2,35.48351843102302,-1.716481568976981,1.716481568976981,4,4,5,Spring
2025-05-30 05:00:00,37.4,39.78851347736052,2.3885134773605188,2.3885134773605188,5,4,5,Spring
2025-05-30 06:00:00,38.0,40.08015420321222,2.080154203212217,2.080154203212217,6,4,5,Spring
2025-05-30 07:00:00,43.4,42.67411963572228,-0.725880364277721,0.725880364277721,7,4,5,Spring
2025-05-30 08:00:00,42.3,43.59758525720926,1.2975852572092634,1.2975852572092634,8,4,5,Spring
2025-05-30 09:00:00,43.5,44.82707590041137,1.3270759004113728,1.3270759004113728,9,4,5,Spring
2025-05-30 10:00:00,48.5,48.36150865922473,-0.1384913407752677,0.1384913407752677,10,4,5,Spring
2025-05-30 11:00:00,46.4,46.05961380938711,-0.34038619061288955,0.34038619061288955,11,4,5,Spring
2025-05-30 12:00:00,49.3,48.402007123202424,-0.8979928767975736,0.8979928767975736,12,4,5,Spring
2025-05-30 13:00:00,49.1,48.67212736437272,-0.4278726356272813,0.4278726356272813,13,4,5,Spring
2025-05-30 14:00:00,42.7,44.83161601260196,2.1316160126019597,2.1316160126019597,14,4,5,Spring
2025-05-30 15:00:00,44.0,44.34182643787199,0.34182643787198685,0.34182643787198685,15,4,5,Spring
2025-05-30 16:00:00,50.1,47.14665566778393,-2.9533443322160693,2.9533443322160693,16,4,5,Spring
2025-05-30 17:00:00,37.7,40.39640107962668,2.696401079626675,2.696401079626675,17,4,5,Spring
2025-05-30 18:00:00,31.8,37.659068199694055,5.859068199694054,5.859068199694054,18,4,5,Spring
2025-05-30 19:00:00,30.8,33.932529851203604,3.1325298512036035,3.1325298512036035,19,4,5,Spring
2025-05-30 20:00:00,36.4,36.267545577046484,-0.13245442295351495,0.13245442295351495,20,4,5,Spring
2025-05-30 21:00:00,34.8,34.60218948811547,-0.19781051188452636,0.19781051188452636,21,4,5,Spring
2025-05-30 22:00:00,32.9,32.33403813586792,-0.5659618641320776,0.5659618641320776,22,4,5,Spring
2025-05-30 23:00:00,37.4,33.71967909465559,-3.6803209053444093,3.6803209053444093,23,4,5,Spring
2025-05-31 00:00:00,16.5,21.642803877064427,5.142803877064427,5.142803877064427,0,5,5,Spring
2025-05-31 01:00:00,29.0,29.070211585386733,0.07021158538673333,0.07021158538673333,1,5,5,Spring
2025-05-31 02:00:00,34.5,30.197118934131314,-4.302881065868686,4.302881065868686,2,5,5,Spring
2025-05-31 03:00:00,25.0,27.353243283352366,2.3532432833523664,2.3532432833523664,3,5,5,Spring
2025-05-31 04:00:00,29.6,30.08053833902001,0.48053833902000775,0.48053833902000775,4,5,5,Spring
2025-05-31 05:00:00,30.1,31.27358767934785,1.1735876793478504,1.1735876793478504,5,5,5,Spring
2025-05-31 06:00:00,31.6,33.30990519691182,1.7099051969118193,1.7099051969118193,6,5,5,Spring
2025-05-31 07:00:00,35.9,36.279022259347485,0.37902225934748657,0.37902225934748657,7,5,5,Spring
2025-05-31 08:00:00,44.9,41.33114800336394,-3.568851996636056,3.568851996636056,8,5,5,Spring
2025-05-31 09:00:00,48.2,44.638392923860664,-3.561607076139339,3.561607076139339,9,5,5,Spring
2025-05-31 10:00:00,40.7,42.67943707878049,1.9794370787804851,1.9794370787804851,10,5,5,Spring
2025-05-31 11:00:00,50.5,47.29684865097274,-3.2031513490272587,3.2031513490272587,11,5,5,Spring
2025-05-31 12:00:00,43.3,44.33509804509203,1.0350980450920346,1.0350980450920346,12,5,5,Spring
2025-05-31 13:00:00,49.9,47.08338007376745,-2.8166199262325478,2.8166199262325478,13,5,5,Spring
2025-05-31 14:00:00,41.7,42.90286277954119,1.202862779541185,1.202862779541185,14,5,5,Spring
2025-05-31 15:00:00,41.3,41.62048280393749,0.3204828039374945,0.3204828039374945,15,5,5,Spring
2025-05-31 16:00:00,40.6,41.960845389157676,1.3608453891576744,1.3608453891576744,16,5,5,Spring
2025-05-31 17:00:00,49.9,42.54975546393133,-7.350244536068672,7.350244536068672,17,5,5,Spring
2025-05-31 18:00:00,38.6,37.313753010819454,-1.2862469891805475,1.2862469891805475,18,5,5,Spring
2025-05-31 19:00:00,30.3,33.08550781829471,2.7855078182947075,2.7855078182947075,19,5,5,Spring
2025-05-31 20:00:00,35.0,33.380029172761475,-1.6199708272385251,1.6199708272385251,20,5,5,Spring
2025-05-31 21:00:00,28.1,29.88196077725331,1.7819607772533068,1.7819607772533068,21,5,5,Spring
2025-05-31 22:00:00,26.3,27.693060227315975,1.3930602273159742,1.3930602273159742,22,5,5,Spring
2025-05-31 23:00:00,31.1,29.500891020858976,-1.5991089791410253,1.5991089791410253,23,5,5,Spring
2025-06-01 00:00:00,27.1,28.014262787713978,0.9142627877139766,0.9142627877139766,0,6,6,Summer
2025-06-01 01:00:00,28.4,27.613615309504393,-0.7863846904956056,0.7863846904956056,1,6,6,Summer
2025-06-01 02:00:00,28.1,29.29650534826033,1.1965053482603274,1.1965053482603274,2,6,6,Summer
2025-06-01 03:00:00,30.7,28.701580408638257,-1.998419591361742,1.998419591361742,3,6,6,Summer
2025-06-01 04:00:00,32.7,30.71108422050104,-1.9889157794989636,1.9889157794989636,4,6,6,Summer
2025-06-01 05:00:00,25.2,31.148764021621243,5.948764021621244,5.948764021621244,5,6,6,Summer
2025-06-01 06:00:00,37.7,34.42848197020562,-3.271518029794386,3.271518029794386,6,6,6,Summer
2025-06-01 07:00:00,33.2,35.84775980876754,2.647759808767539,2.647759808767539,7,6,6,Summer
2025-06-01 08:00:00,33.2,35.80928406392559,2.6092840639255854,2.6092840639255854,8,6,6,Summer
2025-06-01 09:00:00,40.4,39.97999799467693,-0.4200020053230702,0.4200020053230702,9,6,6,Summer
2025-06-01 10:00:00,42.3,41.255285756118745,-1.044714243881252,1.044714243881252,10,6,6,Summer
2025-06-01 11:00:00,40.0,40.503187606684946,0.5031876066849463,0.5031876066849463,11,6,6,Summer
2025-06-01 12:00:00,46.3,42.3851124745526,-3.914887525447398,3.914887525447398,12,6,6,Summer
2025-06-01 13:00:00,37.4,39.49749160374231,2.097491603742313,2.097491603742313,13,6,6,Summer
2025-06-01 14:00:00,40.3,39.77295618614073,-0.5270438138592652,0.5270438138592652,14,6,6,Summer
2025-06-01 15:00:00,38.3,40.352142840401505,2.0521428404015083,2.0521428404015083,15,6,6,Summer
2025-06-01 16:00:00,38.8,39.09055090586315,0.29055090586314947,0.29055090586314947,16,6,6,Summer
2025-06-01 17:00:00,38.2,36.94565060076898,-1.2543493992310246,1.2543493992310246,17,6,6,Summer
2025-06-01 18:00:00,31.0,32.801036908993495,1.8010369089934954,1.8010369089934954,18,6,6,Summer
2025-06-01 19:00:00,35.8,32.73182858559486,-3.0681714144051355,3.0681714144051355,19,6,6,Summer
2025-06-01 20:00:00,31.3,29.837906797105102,-1.4620932028948985,1.4620932028948985,20,6,6,Summer
2025-06-01 21:00:00,21.8,26.77159153894301,4.971591538943009,4.971591538943009,21,6,6,Summer
2025-06-01 22:00:00,20.2,25.452760168263115,5.252760168263116,5.252760168263116,22,6,6,Summer
2025-06-01 23:00:00,27.2,26.57280868040882,-0.62719131959118,0.62719131959118,23,6,6,Summer
2025-06-02 00:00:00,31.0,31.02093490029034,0.02093490029033873,0.02093490029033873,0,0,6,Summer
2025-06-02 01:00:00,31.7,30.117418782785894,-1.5825812172141056,1.5825812172141056,1,0,6,Summer
2025-06-02 02:00:00,32.8,32.974081351168934,0.17408135116893675,0.17408135116893675,2,0,6,Summer
2025-06-02 03:00:00,35.1,33.988025608615764,-1.111974391384237,1.111974391384237,3,0,6,Summer
2025-06-02 04:00:00,39.7,36.325424274107114,-3.374575725892889,3.374575725892889,4,0,6,Summer
2025-06-02 05:00:00,33.3,35.30940717704461,2.009407177044615,2.009407177044615,5,0,6,Summer
2025-06-02 06:00:00,35.2,36.624133047481585,1.4241330474815825,1.4241330474815825,6,0,6,Summer
2025-06-02 07:00:00,37.6,38.71387724374847,1.113877243748469,1.113877243748469,7,0,6,Summer
2025-06-02 08:00:00,45.0,43.95299564767886,-1.0470043523211388,1.0470043523211388,8,0,6,Summer
2025-06-02 09:00:00,50.5,47.79084955921408,-2.709150440785919,2.709150440785919,9,0,6,Summer
2025-06-02 10:00:00,45.1,47.00473836964786,1.904738369647859,1.904738369647859,10,0,6,Summer
2025-06-02 11:00:00,37.6,42.450140296957755,4.850140296957754,4.850140296957754,11,0,6,Summer
2025-06-02 12:00:00,41.0,44.66829563768851,3.6682956376885087,3.6682956376885087,12,0,6,Summer
2025-06-02 13:00:00,44.3,44.780639142965065,0.4806391429650674,0.4806391429650674,13,0,6,Summer
2025-06-02 14:00:00,44.6,43.841398251439244,-0.758601748560757,0.758601748560757,14,0,6,Summer
2025-06-02 15:00:00,43.9,43.74731426390936,-0.15268573609063907,0.15268573609063907,15,0,6,Summer
2025-06-02 16:00:00,44.0,43.1456163130155,-0.8543836869844981,0.8543836869844981,16,0,6,Summer
2025-06-02 17:00:00,40.7,40.54750550344906,-0.15249449655094338,0.15249449655094338,17,0,6,Summer
2025-06-02 18:00:00,44.1,40.63845470933199,-3.4615452906680133,3.4615452906680133,18,0,6,Summer
2025-06-02 19:00:00,35.1,35.394404853454,0.29440485345399736,0.29440485345399736,19,0,6,Summer
2025-06-02 20:00:00,32.4,33.993298282985045,1.593298282985046,1.593298282985046,20,0,6,Summer
2025-06-02 21:00:00,36.1,33.354771691900595,-2.7452283080994064,2.7452283080994064,21,0,6,Summer
2025-06-02 22:00:00,26.8,29.161135249206723,2.361135249206722,2.361135249206722,22,0,6,Summer
2025-06-02 23:00:00,33.7,33.07057891424857,-0.6294210857514315,0.6294210857514315,23,0,6,Summer
2025-06-03 00:00:00,32.1,30.132748993524313,-1.9672510064756885,1.9672510064756885,0,1,6,Summer
2025-06-03 01:00:00,31.4,32.41270041050638,1.0127004105063833,1.0127004105063833,1,1,6,Summer
2025-06-03 02:00:00,39.1,34.45924259293123,-4.640757407068769,4.640757407068769,2,1,6,Summer
2025-06-03 03:00:00,31.6,33.19219265512186,1.5921926551218561,1.5921926551218561,3,1,6,Summer
2025-06-03 04:00:00,44.0,39.16750045036041,-4.832499549639593,4.832499549639593,4,1,6,Summer
2025-06-03 05:00:00,36.7,35.678976482301664,-1.0210235176983389,1.0210235176983389,5,1,6,Summer
2025-06-03 06:00:00,34.6,37.15269046966815,2.55269046966815,2.55269046966815,6,1,6,Summer
2025-06-03 07:00:00,42.1,42.27652100152326,0.17652100152325545,0.17652100152325545,7,1,6,Summer
2025-06-03 08:00:00,39.4,42.187490176313815,2.787490176313817,2.787490176313817,8,1,6,Summer
2025-06-03 09:00:00,42.4,44.496819859744896,2.0968198597448975,2.0968198597448975,9,1,6,Summer
2025-06-03 10:00:00,48.2,46.49407739869484,-1.7059226013051614,1.7059226013051614,10,1,6,Summer
2025-06-03 11:00:00,49.7,47.054543851222,-2.6454561487780026,2.6454561487780026,11,1,6,Summer
2025-06-03 12:00:00,45.2,47.17480688031314,1.974806880313139,1.974806880313139,12,1,6,Summer
2025-06-03 13:00:00,51.4,49.469465568022784,-1.9305344319772146,1.9305344319772146,13,1,6,Summer
2025-06-03 14:00:00,51.3,48.30517636753074,-2.994823632469256,2.994823632469256,14,1,6,Summer
2025-06-03 15:00:00,51.1,48.98581490216709,-2.114185097832909,2.114185097832909,15,1,6,Summer
2025-06-03 16:00:00,45.8,45.3281194424146,-0.4718805575854006,0.4718805575854006,16,1,6,Summer
2025-06-03 17:00:00,47.2,44.34265324632001,-2.857346753679991,2.857346753679991,17,1,6,Summer
2025-06-03 18:00:00,32.2,36.82848309461006,4.628483094610054,4.628483094610054,18,1,6,Summer
2025-06-03 19:00:00,36.4,36.85676563620566,0.4567656362056596,0.4567656362056596,19,1,6,Summer
2025-06-03 20:00:00,32.2,34.07533758346612,1.87533758346612,1.87533758346612,20,1,6,Summer
2025-06-03 21:00:00,34.5,32.823147794318885,-1.676852205681115,1.676852205681115,21,1,6,Summer
2025-06-03 22:00:00,30.5,30.54186266469408,0.0418626646940794,0.0418626646940794,22,1,6,Summer
2025-06-03 23:00:00,31.3,32.564481081029385,1.264481081029384,1.264481081029384,23,1,6,Summer
2025-06-04 00:00:00,39.1,35.82031054632438,-3.2796894536756227,3.2796894536756227,0,2,6,Summer
2025-06-04 01:00:00,31.2,31.3593811813444,0.1593811813444006,0.1593811813444006,1,2,6,Summer
2025-06-04 02:00:00,34.3,34.794844351146885,0.4948443511468881,0.4948443511468881,2,2,6,Summer
2025-06-04 03:00:00,33.0,34.119852006908,1.1198520069079976,1.1198520069079976,3,2,6,Summer
2025-06-04 04:00:00,35.9,35.98761719485336,0.08761719485335817,0.08761719485335817,4,2,6,Summer
2025-06-04 05:00:00,37.5,36.66629769619284,-0.8337023038071578,0.8337023038071578,5,2,6,Summer
2025-06-04 06:00:00,41.4,39.084056518965305,-2.3159434810346937,2.3159434810346937,6,2,6,Summer
2025-06-04 07:00:00,46.3,42.92214640157853,-3.377853598421467,3.377853598421467,7,2,6,Summer
2025-06-04 08:00:00,50.1,46.516854212893975,-3.5831457871060266,3.5831457871060266,8,2,6,Summer
2025-06-04 09:00:00,46.5,46.502151293141715,0.002151293141714916,0.002151293141714916,9,2,6,Summer
2025-06-04 10:00:00,48.8,49.05036888482075,0.2503688848207517,0.2503688848207517,10,2,6,Summer
2025-06-04 11:00:00,42.7,46.84697233504028,4.1469723350402745,4.1469723350402745,11,2,6,Summer
2025-06-04 12:00:00,47.2,47.59348606513113,0.39348606513112827,0.39348606513112827,12,2,6,Summer
2025-06-04 13:00:00,51.0,49.21031877152145,-1.7896812284785497,1.7896812284785497,13,2,6,Summer
2025-06-04 14:00:00,50.0,48.596790191270586,-1.4032098087294145,1.4032098087294145,14,2,6,Summer
2025-06-04 15:00:00,46.1,46.54610092485735,0.44610092485734754,0.44610092485734754,15,2,6,Summer
2025-06-04 16:00:00,47.1,46.112731157766966,-0.9872688422330356,0.9872688422330356,16,2,6,Summer
2025-06-04 17:00:00,43.6,42.296017136571145,-1.3039828634288568,1.3039828634288568,17,2,6,Summer
2025-06-04 18:00:00,44.4,42.13670718179052,-2.2632928182094787,2.2632928182094787,18,2,6,Summer
2025-06-04 19:00:00,38.6,37.08297751450409,-1.5170224854959145,1.5170224854959145,19,2,6,Summer
2025-06-04 20:00:00,34.1,35.43807419636242,1.3380741963624203,1.3380741963624203,20,2,6,Summer
2025-06-04 21:00:00,35.2,33.096286528658254,-2.1037134713417487,2.1037134713417487,21,2,6,Summer
2025-06-04 22:00:00,20.9,27.16798184264102,6.267981842641021,6.267981842641021,22,2,6,Summer
2025-06-04 23:00:00,33.4,30.71434925459507,-2.685650745404928,2.685650745404928,23,2,6,Summer
2025-06-05 00:00:00,16.8,24.941703445824942,8.141703445824941,8.141703445824941,0,3,6,Summer
2025-06-05 01:00:00,24.8,28.443833206133622,3.643833206133621,3.643833206133621,1,3,6,Summer
2025-06-05 02:00:00,34.3,32.635338016607555,-1.6646619833924419,1.6646619833924419,2,3,6,Summer
2025-06-05 03:00:00,35.7,32.45613980062629,-3.2438601993737137,3.2438601993737137,3,3,6,Summer
2025-06-05 04:00:00,30.8,33.91798385632627,3.1179838563262727,3.1179838563262727,4,3,6,Summer
2025-06-05 05:00:00,34.5,36.02921348423696,1.529213484236962,1.529213484236962,5,3,6,Summer
2025-06-05 06:00:00,44.9,40.60630558073964,-4.293694419260362,4.293694419260362,6,3,6,Summer
2025-06-05 07:00:00,39.5,40.96931357977078,1.4693135797707768,1.4693135797707768,7,3,6,Summer
2025-06-05 08:00:00,52.4,46.662533227010925,-5.737466772989073,5.737466772989073,8,3,6,Summer
2025-06-05 09:00:00,45.1,45.29970273702544,0.19970273702544006,0.19970273702544006,9,3,6,Summer
2025-06-05 10:00:00,48.0,47.10840375527572,-0.8915962447242833,0.8915962447242833,10,3,6,Summer
2025-06-05 11:00:00,53.6,49.27735088406346,-4.322649115936542,4.322649115936542,11,3,6,Summer
2025-06-05 12:00:00,47.9,46.9019417433516,-0.9980582566483989,0.9980582566483989,12,3,6,Summer
2025-06-05 13:00:00,43.1,45.54334741969209,2.4433474196920884,2.4433474196920884,13,3,6,Summer
2025-06-05 14:00:00,45.9,45.326830069149075,-0.5731699308509235,0.5731699308509235,14,3,6,Summer
2025-06-05 15:00:00,44.9,44.34490033287284,-0.5550996671271591,0.5550996671271591,15,3,6,Summer
2025-06-05 16:00:00,37.9,41.00295460183237,3.102954601832373,3.102954601832373,16,3,6,Summer
2025-06-05 17:00:00,40.5,40.53797006255136,0.03797006255135926,0.03797006255135926,17,3,6,Summer
2025-06-05 18:00:00,36.4,36.34991075215207,-0.050089247847928675,0.050089247847928675,18,3,6,Summer
2025-06-05 19:00:00,41.0,37.276922156249285,-3.7230778437507155,3.7230778437507155,19,3,6,Summer
2025-06-05 20:00:00,35.5,34.98664196682695,-0.5133580331730485,0.5133580331730485,20,3,6,Summer
2025-06-05 21:00:00,32.6,33.38445789857389,0.7844578985738906,0.7844578985738906,21,3,6,Summer
2025-06-05 22:00:00,32.1,32.07965192480763,-0.02034807519237347,0.02034807519237347,22,3,6,Summer
2025-06-05 23:00:00,32.6,33.35561049890742,0.7556104989074157,0.7556104989074157,23,3,6,Summer
2025-06-06 00:00:00,33.7,33.1215127434138,-0.5784872565862003,0.5784872565862003,0,4,6,Summer
2025-06-06 01:00:00,27.5,28.75701223533283,1.2570122353328301,1.2570122353328301,1,4,6,Summer
2025-06-06 02:00:00,28.2,31.038959079753674,2.838959079753675,2.838959079753675,2,4,6,Summer
2025-06-06 03:00:00,38.0,35.12175094286947,-2.8782490571305317,2.8782490571305317,3,4,6,Summer
2025-06-06 04:00:00,33.6,34.1945576869851,0.5945576869850981,0.5945576869850981,4,4,6,Summer
2025-06-06 05:00:00,31.5,35.22380865490156,3.7238086549015605,3.7238086549015605,5,4,6,Summer
2025-06-06 06:00:00,41.0,40.204297131586166,-0.7957028684138336,0.7957028684138336,6,4,6,Summer
2025-06-06 07:00:00,43.2,42.550491408508506,-0.6495085914914966,0.6495085914914966,7,4,6,Summer
2025-06-06 08:00:00,37.1,42.73742154408087,5.6374215440808655,5.6374215440808655,8,4,6,Summer
2025-06-06 09:00:00,45.8,44.09328746092272,-1.7067125390772802,1.7067125390772802,9,4,6,Summer
2025-06-06 10:00:00,49.1,47.54845920459256,-1.5515407954074405,1.5515407954074405,10,4,6,Summer
2025-06-06 11:00:00,48.5,46.5538394522957,-1.9461605477043022,1.9461605477043022,11,4,6,Summer
2025-06-06 12:00:00,49.8,47.09832018577,-2.7016798142299976,2.7016798142299976,12,4,6,Summer
2025-06-06 13:00:00,41.4,45.19353670605768,3.7935367060576795,3.7935367060576795,13,4,6,Summer
2025-06-06 14:00:00,47.5,46.218271044101165,-1.281728955898835,1.281728955898835,14,4,6,Summer
2025-06-06 15:00:00,43.7,44.06520376488148,0.3652037648814783,0.3652037648814783,15,4,6,Summer
2025-06-06 16:00:00,41.3,42.46805633477729,1.1680563347772903,1.1680563347772903,16,4,6,Summer
2025-06-06 17:00:00,44.8,41.88783982081874,-2.9121601791812566,2.9121601791812566,17,4,6,Summer
2025-06-06 18:00:00,45.2,42.693412927228124,-2.506587072771879,2.506587072771879,18,4,6,Summer
2025-06-06 19:00:00,44.4,40.83410999354506,-3.5658900064549357,3.5658900064549357,19,4,6,Summer
2025-06-06 20:00:00,40.5,36.772667346920635,-3.7273326530793653,3.7273326530793653,20,4,6,Summer
2025-06-06 21:00:00,33.2,34.25702645908503,1.05702645908503,1.05702645908503,21,4,6,Summer
2025-06-06 22:00:00,33.7,32.55939470040012,-1.1406052995998834,1.1406052995998834,22,4,6,Summer
2025-06-06 23:00:00,34.6,33.63314144698139,-0.9668585530186107,0.9668585530186107,23,4,6,Summer
2025-06-07 00:00:00,26.6,26.729068392129676,0.1290683921296747,0.1290683921296747,0,5,6,Summer
2025-06-07 01:00:00,26.9,27.607881929052468,0.7078819290524692,0.7078819290524692,1,5,6,Summer
2025-06-07 02:00:00,30.5,29.85257006052009,-0.6474299394799097,0.6474299394799097,2,5,6,Summer
2025-06-07 03:00:00,28.2,28.100637121549745,-0.09936287845025404,0.09936287845025404,3,5,6,Summer
2025-06-07 04:00:00,27.2,28.9332503545059,1.733250354505902,1.733250354505902,4,5,6,Summer
2025-06-07 05:00:00,30.4,30.857333620294497,0.45733362029449864,0.45733362029449864,5,5,6,Summer
2025-06-07 06:00:00,36.6,35.804211628578145,-0.7957883714218568,0.7957883714218568,6,5,6,Summer
2025-06-07 07:00:00,36.2,36.81831414799061,0.6183141479906098,0.6183141479906098,7,5,6,Summer
2025-06-07 08:00:00,39.5,40.02853280313608,0.5285328031360805,0.5285328031360805,8,5,6,Summer
2025-06-07 09:00:00,42.4,41.44009281076578,-0.9599071892342153,0.9599071892342153,9,5,6,Summer
2025-06-07 10:00:00,39.5,41.61796013936262,2.117960139362623,2.117960139362623,10,5,6,Summer
2025-06-07 11:00:00,44.8,44.17287241186391,-0.6271275881360907,0.6271275881360907,11,5,6,Summer
2025-06-07 12:00:00,43.6,44.008651842485534,0.40865184248553277,0.40865184248553277,12,5,6,Summer
2025-06-07 13:00:00,36.9,40.45219645443299,3.5521964544329947,3.5521964544329947,13,5,6,Summer
2025-06-07 14:00:00,46.8,43.17461692808074,-3.6253830719192592,3.6253830719192592,14,5,6,Summer
2025-06-07 15:00:00,37.7,39.930272939482975,2.2302729394829726,2.2302729394829726,15,5,6,Summer
2025-06-07 16:00:00,31.5,35.383143910707325,3.883143910707325,3.883143910707325,16,5,6,Summer
2025-06-07 17:00:00,32.0,34.27011747783805,2.270117477838049,2.270117477838049,17,5,6,Summer
2025-06-07 18:00:00,30.0,32.48610266559076,2.4861026655907565,2.4861026655907565,18,5,6,Summer
2025-06-07 19:00:00,32.2,30.86588892428975,-1.3341110757102541,1.3341110757102541,19,5,6,Summer
2025-06-07 20:00:00,29.0,30.774331101329032,1.7743311013290324,1.7743311013290324,20,5,6,Summer
2025-06-07 21:00:00,27.1,27.54254113426213,0.4425411342621288,0.4425411342621288,21,5,6,Summer
2025-06-07 22:00:00,29.6,28.381029624151555,-1.2189703758484463,1.2189703758484463,22,5,6,Summer
2025-06-07 23:00:00,27.7,27.29197012309469,-0.4080298769053101,0.4080298769053101,23,5,6,Summer
2025-06-08 00:00:00,27.2,27.03274602984709,-0.16725397015290966,0.16725397015290966,0,6,6,Summer
2025-06-08 01:00:00,27.8,26.822829146998213,-0.9771708530017875,0.9771708530017875,1,6,6,Summer
2025-06-08 02:00:00,29.5,28.45100706675034,-1.0489929332496608,1.0489929332496608,2,6,6,Summer
2025-06-08 03:00:00,19.8,26.972599918037098,7.172599918037097,7.172599918037097,3,6,6,Summer
2025-06-08 04:00:00,28.5,28.716048533306296,0.2160485333062958,0.2160485333062958,4,6,6,Summer
2025-06-08 05:00:00,23.1,27.636511527147835,4.536511527147834,4.536511527147834,5,6,6,Summer
2025-06-08 06:00:00,34.1,32.26051294555729,-1.8394870544427135,1.8394870544427135,6,6,6,Summer
2025-06-08 07:00:00,36.0,35.672592457395965,-0.3274075426040355,0.3274075426040355,7,6,6,Summer
2025-06-08 08:00:00,42.1,38.98169013628368,-3.11830986371632,3.11830986371632,8,6,6,Summer
2025-06-08 09:00:00,44.3,42.051736203581925,-2.2482637964180725,2.2482637964180725,9,6,6,Summer
2025-06-08 10:00:00,41.7,40.72714874481527,-0.9728512551847359,0.9728512551847359,10,6,6,Summer
2025-06-08 11:00:00,39.7,40.462162517232066,0.7621625172320634,0.7621625172320634,11,6,6,Summer
2025-06-08 12:00:00,43.9,42.821048774057346,-1.078951225942653,1.078951225942653,12,6,6,Summer
2025-06-08 13:00:00,39.6,40.711968226004885,1.1119682260048833,1.1119682260048833,13,6,6,Summer
2025-06-08 14:00:00,40.9,41.35098900554625,0.4509890055462549,0.4509890055462549,14,6,6,Summer
2025-06-08 15:00:00,43.5,41.23940517403242,-2.26059482596758,2.26059482596758,15,6,6,Summer
2025-06-08 16:00:00,35.7,38.165519660096756,2.465519660096753,2.465519660096753,16,6,6,Summer
2025-06-08 17:00:00,39.2,36.87807727655693,-2.3219227234430733,2.3219227234430733,17,6,6,Summer
2025-06-08 18:00:00,36.6,33.70314275073904,-2.896857249260961,2.896857249260961,18,6,6,Summer
2025-06-08 19:00:00,28.0,31.88711257191665,3.8871125719166493,3.8871125719166493,19,6,6,Summer
2025-06-08 20:00:00,33.8,31.560743676768798,-2.2392563232311993,2.2392563232311993,20,6,6,Summer
2025-06-08 21:00:00,31.1,28.731222975927075,-2.3687770240729265,2.3687770240729265,21,6,6,Summer
2025-06-08 22:00:00,27.4,27.65865747230755,0.25865747230755076,0.25865747230755076,22,6,6,Summer
2025-06-08 23:00:00,23.2,25.92341150346534,2.7234115034653392,2.7234115034653392,23,6,6,Summer
2025-06-09 00:00:00,27.3,28.114757796214757,0.8147577962147565,0.8147577962147565,0,0,6,Summer
2025-06-09 01:00:00,28.9,28.97231654310874,0.07231654310874092,0.07231654310874092,1,0,6,Summer
2025-06-09 02:00:00,34.0,30.275824578713134,-3.7241754212868656,3.7241754212868656,2,0,6,Summer
2025-06-09 03:00:00,29.3,32.288074910405996,2.988074910405995,2.988074910405995,3,0,6,Summer
2025-06-09 04:00:00,36.5,34.331404418991106,-2.168595581008894,2.168595581008894,4,0,6,Summer
2025-06-09 05:00:00,31.7,34.03772358430271,2.3377235843027115,2.3377235843027115,5,0,6,Summer
2025-06-09 06:00:00,38.0,38.42895369849599,0.4289536984959881,0.4289536984959881,6,0,6,Summer
2025-06-09 07:00:00,41.3,40.775854394726025,-0.5241456052739721,0.5241456052739721,7,0,6,Summer
2025-06-09 08:00:00,52.6,47.143373945652776,-5.456626054347225,5.456626054347225,8,0,6,Summer
2025-06-09 09:00:00,38.9,42.62520132357771,3.725201323577714,3.725201323577714,9,0,6,Summer
2025-06-09 10:00:00,51.6,48.67684996894537,-2.9231500310546323,2.9231500310546323,10,0,6,Summer
2025-06-09 11:00:00,47.1,46.18506763545296,-0.9149323645470417,0.9149323645470417,11,0,6,Summer
2025-06-09 12:00:00,48.4,47.49752516306141,-0.9024748369385875,0.9024748369385875,12,0,6,Summer
2025-06-09 13:00:00,47.0,48.0495644568652,1.0495644568651983,1.0495644568651983,13,0,6,Summer
2025-06-09 14:00:00,47.5,47.84801019000986,0.3480101900098589,0.3480101900098589,14,0,6,Summer
2025-06-09 15:00:00,43.8,45.71375208886747,1.9137520888674757,1.9137520888674757,15,0,6,Summer
2025-06-09 16:00:00,48.6,45.24310550146438,-3.356894498535624,3.356894498535624,16,0,6,Summer
2025-06-09 17:00:00,39.0,40.397477091496846,1.397477091496846,1.397477091496846,17,0,6,Summer
2025-06-09 18:00:00,43.3,41.076507754208464,-2.223492245791533,2.223492245791533,18,0,6,Summer
2025-06-09 19:00:00,34.1,34.788520915859024,0.6885209158590229,0.6885209158590229,19,0,6,Summer
2025-06-09 20:00:00,34.5,35.590256714813556,1.090256714813556,1.090256714813556,20,0,6,Summer
2025-06-09 21:00:00,28.8,31.778357321976138,2.9783573219761372,2.9783573219761372,21,0,6,Summer
2025-06-09 22:00:00,33.7,32.76534505711379,-0.9346549428862119,0.9346549428862119,22,0,6,Summer
2025-06-09 23:00:00,36.8,33.33377349753491,-3.4662265024650907,3.4662265024650907,23,0,6,Summer
2025-06-10 00:00:00,30.3,31.052640656406883,0.7526406564068822,0.7526406564068822,0,1,6,Summer
2025-06-10 01:00:00,30.1,30.699840788180463,0.5998407881804617,0.5998407881804617,1,1,6,Summer
2025-06-10 02:00:00,27.2,31.875989812595797,4.675989812595798,4.675989812595798,2,1,6,Summer
2025-06-10 03:00:00,32.0,32.219685711679205,0.2196857116792046,0.2196857116792046,3,1,6,Summer
2025-06-10 04:00:00,28.2,33.512646560254126,5.312646560254127,5.312646560254127,4,1,6,Summer
2025-06-10 05:00:00,32.9,34.210003408744164,1.3100034087441657,1.3100034087441657,5,1,6,Summer
2025-06-10 06:00:00,39.5,36.98923183517462,-2.510768164825379,2.510768164825379,6,1,6,Summer
2025-06-10 07:00:00,46.0,42.3705273745956,-3.6294726254043965,3.6294726254043965,7,1,6,Summer
2025-06-10 08:00:00,53.9,47.49304364986812,-6.406956350131878,6.406956350131878,8,1,6,Summer
2025-06-10 09:00:00,41.9,43.58197931062828,1.6819793106282788,1.6819793106282788,9,1,6,Summer
2025-06-10 10:00:00,51.3,48.54314113053033,-2.756858869469667,2.756858869469667,10,1,6,Summer
2025-06-10 11:00:00,47.3,46.495725402313944,-0.804274597686053,0.804274597686053,11,1,6,Summer
2025-06-10 12:00:00,46.0,47.13343153560556,1.1334315356055598,1.1334315356055598,12,1,6,Summer
2025-06-10 13:00:00,48.1,46.76172010121806,-1.3382798987819413,1.3382798987819413,13,1,6,Summer
2025-06-10 14:00:00,45.8,44.687859207208646,-1.112140792791351,1.112140792791351,14,1,6,Summer
2025-06-10 15:00:00,44.7,44.090232973049815,-0.6097670269501876,0.6097670269501876,15,1,6,Summer
2025-06-10 16:00:00,41.0,42.11400497252356,1.11400497252356,1.11400497252356,16,1,6,Summer
2025-06-10 17:00:00,35.1,38.568110205671104,3.4681102056711026,3.4681102056711026,17,1,6,Summer
2025-06-10 18:00:00,32.4,37.17184702598871,4.771847025988713,4.771847025988713,18,1,6,Summer
2025-06-10 19:00:00,39.2,36.49196544296801,-2.7080345570319935,2.7080345570319935,19,1,6,Summer
2025-06-10 20:00:00,33.5,32.6488429778247,-0.8511570221753004,0.8511570221753004,20,1,6,Summer
2025-06-10 21:00:00,30.6,31.026572419361298,0.4265724193612961,0.4265724193612961,21,1,6,Summer
2025-06-10 22:00:00,31.7,31.331107090523016,-0.3688929094769833,0.3688929094769833,22,1,6,Summer
2025-06-10 23:00:00,34.1,33.12935903101389,-0.9706409689861104,0.9706409689861104,23,1,6,Summer
2025-06-11 00:00:00,31.2,31.039364375655424,-0.16063562434457523,0.16063562434457523,0,2,6,Summer
2025-06-11 01:00:00,28.1,30.105078890031876,2.005078890031875,2.005078890031875,1,2,6,Summer
2025-06-11 02:00:00,36.4,33.144713453276026,-3.2552865467239727,3.2552865467239727,2,2,6,Summer
2025-06-11 03:00:00,39.1,34.7036612816948,-4.396338718305202,4.396338718305202,3,2,6,Summer
2025-06-11 04:00:00,36.4,35.76842715367341,-0.6315728463265913,0.6315728463265913,4,2,6,Summer
2025-06-11 05:00:00,40.3,37.77980621120202,-2.5201937887979753,2.5201937887979753,5,2,6,Summer
2025-06-11 06:00:00,43.4,41.452484486665824,-1.9475155133341744,1.9475155133341744,6,2,6,Summer
2025-06-11 07:00:00,45.0,44.106734676201754,-0.8932653237982464,0.8932653237982464,7,2,6,Summer
2025-06-11 08:00:00,44.9,46.26958554711374,1.3695855471137435,1.3695855471137435,8,2,6,Summer
2025-06-11 09:00:00,46.5,45.28917422940042,-1.2108257705995769,1.2108257705995769,9,2,6,Summer
2025-06-11 10:00:00,47.5,47.58516842379819,0.08516842379818712,0.08516842379818712,10,2,6,Summer
2025-06-11 11:00:00,41.8,44.50520668392337,2.7052066839233717,2.7052066839233717,11,2,6,Summer
2025-06-11 12:00:00,49.3,46.86462345569974,-2.4353765443002544,2.4353765443002544,12,2,6,Summer
2025-06-11 13:00:00,40.8,42.88387445772501,2.0838744577250097,2.0838744577250097,13,2,6,Summer
2025-06-11 14:00:00,42.2,44.9012336880624,2.701233688062395,2.701233688062395,14,2,6,Summer
2025-06-11 15:00:00,49.3,45.37618089688353,-3.9238191031164646,3.9238191031164646,15,2,6,Summer
2025-06-11 16:00:00,45.8,44.42249170732976,-1.3775082926702353,1.3775082926702353,16,2,6,Summer
2025-06-11 17:00:00,46.5,42.44318188589721,-4.056818114102789,4.056818114102789,17,2,6,Summer
2025-06-11 18:00:00,37.4,38.864464294836175,1.4644642948361764,1.4644642948361764,18,2,6,Summer
2025-06-11 19:00:00,31.8,35.00620587342919,3.2062058734291874,3.2062058734291874,19,2,6,Summer
2025-06-11 20:00:00,33.5,32.759749155884606,-0.7402508441153941,0.7402508441153941,20,2,6,Summer
2025-06-11 21:00:00,33.2,31.92772810719233,-1.272271892807673,1.272271892807673,21,2,6,Summer
2025-06-11 22:00:00,31.8,32.26456563791026,0.4645656379102583,0.4645656379102583,22,2,6,Summer
2025-06-11 23:00:00,35.3,34.966339408974065,-0.33366059102593226,0.33366059102593226,23,2,6,Summer
2025-06-12 00:00:00,28.8,29.522409633135197,0.7224096331351966,0.7224096331351966,0,3,6,Summer
2025-06-12 01:00:00,32.0,30.76066945065291,-1.2393305493470912,1.2393305493470912,1,3,6,Summer
2025-06-12 02:00:00,27.4,31.31715668991436,3.9171566899143606,3.9171566899143606,2,3,6,Summer
2025-06-12 03:00:00,34.4,33.48863192009428,-0.9113680799057207,0.9113680799057207,3,3,6,Summer
2025-06-12 04:00:00,34.3,33.06951177285937,-1.2304882271406257,1.2304882271406257,4,3,6,Summer
2025-06-12 05:00:00,33.2,36.404291984058446,3.204291984058443,3.204291984058443,5,3,6,Summer
2025-06-12 06:00:00,37.4,38.86176199624269,1.4617619962426929,1.4617619962426929,6,3,6,Summer
2025-06-12 07:00:00,39.6,40.537483312090444,0.9374833120904427,0.9374833120904427,7,3,6,Summer
2025-06-12 08:00:00,41.2,42.164518401272026,0.9645184012720236,0.9645184012720236,8,3,6,Summer
2025-06-12 09:00:00,51.0,46.61227763817135,-4.387722361828651,4.387722361828651,9,3,6,Summer
2025-06-12 10:00:00,44.8,46.18325782567592,1.3832578256759263,1.3832578256759263,10,3,6,Summer
2025-06-12 11:00:00,45.0,44.83066291831108,-0.1693370816889228,0.1693370816889228,11,3,6,Summer
2025-06-12 12:00:00,37.9,42.180013696765705,4.280013696765707,4.280013696765707,12,3,6,Summer
2025-06-12 13:00:00,42.4,44.47798275532209,2.0779827553220898,2.0779827553220898,13,3,6,Summer
2025-06-12 14:00:00,44.2,43.34135808949741,-0.8586419105025911,0.8586419105025911,14,3,6,Summer
2025-06-12 15:00:00,41.2,44.6382166508083,3.4382166508083003,3.4382166508083003,15,3,6,Summer
2025-06-12 16:00:00,47.8,44.07184054485283,-3.728159455147164,3.728159455147164,16,3,6,Summer
2025-06-12 17:00:00,39.7,40.72524682855713,1.0252468285571297,1.0252468285571297,17,3,6,Summer
2025-06-12 18:00:00,43.4,40.31766996452813,-3.0823300354718697,3.0823300354718697,18,3,6,Summer
2025-06-12 19:00:00,36.5,35.977245651655416,-0.5227543483445842,0.5227543483445842,19,3,6,Summer
2025-06-12 20:00:00,34.4,32.497865728076235,-1.9021342719237637,1.9021342719237637,20,3,6,Summer
2025-06-12 21:00:00,32.3,30.64753018733126,-1.6524698126687376,1.6524698126687376,21,3,6,Summer
2025-06-12 22:00:00,31.4,31.784733410733164,0.38473341073316547,0.38473341073316547,22,3,6,Summer
2025-06-12 23:00:00,37.4,33.876071052997915,-3.5239289470020836,3.5239289470020836,23,3,6,Summer
2025-06-13 00:00:00,20.9,25.781583977132215,4.881583977132216,4.881583977132216,0,4,6,Summer
2025-06-13 01:00:00,22.4,26.311917782569637,3.9119177825696383,3.9119177825696383,1,4,6,Summer
2025-06-13 02:00:00,29.0,30.67036743561555,1.6703674356155496,1.6703674356155496,2,4,6,Summer
2025-06-13 03:00:00,32.5,31.90362259897468,-0.5963774010253218,0.5963774010253218,3,4,6,Summer
2025-06-13 04:00:00,36.9,34.04155924899301,-2.858440751006988,2.858440751006988,4,4,6,Summer
2025-06-13 05:00:00,38.0,35.83468989018306,-2.165310109816943,2.165310109816943,5,4,6,Summer
2025-06-13 06:00:00,36.6,38.228628135016486,1.6286281350164842,1.6286281350164842,6,4,6,Summer
2025-06-13 07:00:00,44.3,43.93740785052986,-0.36259214947013874,0.36259214947013874,7,4,6,Summer
2025-06-13 08:00:00,46.3,44.71675755879264,-1.5832424412073607,1.5832424412073607,8,4,6,Summer
2025-06-13 09:00:00,44.5,45.03744824678722,0.5374482467872213,0.5374482467872213,9,4,6,Summer
2025-06-13 10:00:00,48.9,45.21435808241877,-3.685641917581229,3.685641917581229,10,4,6,Summer
2025-06-13 11:00:00,46.9,45.792831780000576,-1.1071682199994228,1.1071682199994228,11,4,6,Summer
2025-06-13 12:00:00,43.9,46.95285147748152,3.052851477481525,3.052851477481525,12,4,6,Summer
2025-06-13 13:00:00,48.6,47.58611476940845,-1.0138852305915549,1.0138852305915549,13,4,6,Summer
2025-06-13 14:00:00,45.5,45.252333392437286,-0.24766660756271364,0.24766660756271364,14,4,6,Summer
2025-06-13 15:00:00,43.8,44.41143028509463,0.6114302850946345,0.6114302850946345,15,4,6,Summer
2025-06-13 16:00:00,48.0,44.00915982494222,-3.9908401750577767,3.9908401750577767,16,4,6,Summer
2025-06-13 17:00:00,30.4,36.842165021756266,6.442165021756267,6.442165021756267,17,4,6,Summer
2025-06-13 18:00:00,32.5,36.0443461542646,3.544346154264602,3.544346154264602,18,4,6,Summer
2025-06-13 19:00:00,31.3,33.668287286794225,2.3682872867942244,2.3682872867942244,19,4,6,Summer
2025-06-13 20:00:00,32.7,32.070176454937965,-0.6298235450620382,0.6298235450620382,20,4,6,Summer
2025-06-13 21:00:00,31.5,31.2215834867047,-0.27841651329530137,0.27841651329530137,21,4,6,Summer
2025-06-13 22:00:00,25.2,28.137682330737203,2.9376823307372035,2.9376823307372035,22,4,6,Summer
2025-06-13 23:00:00,26.5,28.141436905432744,1.6414369054327445,1.6414369054327445,23,4,6,Summer
2025-06-14 00:00:00,21.5,23.87676140363105,2.3767614036310505,2.3767614036310505,0,5,6,Summer
2025-06-14 01:00:00,35.1,29.464632721406396,-5.6353672785936055,5.6353672785936055,1,5,6,Summer
2025-06-14 02:00:00,33.2,28.493729606932938,-4.706270393067065,4.706270393067065,2,5,6,Summer
2025-06-14 03:00:00,25.7,28.012907159396146,2.312907159396147,2.312907159396147,3,5,6,Summer
2025-06-14 04:00:00,27.5,28.36645728287889,0.8664572828788906,0.8664572828788906,4,5,6,Summer
2025-06-14 05:00:00,26.3,28.868145479470236,2.5681454794702354,2.5681454794702354,5,5,6,Summer
2025-06-14 06:00:00,25.3,28.361155360989432,3.0611553609894315,3.0611553609894315,6,5,6,Summer
2025-06-14 07:00:00,34.6,33.677758308459616,-0.9222416915403855,0.9222416915403855,7,5,6,Summer
2025-06-14 08:00:00,33.0,34.901063697723394,1.9010636977233943,1.9010636977233943,8,5,6,Summer
2025-06-14 09:00:00,38.3,36.31059543741116,-1.9894045625888381,1.9894045625888381,9,5,6,Summer
2025-06-14 10:00:00,33.5,35.931195996378925,2.431195996378925,2.431195996378925,10,5,6,Summer
2025-06-14 11:00:00,37.6,38.333165291767436,0.7331652917674347,0.7331652917674347,11,5,6,Summer
2025-06-14 12:00:00,41.6,39.14100381239038,-2.458996187609621,2.458996187609621,12,5,6,Summer
2025-06-14 13:00:00,42.2,42.12250348719014,-0.07749651280986569,0.07749651280986569,13,5,6,Summer
2025-06-14 14:00:00,41.6,39.38885049725839,-2.2111495027416126,2.2111495027416126,14,5,6,Summer
2025-06-14 15:00:00,33.3,37.106256178722575,3.8062561787225775,3.8062561787225775,15,5,6,Summer
2025-06-14 16:00:00,40.4,39.79808256669173,-0.601917433308266,0.601917433308266,16,5,6,Summer
2025-06-14 17:00:00,31.8,31.884898432188695,0.08489843218869453,0.08489843218869453,17,5,6,Summer
2025-06-14 18:00:00,35.5,33.536626009191735,-1.9633739908082646,1.9633739908082646,18,5,6,Summer
2025-06-14 19:00:00,30.9,30.95960218387928,0.05960218387928151,0.05960218387928151,19,5,6,Summer
2025-06-14 20:00:00,23.5,27.346648753220016,3.846648753220016,3.846648753220016,20,5,6,Summer
2025-06-14 21:00:00,26.0,25.97121442936243,-0.028785570637570146,0.028785570637570146,21,5,6,Summer
2025-06-14 22:00:00,27.5,26.686503879540844,-0.8134961204591562,0.8134961204591562,22,5,6,Summer
2025-06-14 23:00:00,27.7,26.004320600618364,-1.6956793993816355,1.6956793993816355,23,5,6,Summer
2025-06-15 00:00:00,24.2,25.066844390229694,0.8668443902296943,0.8668443902296943,0,6,6,Summer
2025-06-15 01:00:00,31.2,28.987683291296303,-2.212316708703696,2.212316708703696,1,6,6,Summer
2025-06-15 02:00:00,29.9,29.469603572537057,-0.4303964274629415,0.4303964274629415,2,6,6,Summer
2025-06-15 03:00:00,26.1,27.45367843618291,1.353678436182907,1.353678436182907,3,6,6,Summer
2025-06-15 04:00:00,31.8,30.784981104387402,-1.0150188956125987,1.0150188956125987,4,6,6,Summer
2025-06-15 05:00:00,38.5,32.9598664346413,-5.540133565358701,5.540133565358701,5,6,6,Summer
2025-06-15 06:00:00,40.6,36.79246273850304,-3.807537261496961,3.807537261496961,6,6,6,Summer
2025-06-15 07:00:00,30.0,33.50744661495054,3.5074466149505383,3.5074466149505383,7,6,6,Summer
2025-06-15 08:00:00,33.1,35.17787047163849,2.077870471638491,2.077870471638491,8,6,6,Summer
2025-06-15 09:00:00,44.4,41.643461584571455,-2.756538415428544,2.756538415428544,9,6,6,Summer
2025-06-15 10:00:00,35.5,35.843425623148754,0.3434256231487538,0.3434256231487538,10,6,6,Summer
2025-06-15 11:00:00,35.2,37.68404376057423,2.484043760574224,2.484043760574224,11,6,6,Summer
2025-06-15 12:00:00,38.9,39.55527530835567,0.6552753083556695,0.6552753083556695,12,6,6,Summer
2025-06-15 13:00:00,42.2,39.27063379499718,-2.9293662050028217,2.9293662050028217,13,6,6,Summer
2025-06-15 14:00:00,39.3,39.35957095214827,0.05957095214827035,0.05957095214827035,14,6,6,Summer
2025-06-15 15:00:00,35.9,37.55146127398332,1.6514612739833225,1.6514612739833225,15,6,6,Summer
2025-06-15 16:00:00,34.1,37.30652448610499,3.206524486104989,3.206524486104989,16,6,6,Summer
2025-06-15 17:00:00,32.0,33.19804244783965,1.1980424478396472,1.1980424478396472,17,6,6,Summer
2025-06-15 18:00:00,29.3,31.69330234054205,2.39330234054205,2.39330234054205,18,6,6,Summer
2025-06-15 19:00:00,39.9,31.496785545723792,-8.403214454276206,8.403214454276206,19,6,6,Summer
2025-06-15 20:00:00,30.0,28.54982101034818,-1.4501789896518211,1.4501789896518211,20,6,6,Summer
2025-06-15 21:00:00,30.7,29.034660441004988,-1.6653395589950115,1.6653395589950115,21,6,6,Summer
2025-06-15 22:00:00,23.9,26.03973441078704,2.1397344107870424,2.1397344107870424,22,6,6,Summer
2025-06-15 23:00:00,24.3,24.833154347202505,0.5331543472025047,0.5331543472025047,23,6,6,Summer
2025-06-16 00:00:00,26.8,27.683653224786614,0.8836532247866131,0.8836532247866131,0,0,6,Summer
2025-06-16 01:00:00,19.3,24.86917286476801,5.56917286476801,5.56917286476801,1,0,6,Summer
2025-06-16 02:00:00,25.2,27.456147026660766,2.2561470266607664,2.2561470266607664,2,0,6,Summer
2025-06-16 03:00:00,24.7,27.61146990430758,2.9114699043075802,2.9114699043075802,3,0,6,Summer
2025-06-16 04:00:00,24.6,30.828703154865376,6.228703154865375,6.228703154865375,4,0,6,Summer
2025-06-16 05:00:00,30.8,30.77330958808693,-0.026690411913069312,0.026690411913069312,5,0,6,Summer
2025-06-16 06:00:00,42.9,37.24762691311188,-5.652373086888119,5.652373086888119,6,0,6,Summer
2025-06-16 07:00:00,39.5,39.15682676426598,-0.3431732357340209,0.3431732357340209,7,0,6,Summer
2025-06-16 08:00:00,46.8,43.80988128819731,-2.990118711802687,2.990118711802687,8,0,6,Summer
2025-06-16 09:00:00,44.9,43.91493378167149,-0.9850662183285053,0.9850662183285053,9,0,6,Summer
2025-06-16 10:00:00,47.7,46.80640134457956,-0.8935986554204405,0.8935986554204405,10,0,6,Summer
2025-06-16 11:00:00,41.8,44.48866147710012,2.6886614771001263,2.6886614771001263,11,0,6,Summer
2025-06-16 12:00:00,47.7,45.342531187760756,-2.3574688122392473,2.3574688122392473,12,0,6,Summer
2025-06-16 13:00:00,48.3,47.187021486057525,-1.1129785139424726,1.1129785139424726,13,0,6,Summer
2025-06-16 14:00:00,42.3,44.036601844682416,1.7366018446824185,1.7366018446824185,14,0,6,Summer
2025-06-16 15:00:00,45.5,43.64346821154741,-1.8565317884525925,1.8565317884525925,15,0,6,Summer
2025-06-16 16:00:00,43.9,43.52265092356632,-0.3773490764336813,0.3773490764336813,16,0,6,Summer
2025-06-16 17:00:00,37.5,37.88367540757254,0.3836754075725395,0.3836754075725395,17,0,6,Summer
2025-06-16 18:00:00,33.1,36.35992423937159,3.2599242393715855,3.2599242393715855,18,0,6,Summer
2025-06-16 19:00:00,30.8,33.36874737683023,2.5687473768302276,2.5687473768302276,19,0,6,Summer
2025-06-16 20:00:00,34.0,32.09553433682056,-1.9044656631794368,1.9044656631794368,20,0,6,Summer
2025-06-16 21:00:00,33.3,32.443978024033626,-0.856021975966371,0.856021975966371,21,0,6,Summer
2025-06-16 22:00:00,27.5,29.548271444518548,2.048271444518548,2.048271444518548,22,0,6,Summer
2025-06-16 23:00:00,30.0,31.649024629318113,1.649024629318113,1.649024629318113,23,0,6,Summer
2025-06-17 00:00:00,31.8,30.70371212221453,-1.0962878777854712,1.0962878777854712,0,1,6,Summer
2025-06-17 01:00:00,32.2,30.46775837017394,-1.7322416298260634,1.7322416298260634,1,1,6,Summer
2025-06-17 02:00:00,36.7,31.862943207880445,-4.837056792119558,4.837056792119558,2,1,6,Summer
2025-06-17 03:00:00,36.9,33.33227609009727,-3.567723909902732,3.567723909902732,3,1,6,Summer
2025-06-17 04:00:00,29.5,31.6775563484881,2.1775563484880998,2.1775563484880998,4,1,6,Summer
2025-06-17 05:00:00,42.1,38.08896377679092,-4.011036223209082,4.011036223209082,5,1,6,Summer
2025-06-17 06:00:00,35.3,38.65779739423749,3.357797394237494,3.357797394237494,6,1,6,Summer
2025-06-17 07:00:00,43.7,41.16251371196702,-2.53748628803298,2.53748628803298,7,1,6,Summer
2025-06-17 08:00:00,41.7,41.974215107570544,0.2742151075705408,0.2742151075705408,8,1,6,Summer
2025-06-17 09:00:00,41.5,42.890051181293465,1.3900511812934653,1.3900511812934653,9,1,6,Summer
2025-06-17 10:00:00,37.2,42.14626141093141,4.946261410931406,4.946261410931406,10,1,6,Summer
2025-06-17 11:00:00,44.5,43.710457964959645,-0.7895420350403555,0.7895420350403555,11,1,6,Summer
2025-06-17 12:00:00,39.2,42.41816644885621,3.218166448856209,3.218166448856209,12,1,6,Summer
2025-06-17 13:00:00,49.1,46.144226512027096,-2.9557734879729054,2.9557734879729054,13,1,6,Summer
2025-06-17 14:00:00,50.5,46.86034598803309,-3.639654011966911,3.639654011966911,14,1,6,Summer
2025-06-17 15:00:00,39.9,43.810307808354274,3.9103078083542755,3.9103078083542755,15,1,6,Summer
2025-06-17 16:00:00,42.7,42.331393269535404,-0.3686067304645988,0.3686067304645988,16,1,6,Summer
2025-06-17 17:00:00,36.6,37.93888993113563,1.3388899311356255,1.3388899311356255,17,1,6,Summer
2025-06-17 18:00:00,35.0,35.22251889678941,0.22251889678940984,0.22251889678940984,18,1,6,Summer
2025-06-17 19:00:00,38.5,36.279447342075045,-2.220552657924955,2.220552657924955,19,1,6,Summer
2025-06-17 20:00:00,33.3,32.50653271727829,-0.7934672827217071,0.7934672827217071,20,1,6,Summer
2025-06-17 21:00:00,38.8,33.116416905795745,-5.683583094204252,5.683583094204252,21,1,6,Summer
2025-06-17 22:00:00,28.6,30.135909985646176,1.5359099856461746,1.5359099856461746,22,1,6,Summer
2025-06-17 23:00:00,33.7,31.719710944085513,-1.98028905591449,1.98028905591449,23,1,6,Summer
2025-06-18 00:00:00,29.7,29.922822471850026,0.22282247185002646,0.22282247185002646,0,2,6,Summer
2025-06-18 01:00:00,32.8,30.23364033212386,-2.5663596678761387,2.5663596678761387,1,2,6,Summer
2025-06-18 02:00:00,28.6,30.100628339666645,1.500628339666644,1.500628339666644,2,2,6,Summer
2025-06-18 03:00:00,31.4,32.759102087659194,1.3591020876591955,1.3591020876591955,3,2,6,Summer
2025-06-18 04:00:00,32.8,34.06867729830632,1.2686772983063221,1.2686772983063221,4,2,6,Summer
2025-06-18 05:00:00,31.9,34.342634864861466,2.4426348648614677,2.4426348648614677,5,2,6,Summer
2025-06-18 06:00:00,40.0,39.28324477316266,-0.7167552268373427,0.7167552268373427,6,2,6,Summer
2025-06-18 07:00:00,42.0,42.02006834981261,0.020068349812611075,0.020068349812611075,7,2,6,Summer
2025-06-18 08:00:00,43.7,43.73937646004864,0.039376460048636375,0.039376460048636375,8,2,6,Summer
2025-06-18 09:00:00,49.1,45.55768785696731,-3.5423121430326887,3.5423121430326887,9,2,6,Summer
2025-06-18 10:00:00,50.0,46.17965207218034,-3.820347927819661,3.820347927819661,10,2,6,Summer
2025-06-18 11:00:00,43.5,44.62372928421782,1.1237292842178235,1.1237292842178235,11,2,6,Summer
2025-06-18 12:00:00,46.8,45.07760074103962,-1.7223992589603796,1.7223992589603796,12,2,6,Summer
2025-06-18 13:00:00,42.5,43.85755917229844,1.357559172298437,1.357559172298437,13,2,6,Summer
2025-06-18 14:00:00,44.3,44.08471280882993,-0.21528719117007,0.21528719117007,14,2,6,Summer
2025-06-18 15:00:00,40.6,43.29178045889697,2.6917804588969716,2.6917804588969716,15,2,6,Summer
2025-06-18 16:00:00,47.8,42.707281473925796,-5.092718526074201,5.092718526074201,16,2,6,Summer
2025-06-18 17:00:00,40.8,39.43362421351209,-1.3663757864879074,1.3663757864879074,17,2,6,Summer
2025-06-18 18:00:00,36.4,37.203441554549634,0.8034415545496358,0.8034415545496358,18,2,6,Summer
2025-06-18 19:00:00,40.0,37.184312189840945,-2.815687810159055,2.815687810159055,19,2,6,Summer
2025-06-18 20:00:00,24.6,31.344485774319413,6.744485774319411,6.744485774319411,20,2,6,Summer
2025-06-18 21:00:00,23.6,28.833443920921027,5.233443920921026,5.233443920921026,21,2,6,Summer
2025-06-18 22:00:00,33.6,30.66966199153234,-2.930338008467661,2.930338008467661,22,2,6,Summer
2025-06-18 23:00:00,29.8,28.3108148532073,-1.4891851467926998,1.4891851467926998,23,2,6,Summer
2025-06-19 00:00:00,30.1,29.797345448304835,-0.3026545516951664,0.3026545516951664,0,3,6,Summer
2025-06-19 01:00:00,24.1,28.383575608005916,4.283575608005915,4.283575608005915,1,3,6,Summer
2025-06-19 02:00:00,30.1,30.826302996742285,0.7263029967422838,0.7263029967422838,2,3,6,Summer
2025-06-19 03:00:00,39.5,35.10764653425735,-4.3923534657426515,4.3923534657426515,3,3,6,Summer
2025-06-19 04:00:00,36.4,33.5142196539707,-2.8857803460293,2.8857803460293,4,3,6,Summer
2025-06-19 05:00:00,35.7,35.57319251262978,-0.12680748737022185,0.12680748737022185,5,3,6,Summer
2025-06-19 06:00:00,35.4,38.07401743562701,2.6740174356270145,2.6740174356270145,6,3,6,Summer
2025-06-19 07:00:00,37.6,38.97508655684332,1.3750865568433213,1.3750865568433213,7,3,6,Summer
2025-06-19 08:00:00,32.6,38.062344892675014,5.462344892675013,5.462344892675013,8,3,6,Summer
2025-06-19 09:00:00,43.8,43.19946783737435,-0.6005321626256475,0.6005321626256475,9,3,6,Summer
2025-06-19 10:00:00,47.4,43.56118420367708,-3.838815796322919,3.838815796322919,10,3,6,Summer
2025-06-19 11:00:00,38.6,42.9595647931462,4.359564793146198,4.359564793146198,11,3,6,Summer
2025-06-19 12:00:00,42.5,42.54015673990434,0.0401567399043401,0.0401567399043401,12,3,6,Summer
2025-06-19 13:00:00,40.2,43.29468083440892,3.094680834408919,3.094680834408919,13,3,6,Summer
2025-06-19 14:00:00,40.2,41.28607682208791,1.0860768220879038,1.0860768220879038,14,3,6,Summer
2025-06-19 15:00:00,43.0,41.02856554604887,-1.971434453951133,1.971434453951133,15,3,6,Summer
2025-06-19 16:00:00,32.8,38.35349007680677,5.553490076806774,5.553490076806774,16,3,6,Summer
2025-06-19 17:00:00,41.7,39.19645928997887,-2.5035407100211344,2.5035407100211344,17,3,6,Summer
2025-06-19 18:00:00,40.2,36.32541686120359,-3.8745831387964103,3.8745831387964103,18,3,6,Summer
2025-06-19 19:00:00,34.1,35.02371272308523,0.9237127230852309,0.9237127230852309,19,3,6,Summer
2025-06-19 20:00:00,23.2,28.335346164750227,5.135346164750228,5.135346164750228,20,3,6,Summer
2025-06-19 21:00:00,27.5,29.370536876906538,1.870536876906538,1.870536876906538,21,3,6,Summer
2025-06-19 22:00:00,35.1,30.69875663400697,-4.401243365993032,4.401243365993032,22,3,6,Summer
2025-06-19 23:00:00,18.3,24.83715253564148,6.537152535641479,6.537152535641479,23,3,6,Summer
2025-06-20 00:00:00,27.6,25.96408763402511,-1.6359123659748924,1.6359123659748924,0,4,6,Summer
2025-06-20 01:00:00,24.5,27.31904592349811,2.819045923498109,2.819045923498109,1,4,6,Summer
2025-06-20 02:00:00,33.3,28.04824542469595,-5.251754575304048,5.251754575304048,2,4,6,Summer
2025-06-20 03:00:00,28.6,30.129301613413606,1.5293016134136046,1.5293016134136046,3,4,6,Summer
2025-06-20 04:00:00,34.6,32.13031959838588,-2.46968040161412,2.46968040161412,4,4,6,Summer
2025-06-20 05:00:00,37.2,36.04457498317946,-1.1554250168205442,1.1554250168205442,5,4,6,Summer
2025-06-20 06:00:00,44.3,38.88092450568931,-5.41907549431069,5.41907549431069,6,4,6,Summer
2025-06-20 07:00:00,38.2,39.97921855705991,1.779218557059906,1.779218557059906,7,4,6,Summer
2025-06-20 08:00:00,42.5,42.18953527115713,-0.3104647288428666,0.3104647288428666,8,4,6,Summer
2025-06-20 09:00:00,36.7,41.16943702271831,4.46943702271831,4.46943702271831,9,4,6,Summer
2025-06-20 10:00:00,48.7,46.377015316378994,-2.3229846836210086,2.3229846836210086,10,4,6,Summer
2025-06-20 11:00:00,41.7,42.45807942229508,0.7580794222950757,0.7580794222950757,11,4,6,Summer
2025-06-20 12:00:00,42.7,43.17913995569771,0.47913995569770407,0.47913995569770407,12,4,6,Summer
2025-06-20 13:00:00,44.6,43.822376999982914,-0.777623000017087,0.777623000017087,13,4,6,Summer
2025-06-20 14:00:00,37.6,40.49735886965581,2.897358869655811,2.897358869655811,14,4,6,Summer
2025-06-20 15:00:00,43.5,41.1418293485574,-2.358170651442599,2.358170651442599,15,4,6,Summer
2025-06-20 16:00:00,44.8,41.596938294960395,-3.2030617050396017,3.2030617050396017,16,4,6,Summer
2025-06-20 17:00:00,40.2,39.2221115141686,-0.9778884858314001,0.9778884858314001,17,4,6,Summer
2025-06-20 18:00:00,30.6,34.94988847961481,4.349888479614812,4.349888479614812,18,4,6,Summer
2025-06-20 19:00:00,34.4,34.471357311210284,0.07135731121028499,0.07135731121028499,19,4,6,Summer
2025-06-20 20:00:00,35.9,32.41509578790904,-3.48490421209096,3.48490421209096,20,4,6,Summer
2025-06-20 21:00:00,23.8,29.083714542424797,5.283714542424796,5.283714542424796,21,4,6,Summer
2025-06-20 22:00:00,25.7,28.353776068713,2.6537760687130003,2.6537760687130003,22,4,6,Summer
2025-06-20 23:00:00,32.7,29.480084762125397,-3.2199152378746057,3.2199152378746057,23,4,6,Summer
2025-06-21 00:00:00,24.9,25.286881002568165,0.3868810025681668,0.3868810025681668,0,5,6,Summer
2025-06-21 01:00:00,25.7,27.6415302609738,1.9415302609737992,1.9415302609737992,1,5,6,Summer
2025-06-21 02:00:00,32.3,29.164244409196694,-3.135755590803303,3.135755590803303,2,5,6,Summer
2025-06-21 03:00:00,28.0,28.396530872997076,0.3965308729970758,0.3965308729970758,3,5,6,Summer
2025-06-21 04:00:00,30.4,29.935236728937078,-0.46476327106292104,0.46476327106292104,4,5,6,Summer
2025-06-21 05:00:00,40.6,33.88778328436232,-6.71221671563768,6.71221671563768,5,5,6,Summer
2025-06-21 06:00:00,30.9,31.487516377379947,0.5875163773799486,0.5875163773799486,6,5,6,Summer
2025-06-21 07:00:00,30.7,33.13249693950831,2.432496939508308,2.432496939508308,7,5,6,Summer
2025-06-21 08:00:00,37.5,37.24623176807954,-0.2537682319204606,0.2537682319204606,8,5,6,Summer
2025-06-21 09:00:00,39.2,38.682280781174775,-0.5177192188252278,0.5177192188252278,9,5,6,Summer
2025-06-21 10:00:00,36.6,37.42607705484817,0.8260770548481702,0.8260770548481702,10,5,6,Summer
2025-06-21 11:00:00,35.4,38.02517745470867,2.6251774547086697,2.6251774547086697,11,5,6,Summer
2025-06-21 12:00:00,49.0,43.25229377470057,-5.7477062252994315,5.7477062252994315,12,5,6,Summer
2025-06-21 13:00:00,40.8,40.757833737306285,-0.04216626269371204,0.04216626269371204,13,5,6,Summer
2025-06-21 14:00:00,35.8,37.633926441512024,1.8339264415120269,1.8339264415120269,14,5,6,Summer
2025-06-21 15:00:00,41.1,39.686078246793215,-1.413921753206786,1.413921753206786,15,5,6,Summer
2025-06-21 16:00:00,35.4,34.51103545926845,-0.8889645407315498,0.8889645407315498,16,5,6,Summer
2025-06-21 17:00:00,32.9,34.34344227965266,1.4434422796526647,1.4434422796526647,17,5,6,Summer
2025-06-21 18:00:00,34.0,32.99934194079521,-1.0006580592047882,1.0006580592047882,18,5,6,Summer
2025-06-21 19:00:00,24.6,28.18759301943173,3.587593019431729,3.587593019431729,19,5,6,Summer
2025-06-21 20:00:00,29.2,27.072720261802772,-2.1272797381972275,2.1272797381972275,20,5,6,Summer
2025-06-21 21:00:00,33.8,27.373197223951358,-6.426802776048639,6.426802776048639,21,5,6,Summer
2025-06-21 22:00:00,26.7,26.558463584691,-0.1415364153089982,0.1415364153089982,22,5,6,Summer
2025-06-21 23:00:00,22.6,24.52677902314949,1.9267790231494892,1.9267790231494892,23,5,6,Summer
2025-06-22 00:00:00,21.6,22.250269806628705,0.6502698066287032,0.6502698066287032,0,6,6,Summer
2025-06-22 01:00:00,22.3,23.174180287335716,0.8741802873357152,0.8741802873357152,1,6,6,Summer
2025-06-22 02:00:00,23.7,24.146546038386298,0.44654603838629825,0.44654603838629825,2,6,6,Summer
2025-06-22 03:00:00,24.5,26.575239750484236,2.0752397504842364,2.0752397504842364,3,6,6,Summer
2025-06-22 04:00:00,31.3,29.093003814271576,-2.206996185728425,2.206996185728425,4,6,6,Summer
2025-06-22 05:00:00,22.6,28.583261188853864,5.983261188853863,5.983261188853863,5,6,6,Summer
2025-06-22 06:00:00,35.1,32.83590534004552,-2.2640946599544804,2.2640946599544804,6,6,6,Summer
2025-06-22 07:00:00,32.2,31.806949819432816,-0.39305018056718666,0.39305018056718666,7,6,6,Summer
2025-06-22 08:00:00,37.1,36.40695202326469,-0.6930479767353148,0.6930479767353148,8,6,6,Summer
2025-06-22 09:00:00,32.8,35.57628966290133,2.776289662901334,2.776289662901334,9,6,6,Summer
2025-06-22 10:00:00,43.9,39.24294050493412,-4.65705949506588,4.65705949506588,10,6,6,Summer
2025-06-22 11:00:00,44.3,40.16696141706746,-4.133038582932535,4.133038582932535,11,6,6,Summer
2025-06-22 12:00:00,43.5,41.24452476209026,-2.2554752379097422,2.2554752379097422,12,6,6,Summer
2025-06-22 13:00:00,33.3,38.78864193180506,5.488641931805063,5.488641931805063,13,6,6,Summer
2025-06-22 14:00:00,41.9,37.897807928832385,-4.002192071167613,4.002192071167613,14,6,6,Summer
2025-06-22 15:00:00,38.9,38.50792249271636,-0.39207750728363777,0.39207750728363777,15,6,6,Summer
2025-06-22 16:00:00,29.2,33.357009293053196,4.157009293053196,4.157009293053196,16,6,6,Summer
2025-06-22 17:00:00,33.6,34.044625725140996,0.44462572514099463,0.44462572514099463,17,6,6,Summer
2025-06-22 18:00:00,33.1,31.91752340648171,-1.1824765935182917,1.1824765935182917,18,6,6,Summer
2025-06-22 19:00:00,31.8,30.71985814918043,-1.0801418508195724,1.0801418508195724,19,6,6,Summer
2025-06-22 20:00:00,28.3,29.321575117173158,1.0215751171731569,1.0215751171731569,20,6,6,Summer
2025-06-22 21:00:00,27.1,27.40576386289231,0.3057638628923094,0.3057638628923094,21,6,6,Summer
2025-06-22 22:00:00,30.6,26.061727699422963,-4.538272300577038,4.538272300577038,22,6,6,Summer
2025-06-22 23:00:00,28.8,27.02672684830721,-1.7732731516927913,1.7732731516927913,23,6,6,Summer
2025-06-23 00:00:00,17.0,24.360818690931044,7.360818690931044,7.360818690931044,0,0,6,Summer
2025-06-23 01:00:00,27.5,26.52916509723346,-0.9708349027665406,0.9708349027665406,1,0,6,Summer
2025-06-23 02:00:00,28.9,27.84586684500856,-1.0541331549914403,1.0541331549914403,2,0,6,Summer
2025-06-23 03:00:00,23.8,27.31116077144819,3.511160771448189,3.511160771448189,3,0,6,Summer
2025-06-23 04:00:00,32.8,31.15557869328346,-1.6444213067165379,1.6444213067165379,4,0,6,Summer
2025-06-23 05:00:00,39.4,35.00990993507211,-4.39009006492789,4.39009006492789,5,0,6,Summer
2025-06-23 06:00:00,32.1,35.0968031604766,2.9968031604765955,2.9968031604765955,6,0,6,Summer
2025-06-23 07:00:00,39.9,37.71729060050341,-2.182709399496588,2.182709399496588,7,0,6,Summer
2025-06-23 08:00:00,36.8,39.75257895596091,2.9525789559609095,2.9525789559609095,8,0,6,Summer
2025-06-23 09:00:00,39.4,40.67775489383936,1.277754893839358,1.277754893839358,9,0,6,Summer
2025-06-23 10:00:00,49.3,44.42023738716129,-4.879762612838704,4.879762612838704,10,0,6,Summer
2025-06-23 11:00:00,42.0,42.45549922823232,0.4554992282323198,0.4554992282323198,11,0,6,Summer
2025-06-23 12:00:00,46.3,45.036161572221765,-1.2638384277782322,1.2638384277782322,12,0,6,Summer
2025-06-23 13:00:00,36.7,41.10260443219659,4.40260443219659,4.40260443219659,13,0,6,Summer
2025-06-23 14:00:00,50.8,43.52640696596389,-7.273593034036104,7.273593034036104,14,0,6,Summer
2025-06-23 15:00:00,44.5,43.56806590148778,-0.9319340985122224,0.9319340985122224,15,0,6,Summer
2025-06-23 16:00:00,39.7,40.48211712562461,0.7821171256246089,0.7821171256246089,16,0,6,Summer
2025-06-23 17:00:00,40.8,38.43106816288023,-2.368931837119767,2.368931837119767,17,0,6,Summer
2025-06-23 18:00:00,30.8,34.43482444868102,3.6348244486810195,3.6348244486810195,18,0,6,Summer
2025-06-23 19:00:00,39.1,36.20559003667013,-2.8944099633298705,2.8944099633298705,19,0,6,Summer
2025-06-23 20:00:00,31.2,31.50855217597019,0.3085521759701919,0.3085521759701919,20,0,6,Summer
2025-06-23 21:00:00,30.0,30.86623831700285,0.8662383170028498,0.8662383170028498,21,0,6,Summer
2025-06-23 22:00:00,27.6,29.033119954377845,1.433119954377844,1.433119954377844,22,0,6,Summer
2025-06-23 23:00:00,26.4,27.93626309074243,1.5362630907424304,1.5362630907424304,23,0,6,Summer
2025-06-24 00:00:00,31.1,29.65651124818595,-1.4434887518140513,1.4434887518140513,0,1,6,Summer
2025-06-24 01:00:00,29.6,28.79654553132198,-0.803454468678023,0.803454468678023,1,1,6,Summer
2025-06-24 02:00:00,32.0,31.587290976145933,-0.4127090238540667,0.4127090238540667,2,1,6,Summer
2025-06-24 03:00:00,30.6,31.514930985094388,0.9149309850943865,0.9149309850943865,3,1,6,Summer
2025-06-24 04:00:00,34.3,32.99033859150883,-1.3096614084911664,1.3096614084911664,4,1,6,Summer
2025-06-24 05:00:00,32.5,33.438705481321904,0.9387054813219038,0.9387054813219038,5,1,6,Summer
2025-06-24 06:00:00,45.2,38.024538571462955,-7.175461428537048,7.175461428537048,6,1,6,Summer
2025-06-24 07:00:00,32.1,37.19598881587977,5.095988815879771,5.095988815879771,7,1,6,Summer
2025-06-24 08:00:00,45.3,40.69675773447611,-4.603242265523889,4.603242265523889,8,1,6,Summer
2025-06-24 09:00:00,47.4,43.77772712253619,-3.622272877463807,3.622272877463807,9,1,6,Summer
2025-06-24 10:00:00,39.8,43.96228384331423,4.162283843314235,4.162283843314235,10,1,6,Summer
2025-06-24 11:00:00,52.9,48.00936007341029,-4.8906399265897065,4.8906399265897065,11,1,6,Summer
2025-06-24 12:00:00,48.3,44.76868005008936,-3.531319949910639,3.531319949910639,12,1,6,Summer
2025-06-24 13:00:00,47.9,45.9667299540254,-1.933270045974595,1.933270045974595,13,1,6,Summer
2025-06-24 14:00:00,43.3,45.21858816766628,1.918588167666286,1.918588167666286,14,1,6,Summer
2025-06-24 15:00:00,41.1,42.3768430267243,1.2768430267243005,1.2768430267243005,15,1,6,Summer
2025-06-24 16:00:00,39.4,40.17221590260929,0.7722159026092896,0.7722159026092896,16,1,6,Summer
2025-06-24 17:00:00,39.9,39.20691429743,-0.6930857025700021,0.6930857025700021,17,1,6,Summer
2025-06-24 18:00:00,41.9,37.32273416710069,-4.577265832899307,4.577265832899307,18,1,6,Summer
2025-06-24 19:00:00,34.9,35.13433886065275,0.23433886065274834,0.23433886065274834,19,1,6,Summer
2025-06-24 20:00:00,28.6,31.03354651853688,2.433546518536879,2.433546518536879,20,1,6,Summer
2025-06-24 21:00:00,33.9,32.976485514892275,-0.9235144851077237,0.9235144851077237,21,1,6,Summer
2025-06-24 22:00:00,33.0,30.900230722228493,-2.0997692777715073,2.0997692777715073,22,1,6,Summer
2025-06-24 23:00:00,31.2,30.087651915505106,-1.1123480844948936,1.1123480844948936,23,1,6,Summer
2025-06-25 00:00:00,31.1,30.27225309292591,-0.8277469070740899,0.8277469070740899,0,2,6,Summer
2025-06-25 01:00:00,27.3,29.130720318392747,1.8307203183927463,1.8307203183927463,1,2,6,Summer
2025-06-25 02:00:00,25.5,30.573464888325596,5.073464888325596,5.073464888325596,2,2,6,Summer
2025-06-25 03:00:00,27.0,29.348990368513135,2.3489903685131353,2.3489903685131353,3,2,6,Summer
2025-06-25 04:00:00,25.6,30.65078109580155,5.050781095801547,5.050781095801547,4,2,6,Summer
2025-06-25 05:00:00,35.0,32.96143572903559,-2.0385642709644074,2.0385642709644074,5,2,6,Summer
2025-06-25 06:00:00,35.8,35.710786783563414,-0.08921321643658331,0.08921321643658331,6,2,6,Summer
2025-06-25 07:00:00,36.4,36.90624625307741,0.5062462530774141,0.5062462530774141,7,2,6,Summer
2025-06-25 08:00:00,28.3,35.2155783677212,6.915578367721199,6.915578367721199,8,2,6,Summer
2025-06-25 09:00:00,36.8,39.78701728537374,2.987017285373746,2.987017285373746,9,2,6,Summer
2025-06-25 10:00:00,47.5,44.3449595785941,-3.1550404214059,3.1550404214059,10,2,6,Summer
2025-06-25 11:00:00,41.2,42.111970758028406,0.9119707580284029,0.9119707580284029,11,2,6,Summer
2025-06-25 12:00:00,45.6,45.269211478756276,-0.3307885212437256,0.3307885212437256,12,2,6,Summer
2025-06-25 13:00:00,38.3,41.17717535560544,2.877175355605445,2.877175355605445,13,2,6,Summer
2025-06-25 14:00:00,48.8,45.353601083726275,-3.446398916273722,3.446398916273722,14,2,6,Summer
2025-06-25 15:00:00,41.2,42.59890753140095,1.398907531400944,1.398907531400944,15,2,6,Summer
2025-06-25 16:00:00,41.3,40.81826169768636,-0.48173830231363723,0.48173830231363723,16,2,6,Summer
2025-06-25 17:00:00,47.5,41.90121433886609,-5.59878566113391,5.59878566113391,17,2,6,Summer
2025-06-25 18:00:00,42.2,39.55773720715331,-2.6422627928466937,2.6422627928466937,18,2,6,Summer
2025-06-25 19:00:00,32.8,34.62193508632528,1.8219350863252828,1.8219350863252828,19,2,6,Summer
2025-06-25 20:00:00,29.7,28.809017441237188,-0.8909825587628113,0.8909825587628113,20,2,6,Summer
2025-06-25 21:00:00,29.2,30.2735900480959,1.0735900480959018,1.0735900480959018,21,2,6,Summer
2025-06-25 22:00:00,31.2,30.45807470139255,-0.7419252986074483,0.7419252986074483,22,2,6,Summer
2025-06-25 23:00:00,28.0,28.287643419506004,0.28764341950600425,0.28764341950600425,23,2,6,Summer
2025-06-26 00:00:00,26.4,27.794921781587906,1.3949217815879074,1.3949217815879074,0,3,6,Summer
2025-06-26 01:00:00,34.1,28.55625688641426,-5.543743113585741,5.543743113585741,1,3,6,Summer
2025-06-26 02:00:00,28.6,29.23308140542701,0.63308140542701,0.63308140542701,2,3,6,Summer
2025-06-26 03:00:00,39.5,33.54765730082888,-5.952342699171119,5.952342699171119,3,3,6,Summer
2025-06-26 04:00:00,32.3,34.48804459241632,2.1880445924163254,2.1880445924163254,4,3,6,Summer
2025-06-26 05:00:00,41.0,36.8668089019928,-4.133191098007202,4.133191098007202,5,3,6,Summer
2025-06-26 06:00:00,37.4,37.8243204149013,0.42432041490130246,0.42432041490130246,6,3,6,Summer
2025-06-26 07:00:00,41.9,37.740168049020205,-4.159831950979793,4.159831950979793,7,3,6,Summer
2025-06-26 08:00:00,37.0,37.73935119784921,0.73935119784921,0.73935119784921,8,3,6,Summer
2025-06-26 09:00:00,38.2,41.7245841258096,3.5245841258095965,3.5245841258095965,9,3,6,Summer
2025-06-26 10:00:00,44.7,44.59316944087427,-0.1068305591257328,0.1068305591257328,10,3,6,Summer
2025-06-26 11:00:00,47.6,44.23120331586455,-3.3687966841354537,3.3687966841354537,11,3,6,Summer
2025-06-26 12:00:00,44.1,44.744791884536504,0.6447918845365024,0.6447918845365024,12,3,6,Summer
2025-06-26 13:00:00,38.5,40.73720023802385,2.2372002380238527,2.2372002380238527,13,3,6,Summer
2025-06-26 14:00:00,37.4,40.45109884922994,3.0510988492299447,3.0510988492299447,14,3,6,Summer
2025-06-26 15:00:00,35.9,38.781065409728164,2.8810654097281656,2.8810654097281656,15,3,6,Summer
2025-06-26 16:00:00,32.9,37.45832734539285,4.558327345392854,4.558327345392854,16,3,6,Summer
2025-06-26 17:00:00,38.5,38.79598649963271,0.2959864996327113,0.2959864996327113,17,3,6,Summer
2025-06-26 18:00:00,40.4,38.85052436747801,-1.5494756325219896,1.5494756325219896,18,3,6,Summer
2025-06-26 19:00:00,33.8,32.66125009017331,-1.1387499098266858,1.1387499098266858,19,3,6,Summer
2025-06-26 20:00:00,22.9,26.80882761392412,3.908827613924121,3.908827613924121,20,3,6,Summer
2025-06-26 21:00:00,29.5,28.832289734939735,-0.6677102650602649,0.6677102650602649,21,3,6,Summer
2025-06-26 22:00:00,28.4,29.67369327867918,1.2736932786791826,1.2736932786791826,22,3,6,Summer
2025-06-26 23:00:00,36.6,30.292943945446744,-6.307056054553257,6.307056054553257,23,3,6,Summer
2025-06-27 00:00:00,21.9,25.02702001901942,3.1270200190194224,3.1270200190194224,0,4,6,Summer
2025-06-27 01:00:00,26.5,27.587210263909526,1.087210263909526,1.087210263909526,1,4,6,Summer
2025-06-27 02:00:00,35.7,31.52967365185962,-4.170326348140382,4.170326348140382,2,4,6,Summer
2025-06-27 03:00:00,31.9,30.429853658719793,-1.4701463412802056,1.4701463412802056,3,4,6,Summer
2025-06-27 04:00:00,34.0,32.92801844451445,-1.07198155548555,1.07198155548555,4,4,6,Summer
2025-06-27 05:00:00,34.2,35.70326075978794,1.5032607597879348,1.5032607597879348,5,4,6,Summer
2025-06-27 06:00:00,37.1,37.8062056019346,0.7062056019345988,0.7062056019345988,6,4,6,Summer
2025-06-27 07:00:00,41.0,40.409057746385265,-0.5909422536147346,0.5909422536147346,7,4,6,Summer
2025-06-27 08:00:00,36.5,38.80342685199615,2.30342685199615,2.30342685199615,8,4,6,Summer
2025-06-27 09:00:00,44.9,41.36144762181233,-3.538552378187667,3.538552378187667,9,4,6,Summer
2025-06-27 10:00:00,37.2,40.50676514822606,3.306765148226056,3.306765148226056,10,4,6,Summer
2025-06-27 11:00:00,44.8,45.1691905599776,0.3691905599776035,0.3691905599776035,11,4,6,Summer
2025-06-27 12:00:00,44.5,43.59742027462502,-0.9025797253749772,0.9025797253749772,12,4,6,Summer
2025-06-27 13:00:00,41.0,41.91932843632125,0.9193284363212513,0.9193284363212513,13,4,6,Summer
2025-06-27 14:00:00,42.6,42.419591376676976,-0.1804086233230251,0.1804086233230251,14,4,6,Summer
2025-06-27 15:00:00,38.9,40.38582793389104,1.485827933891045,1.485827933891045,15,4,6,Summer
2025-06-27 16:00:00,35.5,38.27168369486114,2.7716836948611387,2.7716836948611387,16,4,6,Summer
2025-06-27 17:00:00,36.4,37.793424441299265,1.393424441299267,1.393424441299267,17,4,6,Summer
2025-06-27 18:00:00,31.4,35.091351381649794,3.6913513816497954,3.6913513816497954,18,4,6,Summer
2025-06-27 19:00:00,35.0,33.41491505882234,-1.5850849411776622,1.5850849411776622,19,4,6,Summer
2025-06-27 20:00:00,27.2,29.472796304064307,2.2727963040643075,2.2727963040643075,20,4,6,Summer
2025-06-27 21:00:00,33.0,29.006651683443593,-3.993348316556407,3.993348316556407,21,4,6,Summer
2025-06-27 22:00:00,24.1,27.201023976585592,3.1010239765855907,3.1010239765855907,22,4,6,Summer
2025-06-27 23:00:00,25.8,27.37915533859006,1.5791553385900592,1.5791553385900592,23,4,6,Summer
2025-06-28 00:00:00,20.1,20.514069268029253,0.4140692680292517,0.4140692680292517,0,5,6,Summer
2025-06-28 01:00:00,28.2,26.084786398774046,-2.1152136012259533,2.1152136012259533,1,5,6,Summer
2025-06-28 02:00:00,25.0,25.849621547484784,0.8496215474847837,0.8496215474847837,2,5,6,Summer
2025-06-28 03:00:00,24.1,25.57543277360117,1.4754327736011703,1.4754327736011703,3,5,6,Summer
2025-06-28 04:00:00,28.6,26.58667605938997,-2.0133239406100323,2.0133239406100323,4,5,6,Summer
2025-06-28 05:00:00,20.1,26.173130478172787,6.073130478172786,6.073130478172786,5,5,6,Summer
2025-06-28 06:00:00,30.4,29.925883165120748,-0.4741168348792506,0.4741168348792506,6,5,6,Summer
2025-06-28 07:00:00,40.7,33.95763011703649,-6.742369882963516,6.742369882963516,7,5,6,Summer
2025-06-28 08:00:00,35.1,34.49508320671496,-0.6049167932850423,0.6049167932850423,8,5,6,Summer
2025-06-28 09:00:00,36.5,36.467416426658566,-0.03258357334143369,0.03258357334143369,9,5,6,Summer
2025-06-28 10:00:00,39.7,38.483704569610026,-1.2162954303899767,1.2162954303899767,10,5,6,Summer
2025-06-28 11:00:00,41.9,39.25195035847265,-2.6480496415273507,2.6480496415273507,11,5,6,Summer
2025-06-28 12:00:00,30.6,34.84912900138374,4.249129001383736,4.249129001383736,12,5,6,Summer
2025-06-28 13:00:00,31.6,34.15129483081598,2.5512948308159764,2.5512948308159764,13,5,6,Summer
2025-06-28 14:00:00,38.4,36.04205755911411,-2.3579424408858856,2.3579424408858856,14,5,6,Summer
2025-06-28 15:00:00,33.4,35.90772793037233,2.507727930372333,2.507727930372333,15,5,6,Summer
2025-06-28 16:00:00,39.9,34.96035001369511,-4.939649986304886,4.939649986304886,16,5,6,Summer
2025-06-28 17:00:00,31.4,32.945335312428625,1.5453353124286267,1.5453353124286267,17,5,6,Summer
2025-06-28 18:00:00,22.9,28.004844287281525,5.1048442872815265,5.1048442872815265,18,5,6,Summer
2025-06-28 19:00:00,23.5,26.043806245778804,2.5438062457788035,2.5438062457788035,19,5,6,Summer
2025-06-28 20:00:00,15.6,21.12638867167379,5.526388671673791,5.526388671673791,20,5,6,Summer
2025-06-28 21:00:00,24.0,23.320727518240478,-0.6792724817595222,0.6792724817595222,21,5,6,Summer
2025-06-28 22:00:00,22.9,22.74938501582176,-0.15061498417824026,0.15061498417824026,22,5,6,Summer
2025-06-28 23:00:00,21.2,21.014886970904254,-0.18511302909574567,0.18511302909574567,23,5,6,Summer
2025-06-29 00:00:00,26.7,23.91199447368815,-2.7880055263118493,2.7880055263118493,0,6,6,Summer
2025-06-29 01:00:00,27.5,25.754095381647954,-1.7459046183520464,1.7459046183520464,1,6,6,Summer
2025-06-29 02:00:00,22.8,24.969410451076374,2.1694104510763736,2.1694104510763736,2,6,6,Summer
2025-06-29 03:00:00,16.2,22.37904122782578,6.179041227825781,6.179041227825781,3,6,6,Summer
2025-06-29 04:00:00,28.9,27.05208065499176,-1.8479193450082398,1.8479193450082398,4,6,6,Summer
2025-06-29 05:00:00,30.6,28.940570627074703,-1.659429372925299,1.659429372925299,5,6,6,Summer
2025-06-29 06:00:00,31.7,29.694754624790967,-2.0052453752090322,2.0052453752090322,6,6,6,Summer
2025-06-29 07:00:00,36.4,35.42854590052779,-0.9714540994722114,0.9714540994722114,7,6,6,Summer
2025-06-29 08:00:00,29.8,32.21657365171633,2.4165736517163303,2.4165736517163303,8,6,6,Summer
2025-06-29 09:00:00,44.1,39.385525343503566,-4.714474656496435,4.714474656496435,9,6,6,Summer
2025-06-29 10:00:00,33.5,35.88324612266546,2.3832461226654615,2.3832461226654615,10,6,6,Summer
2025-06-29 11:00:00,41.2,39.82578124020139,-1.374218759798616,1.374218759798616,11,6,6,Summer
2025-06-29 12:00:00,31.7,35.62314270560278,3.923142705602782,3.923142705602782,12,6,6,Summer
2025-06-29 13:00:00,34.4,35.190452343301345,0.7904523433013466,0.7904523433013466,13,6,6,Summer
2025-06-29 14:00:00,43.4,39.51668065103966,-3.8833193489603417,3.8833193489603417,14,6,6,Summer
2025-06-29 15:00:00,35.0,34.71511339481286,-0.2848866051871397,0.2848866051871397,15,6,6,Summer
2025-06-29 16:00:00,37.8,36.083792109123685,-1.716207890876312,1.716207890876312,16,6,6,Summer
2025-06-29 17:00:00,33.4,32.667233870221736,-0.7327661297782626,0.7327661297782626,17,6,6,Summer
2025-06-29 18:00:00,30.0,30.4085533587869,0.40855335878690013,0.40855335878690013,18,6,6,Summer
2025-06-29 19:00:00,33.8,31.49115615158515,-2.3088438484148455,2.3088438484148455,19,6,6,Summer
2025-06-29 20:00:00,25.5,24.943447524482043,-0.5565524755179574,0.5565524755179574,20,6,6,Summer
2025-06-29 21:00:00,17.7,23.136293332170144,5.436293332170145,5.436293332170145,21,6,6,Summer
2025-06-29 22:00:00,20.3,21.11417144435516,0.8141714443551606,0.8141714443551606,22,6,6,Summer
2025-06-29 23:00:00,24.9,23.646518736262003,-1.2534812637379957,1.2534812637379957,23,6,6,Summer
2025-06-30 00:00:00,28.8,26.175421490941392,-2.6245785090586082,2.6245785090586082,0,0,6,Summer
2025-06-30 01:00:00,21.3,24.010675685418825,2.710675685418824,2.710675685418824,1,0,6,Summer
2025-06-30 02:00:00,25.4,25.800300180230384,0.40030018023038494,0.40030018023038494,2,0,6,Summer
2025-06-30 03:00:00,27.3,26.958571428958685,-0.3414285710413161,0.3414285710413161,3,0,6,Summer
2025-06-30 04:00:00,29.8,30.195210852729534,0.3952108527295337,0.3952108527295337,4,0,6,Summer
2025-06-30 05:00:00,27.7,29.42502484375823,1.7250248437582307,1.7250248437582307,5,0,6,Summer
2025-06-30 06:00:00,32.7,33.995133873819434,1.295133873819431,1.295133873819431,6,0,6,Summer
2025-06-30 07:00:00,34.4,35.8368240446272,1.4368240446272011,1.4368240446272011,7,0,6,Summer
2025-06-30 08:00:00,42.3,38.61761493512046,-3.68238506487954,3.68238506487954,8,0,6,Summer
2025-06-30 09:00:00,44.2,41.789058287085375,-2.410941712914628,2.410941712914628,9,0,6,Summer
2025-06-30 10:00:00,41.6,40.63567364458592,-0.9643263554140802,0.9643263554140802,10,0,6,Summer
2025-06-30 11:00:00,41.4,41.79633078948755,0.39633078948754985,0.39633078948754985,11,0,6,Summer
2025-06-30 12:00:00,43.8,42.09186774644756,-1.708132253552435,1.708132253552435,12,0,6,Summer
2025-06-30 13:00:00,39.7,40.02347169462603,0.3234716946260292,0.3234716946260292,13,0,6,Summer
2025-06-30 14:00:00,37.6,40.37809157186456,2.7780915718645574,2.7780915718645574,14,0,6,Summer
2025-06-30 15:00:00,37.2,37.9104899536733,0.7104899536732958,0.7104899536732958,15,0,6,Summer
2025-06-30 16:00:00,36.7,37.471684373721644,0.7716843737216408,0.7716843737216408,16,0,6,Summer
2025-06-30 17:00:00,32.7,33.98987474753009,1.2898747475300851,1.2898747475300851,17,0,6,Summer
2025-06-30 18:00:00,35.9,34.670805130852656,-1.2291948691473422,1.2291948691473422,18,0,6,Summer
2025-06-30 19:00:00,36.1,33.643986015897234,-2.4560139841027677,2.4560139841027677,19,0,6,Summer
2025-06-30 20:00:00,24.9,27.981299847052913,3.0812998470529145,3.0812998470529145,20,0,6,Summer
2025-06-30 21:00:00,29.7,28.183636435222063,-1.5163635647779365,1.5163635647779365,21,0,6,Summer
2025-06-30 22:00:00,27.5,26.669723381862106,-0.8302766181378942,0.8302766181378942,22,0,6,Summer
2025-06-30 23:00:00,28.9,28.522219965944846,-0.3777800340551529,0.3777800340551529,23,0,6,Summer
2025-07-01 00:00:00,27.0,26.68289251718409,-0.31710748281590995,0.31710748281590995,0,1,7,Summer
2025-07-01 01:00:00,21.5,25.730193621838534,4.230193621838534,4.230193621838534,1,1,7,Summer
2025-07-01 02:00:00,23.1,25.411568389631032,2.311568389631031,2.311568389631031,2,1,7,Summer
2025-07-01 03:00:00,29.5,28.528746626611632,-0.9712533733883681,0.9712533733883681,3,1,7,Summer
2025-07-01 04:00:00,35.2,30.502177307184986,-4.697822692815016,4.697822692815016,4,1,7,Summer
2025-07-01 05:00:00,24.2,28.867544400779966,4.667544400779967,4.667544400779967,5,1,7,Summer
2025-07-01 06:00:00,36.5,35.99692250926333,-0.503077490736672,0.503077490736672,6,1,7,Summer
2025-07-01 07:00:00,41.9,38.45363182437257,-3.446368175627427,3.446368175627427,7,1,7,Summer
2025-07-01 08:00:00,38.5,40.39650437378537,1.896504373785369,1.896504373785369,8,1,7,Summer
2025-07-01 09:00:00,42.9,42.553095817026666,-0.3469041829733328,0.3469041829733328,9,1,7,Summer
2025-07-01 10:00:00,39.2,40.737230419236134,1.5372304192361312,1.5372304192361312,10,1,7,Summer
2025-07-01 11:00:00,42.3,42.11636073937458,-0.18363926062541935,0.18363926062541935,11,1,7,Summer
2025-07-01 12:00:00,36.6,38.10843195730257,1.5084319573025695,1.5084319573025695,12,1,7,Summer
2025-07-01 13:00:00,33.4,37.8019713986407,4.401971398640704,4.401971398640704,13,1,7,Summer
2025-07-01 14:00:00,45.8,41.41189125831424,-4.388108741685755,4.388108741685755,14,1,7,Summer
2025-07-01 15:00:00,36.8,37.00297737111962,0.20297737111962277,0.20297737111962277,15,1,7,Summer
2025-07-01 16:00:00,37.3,36.45179830574369,-0.8482016942563106,0.8482016942563106,16,1,7,Summer
2025-07-01 17:00:00,31.6,32.79568951849439,1.1956895184943903,1.1956895184943903,17,1,7,Summer
2025-07-01 18:00:00,29.4,32.008280512891815,2.6082805128918167,2.6082805128918167,18,1,7,Summer
2025-07-01 19:00:00,32.3,31.67733794506808,-0.6226620549319186,0.6226620549319186,19,1,7,Summer
2025-07-01 20:00:00,28.2,28.717602770132814,0.5176027701328145,0.5176027701328145,20,1,7,Summer
2025-07-01 21:00:00,30.9,28.923142130678194,-1.9768578693218046,1.9768578693218046,21,1,7,Summer
2025-07-01 22:00:00,30.0,27.9332032326778,-2.0667967673221987,2.0667967673221987,22,1,7,Summer
2025-07-01 23:00:00,28.6,28.468144623342592,-0.1318553766574091,0.1318553766574091,23,1,7,Summer
2025-07-02 00:00:00,27.9,27.87577666990799,-0.02422333009200983,0.02422333009200983,0,2,7,Summer
2025-07-02 01:00:00,33.5,27.805874217312823,-5.694125782687177,5.694125782687177,1,2,7,Summer
2025-07-02 02:00:00,23.7,25.321039219250586,1.6210392192505871,1.6210392192505871,2,2,7,Summer
2025-07-02 03:00:00,29.0,29.368265001981143,0.3682650019811433,0.3682650019811433,3,2,7,Summer
2025-07-02 04:00:00,35.4,31.596277619111635,-3.803722380888363,3.803722380888363,4,2,7,Summer
2025-07-02 05:00:00,37.9,33.92976885279066,-3.97023114720934,3.97023114720934,5,2,7,Summer
2025-07-02 06:00:00,29.2,34.35328338651585,5.153283386515849,5.153283386515849,6,2,7,Summer
2025-07-02 07:00:00,35.7,38.45722496364286,2.757224963642855,2.757224963642855,7,2,7,Summer
2025-07-02 08:00:00,44.3,41.78048058911151,-2.519519410888485,2.519519410888485,8,2,7,Summer
2025-07-02 09:00:00,42.6,41.45369571801572,-1.1463042819842784,1.1463042819842784,9,2,7,Summer
2025-07-02 10:00:00,42.6,43.062731681215794,0.4627316812157929,0.4627316812157929,10,2,7,Summer
2025-07-02 11:00:00,41.8,43.325533260121816,1.5255332601218186,1.5255332601218186,11,2,7,Summer
2025-07-02 12:00:00,41.4,41.26054352388852,-0.1394564761114765,0.1394564761114765,12,2,7,Summer
2025-07-02 13:00:00,43.8,42.59852411981936,-1.201475880180638,1.201475880180638,13,2,7,Summer
2025-07-02 14:00:00,40.8,40.75308429376609,-0.04691570623390362,0.04691570623390362,14,2,7,Summer
2025-07-02 15:00:00,40.4,40.21578552959924,-0.1842144704007609,0.1842144704007609,15,2,7,Summer
2025-07-02 16:00:00,39.2,39.362649809622035,0.16264980962203168,0.16264980962203168,16,2,7,Summer
2025-07-02 17:00:00,34.3,36.351133252346685,2.0511332523466876,2.0511332523466876,17,2,7,Summer
2025-07-02 18:00:00,37.0,35.244705257460296,-1.7552947425397036,1.7552947425397036,18,2,7,Summer
2025-07-02 19:00:00,44.5,35.114502658296296,-9.385497341703704,9.385497341703704,19,2,7,Summer
2025-07-02 20:00:00,23.8,27.234933088738764,3.434933088738763,3.434933088738763,20,2,7,Summer
2025-07-02 21:00:00,30.6,29.312308329164043,-1.287691670835958,1.287691670835958,21,2,7,Summer
2025-07-02 22:00:00,24.9,27.573672017573617,2.673672017573619,2.673672017573619,22,2,7,Summer
2025-07-02 23:00:00,29.5,26.470980625816242,-3.0290193741837577,3.0290193741837577,23,2,7,Summer
2025-07-03 00:00:00,26.9,25.846053823304214,-1.053946176695785,1.053946176695785,0,3,7,Summer
2025-07-03 01:00:00,30.1,30.261687475617588,0.16168747561758678,0.16168747561758678,1,3,7,Summer
2025-07-03 02:00:00,32.5,30.363598976641793,-2.136401023358207,2.136401023358207,2,3,7,Summer
2025-07-03 03:00:00,29.9,30.58724393398835,0.687243933988352,0.687243933988352,3,3,7,Summer
2025-07-03 04:00:00,35.3,33.32889210123596,-1.9711078987640391,1.9711078987640391,4,3,7,Summer
2025-07-03 05:00:00,23.3,29.9338121355394,6.633812135539401,6.633812135539401,5,3,7,Summer
2025-07-03 06:00:00,41.1,37.4651535659775,-3.6348464340224993,3.6348464340224993,6,3,7,Summer
2025-07-03 07:00:00,38.3,37.93715626748009,-0.36284373251990587,0.36284373251990587,7,3,7,Summer
2025-07-03 08:00:00,43.1,41.18743170902162,-1.9125682909783848,1.9125682909783848,8,3,7,Summer
2025-07-03 09:00:00,35.5,40.057817332698114,4.557817332698114,4.557817332698114,9,3,7,Summer
2025-07-03 10:00:00,38.3,41.44699407153704,3.146994071537044,3.146994071537044,10,3,7,Summer
2025-07-03 11:00:00,43.1,43.09324723577482,-0.006752764225183228,0.006752764225183228,11,3,7,Summer
2025-07-03 12:00:00,42.7,41.85645708309687,-0.8435429169031323,0.8435429169031323,12,3,7,Summer
2025-07-03 13:00:00,43.6,41.622036959400305,-1.9779630405996969,1.9779630405996969,13,3,7,Summer
2025-07-03 14:00:00,46.0,42.3127010548178,-3.6872989451821994,3.6872989451821994,14,3,7,Summer
2025-07-03 15:00:00,33.3,38.16403663729218,4.86403663729218,4.86403663729218,15,3,7,Summer
2025-07-03 16:00:00,42.6,39.41007380603678,-3.189926193963224,3.189926193963224,16,3,7,Summer
2025-07-03 17:00:00,36.8,34.58385297983337,-2.2161470201666305,2.2161470201666305,17,3,7,Summer
2025-07-03 18:00:00,33.9,34.1024182742216,0.20241827422159986,0.20241827422159986,18,3,7,Summer
2025-07-03 19:00:00,26.8,30.5559659692885,3.7559659692885,3.7559659692885,19,3,7,Summer
2025-07-03 20:00:00,32.8,30.462919400103388,-2.337080599896609,2.337080599896609,20,3,7,Summer
2025-07-03 21:00:00,19.4,24.41669615638824,5.016696156388242,5.016696156388242,21,3,7,Summer
2025-07-03 22:00:00,30.4,27.536403293304556,-2.863596706695443,2.863596706695443,22,3,7,Summer
2025-07-03 23:00:00,21.0,25.42053927098232,4.420539270982321,4.420539270982321,23,3,7,Summer
2025-07-04 00:00:00,26.8,25.394674137503667,-1.4053258624963334,1.4053258624963334,0,4,7,Summer
2025-07-04 01:00:00,26.4,25.32243124976072,-1.07756875023928,1.07756875023928,1,4,7,Summer
2025-07-04 02:00:00,32.3,29.557412551242322,-2.742587448757675,2.742587448757675,2,4,7,Summer
2025-07-04 03:00:00,28.2,29.26316269643257,1.0631626964325704,1.0631626964325704,3,4,7,Summer
2025-07-04 04:00:00,27.8,30.945025625734708,3.145025625734707,3.145025625734707,4,4,7,Summer
2025-07-04 05:00:00,30.5,33.25035482429827,2.7503548242982703,2.7503548242982703,5,4,7,Summer
2025-07-04 06:00:00,39.7,36.29850781822809,-3.401492181771914,3.401492181771914,6,4,7,Summer
2025-07-04 07:00:00,38.8,37.442414851414426,-1.3575851485855708,1.3575851485855708,7,4,7,Summer
2025-07-04 08:00:00,37.0,37.8879052842249,0.8879052842248996,0.8879052842248996,8,4,7,Summer
2025-07-04 09:00:00,39.3,39.72396966881751,0.42396966881751297,0.42396966881751297,9,4,7,Summer
2025-07-04 10:00:00,35.2,39.26319378895162,4.063193788951615,4.063193788951615,10,4,7,Summer
2025-07-04 11:00:00,43.9,42.769541222144944,-1.130458777855054,1.130458777855054,11,4,7,Summer
2025-07-04 12:00:00,35.5,40.29584010050881,4.795840100508812,4.795840100508812,12,4,7,Summer
2025-07-04 13:00:00,45.3,42.563421930202665,-2.736578069797332,2.736578069797332,13,4,7,Summer
2025-07-04 14:00:00,42.0,42.11552344353687,0.1155234435368726,0.1155234435368726,14,4,7,Summer
2025-07-04 15:00:00,49.8,41.592190119689185,-8.207809880310812,8.207809880310812,15,4,7,Summer
2025-07-04 16:00:00,34.2,37.40171981555932,3.201719815559315,3.201719815559315,16,4,7,Summer
2025-07-04 17:00:00,36.2,36.33996893608538,0.1399689360853742,0.1399689360853742,17,4,7,Summer
2025-07-04 18:00:00,41.8,36.79293600977298,-5.007063990227017,5.007063990227017,18,4,7,Summer
2025-07-04 19:00:00,37.3,35.85886109055272,-1.4411389094472753,1.4411389094472753,19,4,7,Summer
2025-07-04 20:00:00,27.8,29.725670582593118,1.925670582593117,1.925670582593117,20,4,7,Summer
2025-07-04 21:00:00,29.8,30.606313812637485,0.8063138126374838,0.8063138126374838,21,4,7,Summer
2025-07-04 22:00:00,27.6,27.099290422495308,-0.5007095775046935,0.5007095775046935,22,4,7,Summer
2025-07-04 23:00:00,28.0,26.810888088525783,-1.1891119114742175,1.1891119114742175,23,4,7,Summer
2025-07-05 00:00:00,18.6,20.64149441924483,2.0414944192448274,2.0414944192448274,0,5,7,Summer
2025-07-05 01:00:00,21.3,21.436225257364633,0.1362252573646323,0.1362252573646323,1,5,7,Summer
2025-07-05 02:00:00,16.1,21.469701949796647,5.369701949796646,5.369701949796646,2,5,7,Summer
2025-07-05 03:00:00,24.3,24.09653037610629,-0.20346962389371015,0.20346962389371015,3,5,7,Summer
2025-07-05 04:00:00,27.2,26.92617610764945,-0.27382389235054916,0.27382389235054916,4,5,7,Summer
2025-07-05 05:00:00,26.4,26.533513123324774,0.13351312332477505,0.13351312332477505,5,5,7,Summer
2025-07-05 06:00:00,22.9,27.74801958277967,4.848019582779671,4.848019582779671,6,5,7,Summer
2025-07-05 07:00:00,35.4,32.43955512421197,-2.9604448757880277,2.9604448757880277,7,5,7,Summer
2025-07-05 08:00:00,34.9,33.15349066401025,-1.7465093359897494,1.7465093359897494,8,5,7,Summer
2025-07-05 09:00:00,32.2,32.89927058313217,0.6992705831321686,0.6992705831321686,9,5,7,Summer
2025-07-05 10:00:00,35.2,33.23084588597188,-1.9691541140281217,1.9691541140281217,10,5,7,Summer
2025-07-05 11:00:00,31.1,34.10745182313265,3.007451823132648,3.007451823132648,11,5,7,Summer
2025-07-05 12:00:00,33.3,33.324724217577995,0.024724217577997365,0.024724217577997365,12,5,7,Summer
2025-07-05 13:00:00,35.0,36.383543153892404,1.3835431538924041,1.3835431538924041,13,5,7,Summer
2025-07-05 14:00:00,41.2,38.02105572825909,-3.17894427174091,3.17894427174091,14,5,7,Summer
2025-07-05 15:00:00,32.5,33.9361965394788,1.4361965394788,1.4361965394788,15,5,7,Summer
2025-07-05 16:00:00,36.0,34.98451850509378,-1.0154814949062185,1.0154814949062185,16,5,7,Summer
2025-07-05 17:00:00,29.3,30.65481718291899,1.354817182918989,1.354817182918989,17,5,7,Summer
2025-07-05 18:00:00,30.4,28.352439255556302,-2.0475607444436967,2.0475607444436967,18,5,7,Summer
2025-07-05 19:00:00,26.8,26.08605858331348,-0.7139414166865201,0.7139414166865201,19,5,7,Summer
2025-07-05 20:00:00,28.9,26.114185716780966,-2.7858142832190325,2.7858142832190325,20,5,7,Summer
2025-07-05 21:00:00,21.6,21.405826977872454,-0.19417302212754706,0.19417302212754706,21,5,7,Summer
2025-07-05 22:00:00,16.2,18.639576007383287,2.4395760073832875,2.4395760073832875,22,5,7,Summer
2025-07-05 23:00:00,16.1,17.97466704366397,1.874667043663969,1.874667043663969,23,5,7,Summer
2025-07-06 00:00:00,19.1,18.81087947704615,-0.2891205229538514,0.2891205229538514,0,6,7,Summer
2025-07-06 01:00:00,16.5,18.87891090585973,2.3789109058597298,2.3789109058597298,1,6,7,Summer
2025-07-06 02:00:00,23.9,22.86066382555602,-1.039336174443978,1.039336174443978,2,6,7,Summer
2025-07-06 03:00:00,21.7,22.538684658430917,0.8386846584309176,0.8386846584309176,3,6,7,Summer
2025-07-06 04:00:00,34.7,30.11246556164317,-4.587534438356833,4.587534438356833,4,6,7,Summer
2025-07-06 05:00:00,20.2,23.875623955517746,3.6756239555177466,3.6756239555177466,5,6,7,Summer
2025-07-06 06:00:00,30.0,27.927614929340407,-2.0723850706595925,2.0723850706595925,6,6,7,Summer
2025-07-06 07:00:00,26.8,30.05029215584094,3.2502921558409383,3.2502921558409383,7,6,7,Summer
2025-07-06 08:00:00,31.3,32.07837569269845,0.7783756926984502,0.7783756926984502,8,6,7,Summer
2025-07-06 09:00:00,35.4,34.680221263220695,-0.719778736779304,0.719778736779304,9,6,7,Summer
2025-07-06 10:00:00,26.9,31.314442078333173,4.414442078333174,4.414442078333174,10,6,7,Summer
2025-07-06 11:00:00,37.9,36.89358495506753,-1.0064150449324671,1.0064150449324671,11,6,7,Summer
2025-07-06 12:00:00,44.8,39.07628927149188,-5.723710728508117,5.723710728508117,12,6,7,Summer
2025-07-06 13:00:00,35.1,34.21957636045707,-0.8804236395429328,0.8804236395429328,13,6,7,Summer
2025-07-06 14:00:00,37.2,38.036338023974075,0.8363380239740721,0.8363380239740721,14,6,7,Summer
2025-07-06 15:00:00,39.0,35.75795395463881,-3.2420460453611923,3.2420460453611923,15,6,7,Summer
2025-07-06 16:00:00,32.6,32.594550017281314,-0.005449982718687352,0.005449982718687352,16,6,7,Summer
2025-07-06 17:00:00,29.0,29.851410963852953,0.8514109638529526,0.8514109638529526,17,6,7,Summer
2025-07-06 18:00:00,20.1,26.582341643638916,6.4823416436389145,6.4823416436389145,18,6,7,Summer
2025-07-06 19:00:00,29.7,28.95757429358181,-0.7424257064181887,0.7424257064181887,19,6,7,Summer
2025-07-06 20:00:00,24.8,24.311111989439766,-0.4888880105602347,0.4888880105602347,20,6,7,Summer
2025-07-06 21:00:00,19.5,21.31393562137856,1.8139356213785582,1.8139356213785582,21,6,7,Summer
2025-07-06 22:00:00,22.8,22.28307985675505,-0.5169201432449491,0.5169201432449491,22,6,7,Summer
2025-07-06 23:00:00,19.2,21.068849182212585,1.8688491822125854,1.8688491822125854,23,6,7,Summer
2025-07-07 00:00:00,23.9,24.6129788771113,0.7129788771113006,0.7129788771113006,0,0,7,Summer
2025-07-07 01:00:00,28.8,25.98523430907245,-2.814765690927551,2.814765690927551,1,0,7,Summer
2025-07-07 02:00:00,21.8,23.911538830038698,2.111538830038697,2.111538830038697,2,0,7,Summer
2025-07-07 03:00:00,32.6,29.625616366578413,-2.9743836334215885,2.9743836334215885,3,0,7,Summer
2025-07-07 04:00:00,24.5,28.22963484851889,3.7296348485188915,3.7296348485188915,4,0,7,Summer
2025-07-07 05:00:00,29.3,29.95612249993844,0.6561224999384407,0.6561224999384407,5,0,7,Summer
2025-07-07 06:00:00,41.7,34.83263825104617,-6.867361748953833,6.867361748953833,6,0,7,Summer
2025-07-07 07:00:00,40.6,37.46957696539612,-3.1304230346038793,3.1304230346038793,7,0,7,Summer
2025-07-07 08:00:00,38.4,38.52375685101764,0.12375685101763878,0.12375685101763878,8,0,7,Summer
2025-07-07 09:00:00,35.9,39.180938304836836,3.2809383048368375,3.2809383048368375,9,0,7,Summer
2025-07-07 10:00:00,38.9,39.95085714567425,1.0508571456742501,1.0508571456742501,10,0,7,Summer
2025-07-07 11:00:00,42.1,40.46172825709559,-1.638271742904415,1.638271742904415,11,0,7,Summer
2025-07-07 12:00:00,42.2,41.642281558238246,-0.5577184417617573,0.5577184417617573,12,0,7,Summer
2025-07-07 13:00:00,41.4,39.74695338583631,-1.653046614163685,1.653046614163685,13,0,7,Summer
2025-07-07 14:00:00,40.9,40.84285574825829,-0.057144251741711116,0.057144251741711116,14,0,7,Summer
2025-07-07 15:00:00,38.9,39.27486291391244,0.37486291391244464,0.37486291391244464,15,0,7,Summer
2025-07-07 16:00:00,32.3,36.583665251756464,4.283665251756467,4.283665251756467,16,0,7,Summer
2025-07-07 17:00:00,34.1,34.142348942273046,0.04234894227304409,0.04234894227304409,17,0,7,Summer
2025-07-07 18:00:00,37.7,35.18460613704516,-2.515393862954845,2.515393862954845,18,0,7,Summer
2025-07-07 19:00:00,26.5,31.227654712167094,4.727654712167094,4.727654712167094,19,0,7,Summer
2025-07-07 20:00:00,29.3,29.125258656520828,-0.17474134347917314,0.17474134347917314,20,0,7,Summer
2025-07-07 21:00:00,25.1,26.625364227664726,1.5253642276647241,1.5253642276647241,21,0,7,Summer
2025-07-07 22:00:00,27.6,25.86589330103934,-1.7341066989606624,1.7341066989606624,22,0,7,Summer
2025-07-07 23:00:00,24.8,26.49620925596507,1.6962092559650692,1.6962092559650692,23,0,7,Summer
2025-07-08 00:00:00,31.8,25.67944731015918,-6.120552689840821,6.120552689840821,0,1,7,Summer
2025-07-08 01:00:00,28.2,26.15114181939334,-2.0488581806066577,2.0488581806066577,1,1,7,Summer
2025-07-08 02:00:00,21.7,25.136536627582114,3.4365366275821145,3.4365366275821145,2,1,7,Summer
2025-07-08 03:00:00,30.9,29.18310307588291,-1.716896924117087,1.716896924117087,3,1,7,Summer
2025-07-08 04:00:00,26.8,28.920439989333506,2.120439989333505,2.120439989333505,4,1,7,Summer
2025-07-08 05:00:00,29.5,29.09933200992791,-0.4006679900720904,0.4006679900720904,5,1,7,Summer
2025-07-08 06:00:00,35.1,35.34943621730143,0.2494362173014295,0.2494362173014295,6,1,7,Summer
2025-07-08 07:00:00,34.0,34.52685626680795,0.5268562668079468,0.5268562668079468,7,1,7,Summer
2025-07-08 08:00:00,41.5,37.85819194400385,-3.641808055996151,3.641808055996151,8,1,7,Summer
2025-07-08 09:00:00,36.4,37.95464267817573,1.5546426781757319,1.5546426781757319,9,1,7,Summer
2025-07-08 10:00:00,38.3,39.63494092879782,1.3349409287978204,1.3349409287978204,10,1,7,Summer
2025-07-08 11:00:00,39.0,40.66801150154355,1.6680115015435533,1.6680115015435533,11,1,7,Summer
2025-07-08 12:00:00,39.6,41.63434035036796,2.0343403503679554,2.0343403503679554,12,1,7,Summer
2025-07-08 13:00:00,46.0,41.339615865558144,-4.6603841344418555,4.6603841344418555,13,1,7,Summer
2025-07-08 14:00:00,43.3,41.72108457296861,-1.57891542703139,1.57891542703139,14,1,7,Summer
2025-07-08 15:00:00,46.4,41.29355198991628,-5.106448010083717,5.106448010083717,15,1,7,Summer
2025-07-08 16:00:00,47.0,39.95799243943176,-7.042007560568237,7.042007560568237,16,1,7,Summer
2025-07-08 17:00:00,31.8,33.85748084973988,2.0574808497398784,2.0574808497398784,17,1,7,Summer
2025-07-08 18:00:00,34.2,35.39935966703008,1.1993596670300803,1.1993596670300803,18,1,7,Summer
2025-07-08 19:00:00,27.1,28.96844609706913,1.8684460970691283,1.8684460970691283,19,1,7,Summer
2025-07-08 20:00:00,26.8,27.47735514075433,0.6773551407543295,0.6773551407543295,20,1,7,Summer
2025-07-08 21:00:00,25.7,26.756330207509226,1.0563302075092267,1.0563302075092267,21,1,7,Summer
2025-07-08 22:00:00,22.7,25.245975991390115,2.545975991390115,2.545975991390115,22,1,7,Summer
2025-07-08 23:00:00,21.9,23.960987044854296,2.060987044854297,2.060987044854297,23,1,7,Summer
2025-07-09 00:00:00,25.1,24.621453404820784,-0.4785465951792176,0.4785465951792176,0,2,7,Summer
2025-07-09 01:00:00,21.1,25.487730838915947,4.387730838915946,4.387730838915946,1,2,7,Summer
2025-07-09 02:00:00,30.2,28.34181795431017,-1.85818204568983,1.85818204568983,2,2,7,Summer
2025-07-09 03:00:00,24.4,27.46103852287419,3.061038522874192,3.061038522874192,3,2,7,Summer
2025-07-09 04:00:00,41.0,35.538532218635574,-5.461467781364426,5.461467781364426,4,2,7,Summer
2025-07-09 05:00:00,29.8,31.253497203438666,1.4534972034386655,1.4534972034386655,5,2,7,Summer
2025-07-09 06:00:00,34.0,35.00781401724884,1.0078140172488403,1.0078140172488403,6,2,7,Summer
2025-07-09 07:00:00,30.6,34.55035609172051,3.950356091720508,3.950356091720508,7,2,7,Summer
2025-07-09 08:00:00,44.5,39.797646043787125,-4.702353956212875,4.702353956212875,8,2,7,Summer
2025-07-09 09:00:00,43.8,39.47102429868582,-4.328975701314178,4.328975701314178,9,2,7,Summer
2025-07-09 10:00:00,41.8,41.23512828851322,-0.5648717114867736,0.5648717114867736,10,2,7,Summer
2025-07-09 11:00:00,36.1,38.74758122272983,2.6475812227298263,2.6475812227298263,11,2,7,Summer
2025-07-09 12:00:00,42.6,40.65110034291331,-1.9488996570866917,1.9488996570866917,12,2,7,Summer
2025-07-09 13:00:00,37.0,38.46751265447324,1.4675126544732393,1.4675126544732393,13,2,7,Summer
2025-07-09 14:00:00,46.5,41.97568082360939,-4.5243191763906125,4.5243191763906125,14,2,7,Summer
2025-07-09 15:00:00,42.6,40.55976088551921,-2.0402391144807908,2.0402391144807908,15,2,7,Summer
2025-07-09 16:00:00,38.1,38.87845345688946,0.7784534568894586,0.7784534568894586,16,2,7,Summer
2025-07-09 17:00:00,26.0,31.831476876829203,5.831476876829203,5.831476876829203,17,2,7,Summer
2025-07-09 18:00:00,29.8,32.466477715767475,2.666477715767474,2.666477715767474,18,2,7,Summer
2025-07-09 19:00:00,34.4,31.680497744111292,-2.719502255888706,2.719502255888706,19,2,7,Summer
2025-07-09 20:00:00,34.6,29.65666645797933,-4.943333542020671,4.943333542020671,20,2,7,Summer
2025-07-09 21:00:00,32.5,28.29956865103988,-4.2004313489601195,4.2004313489601195,21,2,7,Summer
2025-07-09 22:00:00,20.4,24.087409567611136,3.6874095676111374,3.6874095676111374,22,2,7,Summer
2025-07-09 23:00:00,27.2,26.649799687316683,-0.5502003126833159,0.5502003126833159,23,2,7,Summer
2025-07-10 00:00:00,29.6,27.09926320073837,-2.500736799261631,2.500736799261631,0,3,7,Summer
2025-07-10 01:00:00,19.2,22.221944943210282,3.0219449432102827,3.0219449432102827,1,3,7,Summer
2025-07-10 02:00:00,26.6,26.36029567403433,-0.23970432596567193,0.23970432596567193,2,3,7,Summer
2025-07-10 03:00:00,29.0,26.878712293350503,-2.121287706649497,2.121287706649497,3,3,7,Summer
2025-07-10 04:00:00,28.3,29.81406298624928,1.5140629862492787,1.5140629862492787,4,3,7,Summer
2025-07-10 05:00:00,24.1,27.582935235460635,3.4829352354606335,3.4829352354606335,5,3,7,Summer
2025-07-10 06:00:00,32.2,31.32012527908988,-0.8798747209101236,0.8798747209101236,6,3,7,Summer
2025-07-10 07:00:00,34.3,33.54691943458987,-0.75308056541013,0.75308056541013,7,3,7,Summer
2025-07-10 08:00:00,36.9,36.75815640757666,-0.1418435924233421,0.1418435924233421,8,3,7,Summer
2025-07-10 09:00:00,36.9,37.27571534563873,0.37571534563873143,0.37571534563873143,9,3,7,Summer
2025-07-10 10:00:00,38.7,39.12037833902852,0.42037833902851673,0.42037833902851673,10,3,7,Summer
2025-07-10 11:00:00,41.1,39.913655042693286,-1.1863449573067157,1.1863449573067157,11,3,7,Summer
2025-07-10 12:00:00,43.3,41.72244402116275,-1.5775559788372462,1.5775559788372462,12,3,7,Summer
2025-07-10 13:00:00,40.1,39.6087237911853,-0.49127620881470335,0.49127620881470335,13,3,7,Summer
2025-07-10 14:00:00,38.8,39.895340673911576,1.0953406739115792,1.0953406739115792,14,3,7,Summer
2025-07-10 15:00:00,39.6,39.18592067866048,-0.4140793213395213,0.4140793213395213,15,3,7,Summer
2025-07-10 16:00:00,29.9,35.053701202159374,5.153701202159375,5.153701202159375,16,3,7,Summer
2025-07-10 17:00:00,37.5,35.71292292880251,-1.787077071197487,1.787077071197487,17,3,7,Summer
2025-07-10 18:00:00,33.5,32.438530625006656,-1.0614693749933437,1.0614693749933437,18,3,7,Summer
2025-07-10 19:00:00,31.6,29.623832089584653,-1.9761679104153487,1.9761679104153487,19,3,7,Summer
2025-07-10 20:00:00,33.4,30.349187654752768,-3.0508123452472304,3.0508123452472304,20,3,7,Summer
2025-07-10 21:00:00,20.1,25.392600169570425,5.292600169570424,5.292600169570424,21,3,7,Summer
2025-07-10 22:00:00,18.7,23.6066254405876,4.9066254405876,4.9066254405876,22,3,7,Summer
2025-07-10 23:00:00,26.9,24.820246850794994,-2.079753149205004,2.079753149205004,23,3,7,Summer
2025-07-11 00:00:00,25.3,24.090369931770777,-1.2096300682292238,1.2096300682292238,0,4,7,Summer
2025-07-11 01:00:00,26.3,26.171393551872043,-0.1286064481279574,0.1286064481279574,1,4,7,Summer
2025-07-11 02:00:00,24.6,26.57917155498228,1.9791715549822797,1.9791715549822797,2,4,7,Summer
2025-07-11 03:00:00,30.4,27.815425747709277,-2.5845742522907216,2.5845742522907216,3,4,7,Summer
2025-07-11 04:00:00,33.1,30.69894106935554,-2.40105893064446,2.40105893064446,4,4,7,Summer
2025-07-11 05:00:00,33.2,31.87759167448043,-1.3224083255195715,1.3224083255195715,5,4,7,Summer
2025-07-11 06:00:00,32.3,32.44384549689153,0.14384549689152948,0.14384549689152948,6,4,7,Summer
2025-07-11 07:00:00,27.0,32.257556685705616,5.257556685705616,5.257556685705616,7,4,7,Summer
2025-07-11 08:00:00,40.4,38.68028331378566,-1.7197166862143405,1.7197166862143405,8,4,7,Summer
2025-07-11 09:00:00,43.9,40.619932504370006,-3.280067495629993,3.280067495629993,9,4,7,Summer
2025-07-11 10:00:00,42.9,41.015327131221056,-1.8846728687789422,1.8846728687789422,10,4,7,Summer
2025-07-11 11:00:00,37.6,40.5071761832312,2.9071761832312006,2.9071761832312006,11,4,7,Summer
2025-07-11 12:00:00,44.1,41.977438626568265,-2.1225613734317363,2.1225613734317363,12,4,7,Summer
2025-07-11 13:00:00,44.5,42.84487093622597,-1.6551290637740266,1.6551290637740266,13,4,7,Summer
2025-07-11 14:00:00,46.5,42.38265602303952,-4.117343976960477,4.117343976960477,14,4,7,Summer
2025-07-11 15:00:00,35.5,38.70731210163514,3.2073121016351394,3.2073121016351394,15,4,7,Summer
2025-07-11 16:00:00,36.5,37.80398168861567,1.3039816886156714,1.3039816886156714,16,4,7,Summer
2025-07-11 17:00:00,38.4,35.73171673999768,-2.668283260002319,2.668283260002319,17,4,7,Summer
2025-07-11 18:00:00,33.6,33.044540854354665,-0.5554591456453366,0.5554591456453366,18,4,7,Summer
2025-07-11 19:00:00,26.8,29.619748570292977,2.819748570292976,2.819748570292976,19,4,7,Summer
2025-07-11 20:00:00,31.0,30.968968964368365,-0.031031035631635007,0.031031035631635007,20,4,7,Summer
2025-07-11 21:00:00,30.0,28.04721743732513,-1.9527825626748694,1.9527825626748694,21,4,7,Summer
2025-07-11 22:00:00,26.8,26.300954316221944,-0.499045683778057,0.499045683778057,22,4,7,Summer
2025-07-11 23:00:00,26.5,25.71338056356277,-0.7866194364372312,0.7866194364372312,23,4,7,Summer
2025-07-12 00:00:00,19.2,20.269380301673582,1.0693803016735828,1.0693803016735828,0,5,7,Summer
2025-07-12 01:00:00,26.4,24.217238247248524,-2.1827617527514747,2.1827617527514747,1,5,7,Summer
2025-07-12 02:00:00,17.7,20.5291530660447,2.8291530660447,2.8291530660447,2,5,7,Summer
2025-07-12 03:00:00,20.2,21.842590808909524,1.6425908089095245,1.6425908089095245,3,5,7,Summer
2025-07-12 04:00:00,24.2,25.645370861207084,1.4453708612070848,1.4453708612070848,4,5,7,Summer
2025-07-12 05:00:00,29.6,28.08229058826851,-1.5177094117314915,1.5177094117314915,5,5,7,Summer
2025-07-12 06:00:00,22.2,25.472227165034614,3.2722271650346144,3.2722271650346144,6,5,7,Summer
2025-07-12 07:00:00,25.0,27.26089132607783,2.2608913260778287,2.2608913260778287,7,5,7,Summer
2025-07-12 08:00:00,24.1,29.135639058128717,5.035639058128716,5.035639058128716,8,5,7,Summer
2025-07-12 09:00:00,34.0,33.5840558377854,-0.4159441622146005,0.4159441622146005,9,5,7,Summer
2025-07-12 10:00:00,30.7,31.892658070486245,1.192658070486246,1.192658070486246,10,5,7,Summer
2025-07-12 11:00:00,34.4,34.39814928572907,-0.0018507142709296431,0.0018507142709296431,11,5,7,Summer
2025-07-12 12:00:00,38.8,37.43324507465191,-1.36675492534809,1.36675492534809,12,5,7,Summer
2025-07-12 13:00:00,33.4,35.023958831989106,1.623958831989107,1.623958831989107,13,5,7,Summer
2025-07-12 14:00:00,36.1,36.0018113395666,-0.0981886604334008,0.0981886604334008,14,5,7,Summer
2025-07-12 15:00:00,32.7,33.15781969606437,0.45781969606436945,0.45781969606436945,15,5,7,Summer
2025-07-12 16:00:00,34.9,33.023261129388274,-1.8767388706117245,1.8767388706117245,16,5,7,Summer
2025-07-12 17:00:00,32.2,31.810633287967416,-0.38936671203258655,0.38936671203258655,17,5,7,Summer
2025-07-12 18:00:00,25.4,27.304387050087495,1.9043870500874966,1.9043870500874966,18,5,7,Summer
2025-07-12 19:00:00,25.5,26.361780540719153,0.8617805407191526,0.8617805407191526,19,5,7,Summer
2025-07-12 20:00:00,28.4,26.479034998943757,-1.920965001056242,1.920965001056242,20,5,7,Summer
2025-07-12 21:00:00,24.1,22.219827471808667,-1.8801725281913342,1.8801725281913342,21,5,7,Summer
2025-07-12 22:00:00,15.7,16.843087859834938,1.1430878598349388,1.1430878598349388,22,5,7,Summer
2025-07-12 23:00:00,23.1,20.250969326302453,-2.8490306736975484,2.8490306736975484,23,5,7,Summer
2025-07-13 00:00:00,15.7,16.79951120676835,1.0995112067683515,1.0995112067683515,0,6,7,Summer
2025-07-13 01:00:00,26.0,22.884809154235473,-3.115190845764527,3.115190845764527,1,6,7,Summer
2025-07-13 02:00:00,25.2,22.80672921386475,-2.3932707861352505,2.3932707861352505,2,6,7,Summer
2025-07-13 03:00:00,23.5,22.87927095888438,-0.6207290411156201,0.6207290411156201,3,6,7,Summer
2025-07-13 04:00:00,24.7,25.393226662489777,0.6932266624897778,0.6932266624897778,4,6,7,Summer
2025-07-13 05:00:00,25.1,26.07241575659482,0.9724157565948168,0.9724157565948168,5,6,7,Summer
2025-07-13 06:00:00,30.7,28.116747124142822,-2.583252875857177,2.583252875857177,6,6,7,Summer
2025-07-13 07:00:00,28.6,29.571625102930327,0.9716251029303251,0.9716251029303251,7,6,7,Summer
2025-07-13 08:00:00,33.0,32.85891618167379,-0.14108381832620864,0.14108381832620864,8,6,7,Summer
2025-07-13 09:00:00,37.2,34.79220981391806,-2.4077901860819395,2.4077901860819395,9,6,7,Summer
2025-07-13 10:00:00,32.7,34.10329424449978,1.4032942444997758,1.4032942444997758,10,6,7,Summer
2025-07-13 11:00:00,33.3,34.134061366408076,0.8340613664080792,0.8340613664080792,11,6,7,Summer
2025-07-13 12:00:00,31.3,35.41303258808703,4.113032588087027,4.113032588087027,12,6,7,Summer
2025-07-13 13:00:00,31.5,32.49769355375183,0.9976935537518301,0.9976935537518301,13,6,7,Summer
2025-07-13 14:00:00,27.6,32.3799241066732,4.7799241066731994,4.7799241066731994,14,6,7,Summer
2025-07-13 15:00:00,36.6,34.66897389656672,-1.9310261034332825,1.9310261034332825,15,6,7,Summer
2025-07-13 16:00:00,39.3,36.042190629546354,-3.257809370453643,3.257809370453643,16,6,7,Summer
2025-07-13 17:00:00,35.8,32.76009082795201,-3.0399091720479845,3.0399091720479845,17,6,7,Summer
2025-07-13 18:00:00,21.5,24.214383629683436,2.714383629683436,2.714383629683436,18,6,7,Summer
2025-07-13 19:00:00,28.9,27.30687463069007,-1.5931253693099272,1.5931253693099272,19,6,7,Summer
2025-07-13 20:00:00,29.7,25.355559281334482,-4.344440718665517,4.344440718665517,20,6,7,Summer
2025-07-13 21:00:00,20.5,22.24229134636746,1.742291346367459,1.742291346367459,21,6,7,Summer
2025-07-13 22:00:00,21.5,20.669915330649303,-0.8300846693506969,0.8300846693506969,22,6,7,Summer
2025-07-13 23:00:00,12.3,16.09916274620218,3.799162746202178,3.799162746202178,23,6,7,Summer
2025-07-14 00:00:00,25.9,25.404150890996153,-0.4958491090038457,0.4958491090038457,0,0,7,Summer
2025-07-14 01:00:00,20.9,22.502553870293703,1.602553870293704,1.602553870293704,1,0,7,Summer
2025-07-14 02:00:00,26.7,24.275825745760073,-2.424174254239926,2.424174254239926,2,0,7,Summer
2025-07-14 03:00:00,21.0,25.614925785606182,4.614925785606182,4.614925785606182,3,0,7,Summer
2025-07-14 04:00:00,31.0,29.488452049642678,-1.511547950357322,1.511547950357322,4,0,7,Summer
2025-07-14 05:00:00,34.9,32.08091861687501,-2.8190813831249883,2.8190813831249883,5,0,7,Summer
2025-07-14 06:00:00,29.7,28.157568620314084,-1.5424313796859153,1.5424313796859153,6,0,7,Summer
2025-07-14 07:00:00,30.4,31.473049864699036,1.073049864699037,1.073049864699037,7,0,7,Summer
2025-07-14 08:00:00,28.2,33.15170041674669,4.951700416746693,4.951700416746693,8,0,7,Summer
2025-07-14 09:00:00,37.5,37.0371801625955,-0.4628198374045027,0.4628198374045027,9,0,7,Summer
2025-07-14 10:00:00,37.5,37.08596919570083,-0.4140308042991734,0.4140308042991734,10,0,7,Summer
2025-07-14 11:00:00,34.4,37.401388010319515,3.0013880103195163,3.0013880103195163,11,0,7,Summer
2025-07-14 12:00:00,42.7,39.97321733956862,-2.7267826604313825,2.7267826604313825,12,0,7,Summer
2025-07-14 13:00:00,38.8,39.178702962487726,0.37870296248772917,0.37870296248772917,13,0,7,Summer
2025-07-14 14:00:00,35.5,37.596482196697956,2.0964821966979557,2.0964821966979557,14,0,7,Summer
2025-07-14 15:00:00,36.3,37.18883397528706,0.8888339752870635,0.8888339752870635,15,0,7,Summer
2025-07-14 16:00:00,41.2,38.11295233718788,-3.0870476628121253,3.0870476628121253,16,0,7,Summer
2025-07-14 17:00:00,37.3,35.54128584033294,-1.7587141596670577,1.7587141596670577,17,0,7,Summer
2025-07-14 18:00:00,32.3,32.11431440677097,-0.18568559322902445,0.18568559322902445,18,0,7,Summer
2025-07-14 19:00:00,33.3,31.437459019788207,-1.86254098021179,1.86254098021179,19,0,7,Summer
2025-07-14 20:00:00,24.2,26.486194945729906,2.286194945729907,2.286194945729907,20,0,7,Summer
2025-07-14 21:00:00,27.3,25.56728974852469,-1.7327102514753108,1.7327102514753108,21,0,7,Summer
2025-07-14 22:00:00,26.5,25.997284539919498,-0.5027154600805019,0.5027154600805019,22,0,7,Summer
2025-07-14 23:00:00,23.3,23.4251130862458,0.12511308624580053,0.12511308624580053,23,0,7,Summer
2025-07-15 00:00:00,26.4,25.015177577021216,-1.3848224229787824,1.3848224229787824,0,1,7,Summer
2025-07-15 01:00:00,21.8,23.388628941133717,1.5886289411337167,1.5886289411337167,1,1,7,Summer
2025-07-15 02:00:00,27.8,26.463724024480275,-1.336275975519726,1.336275975519726,2,1,7,Summer
2025-07-15 03:00:00,29.2,25.855187388408304,-3.3448126115916956,3.3448126115916956,3,1,7,Summer
2025-07-15 04:00:00,17.0,25.120349292536563,8.120349292536563,8.120349292536563,4,1,7,Summer
2025-07-15 05:00:00,35.4,31.602639772689212,-3.7973602273107865,3.7973602273107865,5,1,7,Summer
2025-07-15 06:00:00,20.5,27.81171414364646,7.3117141436464586,7.3117141436464586,6,1,7,Summer
2025-07-15 07:00:00,32.3,31.95779401148676,-0.3422059885132356,0.3422059885132356,7,1,7,Summer
2025-07-15 08:00:00,40.8,36.697167774801976,-4.102832225198021,4.102832225198021,8,1,7,Summer
2025-07-15 09:00:00,37.1,37.58247582821491,0.4824758282149091,0.4824758282149091,9,1,7,Summer
2025-07-15 10:00:00,33.8,37.05581701551314,3.255817015513145,3.255817015513145,10,1,7,Summer
2025-07-15 11:00:00,36.0,38.142618627290936,2.142618627290936,2.142618627290936,11,1,7,Summer
2025-07-15 12:00:00,44.8,42.193273897390746,-2.606726102609251,2.606726102609251,12,1,7,Summer
2025-07-15 13:00:00,32.7,36.57047204885537,3.870472048855369,3.870472048855369,13,1,7,Summer
2025-07-15 14:00:00,44.1,38.97726156506075,-5.122738434939251,5.122738434939251,14,1,7,Summer
2025-07-15 15:00:00,38.1,36.99195630275252,-1.1080436972474814,1.1080436972474814,15,1,7,Summer
2025-07-15 16:00:00,31.9,35.1567386947478,3.2567386947478028,3.2567386947478028,16,1,7,Summer
2025-07-15 17:00:00,32.4,35.2973984790727,2.8973984790726988,2.8973984790726988,17,1,7,Summer
2025-07-15 18:00:00,28.6,30.215672795145228,1.615672795145226,1.615672795145226,18,1,7,Summer
2025-07-15 19:00:00,34.1,30.939482046317924,-3.1605179536820778,3.1605179536820778,19,1,7,Summer
2025-07-15 20:00:00,31.6,28.60310290378766,-2.99689709621234,2.99689709621234,20,1,7,Summer
2025-07-15 21:00:00,20.2,24.219174326434068,4.019174326434069,4.019174326434069,21,1,7,Summer
2025-07-15 22:00:00,24.2,24.264698982691,0.06469898269100227,0.06469898269100227,22,1,7,Summer
2025-07-15 23:00:00,21.5,22.395664959512498,0.8956649595124979,0.8956649595124979,23,1,7,Summer
2025-07-16 00:00:00,29.7,26.224068536941342,-3.4759314630586573,3.4759314630586573,0,2,7,Summer
2025-07-16 01:00:00,19.4,22.346140278544148,2.9461402785441493,2.9461402785441493,1,2,7,Summer
2025-07-16 02:00:00,32.0,28.470175036657196,-3.5298249633428043,3.5298249633428043,2,2,7,Summer
2025-07-16 03:00:00,26.7,26.494881685757715,-0.20511831424228433,0.20511831424228433,3,2,7,Summer
2025-07-16 04:00:00,23.9,26.1222247196611,2.222224719661103,2.222224719661103,4,2,7,Summer
2025-07-16 05:00:00,27.8,28.734365797882564,0.9343657978825632,0.9343657978825632,5,2,7,Summer
2025-07-16 06:00:00,29.3,29.49716004502897,0.19716004502896922,0.19716004502896922,6,2,7,Summer
2025-07-16 07:00:00,29.5,31.44003972393647,1.9400397239364686,1.9400397239364686,7,2,7,Summer
2025-07-16 08:00:00,36.9,35.094510081817916,-1.805489918182083,1.805489918182083,8,2,7,Summer
2025-07-16 09:00:00,33.3,35.860536468491865,2.5605364684918683,2.5605364684918683,9,2,7,Summer
2025-07-16 10:00:00,30.7,35.269905753704805,4.569905753704806,4.569905753704806,10,2,7,Summer
2025-07-16 11:00:00,38.7,37.86306017547988,-0.8369398245201225,0.8369398245201225,11,2,7,Summer
2025-07-16 12:00:00,33.3,36.860101784929256,3.560101784929259,3.560101784929259,12,2,7,Summer
2025-07-16 13:00:00,37.2,37.3078582625698,0.10785826256979902,0.10785826256979902,13,2,7,Summer
2025-07-16 14:00:00,35.8,36.2767298118704,0.4767298118704062,0.4767298118704062,14,2,7,Summer
2025-07-16 15:00:00,34.7,36.19195518191699,1.4919551819169854,1.4919551819169854,15,2,7,Summer
2025-07-16 16:00:00,44.5,40.58049507126765,-3.9195049287323513,3.9195049287323513,16,2,7,Summer
2025-07-16 17:00:00,34.8,33.89629563842771,-0.903704361572288,0.903704361572288,17,2,7,Summer
2025-07-16 18:00:00,33.5,32.08827866144726,-1.4117213385527378,1.4117213385527378,18,2,7,Summer
2025-07-16 19:00:00,23.4,28.06111824606563,4.66111824606563,4.66111824606563,19,2,7,Summer
2025-07-16 20:00:00,25.9,27.29161118356744,1.3916111835674414,1.3916111835674414,20,2,7,Summer
2025-07-16 21:00:00,27.7,25.779174867810923,-1.9208251321890764,1.9208251321890764,21,2,7,Summer
2025-07-16 22:00:00,21.5,22.12062753251539,0.6206275325153889,0.6206275325153889,22,2,7,Summer
2025-07-16 23:00:00,28.4,25.15258228253481,-3.24741771746519,3.24741771746519,23,2,7,Summer
2025-07-17 00:00:00,19.6,20.384562586800403,0.7845625868004014,0.7845625868004014,0,3,7,Summer
2025-07-17 01:00:00,23.5,22.889090251591107,-0.6109097484088934,0.6109097484088934,1,3,7,Summer
2025-07-17 02:00:00,23.1,24.571641319358125,1.471641319358124,1.471641319358124,2,3,7,Summer
2025-07-17 03:00:00,27.4,27.083674084256057,-0.316325915743942,0.316325915743942,3,3,7,Summer
2025-07-17 04:00:00,25.8,26.47139736607149,0.6713973660714885,0.6713973660714885,4,3,7,Summer
2025-07-17 05:00:00,29.2,29.105110810446945,-0.09488918955305436,0.09488918955305436,5,3,7,Summer
2025-07-17 06:00:00,31.4,29.00028207808084,-2.3997179219191587,2.3997179219191587,6,3,7,Summer
2025-07-17 07:00:00,31.5,32.76520923191629,1.2652092319162875,1.2652092319162875,7,3,7,Summer
2025-07-17 08:00:00,38.3,36.536298560160894,-1.763701439839103,1.763701439839103,8,3,7,Summer
2025-07-17 09:00:00,39.0,37.480982012585315,-1.519017987414685,1.519017987414685,9,3,7,Summer
2025-07-17 10:00:00,38.9,38.13803701474425,-0.7619629852557495,0.7619629852557495,10,3,7,Summer
2025-07-17 11:00:00,38.4,39.90276262255569,1.502762622555693,1.502762622555693,11,3,7,Summer
2025-07-17 12:00:00,43.5,41.14224075559321,-2.357759244406793,2.357759244406793,12,3,7,Summer
2025-07-17 13:00:00,39.1,38.670045735568436,-0.42995426443156504,0.42995426443156504,13,3,7,Summer
2025-07-17 14:00:00,38.1,38.02226336855697,-0.077736631443031,0.077736631443031,14,3,7,Summer
2025-07-17 15:00:00,38.4,37.664212402519176,-0.7357875974808223,0.7357875974808223,15,3,7,Summer
2025-07-17 16:00:00,43.1,40.22014893143697,-2.8798510685630347,2.8798510685630347,16,3,7,Summer
2025-07-17 17:00:00,29.1,33.463596037420444,4.363596037420443,4.363596037420443,17,3,7,Summer
2025-07-17 18:00:00,35.4,32.95227191201295,-2.447728087987052,2.447728087987052,18,3,7,Summer
2025-07-17 19:00:00,22.7,27.335277735452998,4.635277735452998,4.635277735452998,19,3,7,Summer
2025-07-17 20:00:00,29.2,28.947331649509604,-0.2526683504903957,0.2526683504903957,20,3,7,Summer
2025-07-17 21:00:00,33.0,28.08883308689206,-4.911166913107941,4.911166913107941,21,3,7,Summer
2025-07-17 22:00:00,27.4,25.500568473361593,-1.8994315266384056,1.8994315266384056,22,3,7,Summer
2025-07-17 23:00:00,25.3,25.487943509563955,0.18794350956395434,0.18794350956395434,23,3,7,Summer
2025-07-18 00:00:00,22.0,23.107975116376302,1.107975116376302,1.107975116376302,0,4,7,Summer
2025-07-18 01:00:00,24.6,24.016448519880058,-0.5835514801199437,0.5835514801199437,1,4,7,Summer
2025-07-18 02:00:00,24.3,24.387633954121533,0.0876339541215323,0.0876339541215323,2,4,7,Summer
2025-07-18 03:00:00,23.4,26.898155430732754,3.498155430732755,3.498155430732755,3,4,7,Summer
2025-07-18 04:00:00,27.0,27.94279371884945,0.9427937188494511,0.9427937188494511,4,4,7,Summer
2025-07-18 05:00:00,30.9,28.443872842014553,-2.4561271579854456,2.4561271579854456,5,4,7,Summer
2025-07-18 06:00:00,29.1,30.740481888037326,1.6404818880373249,1.6404818880373249,6,4,7,Summer
2025-07-18 07:00:00,31.0,32.67697868993693,1.6769786899369308,1.6769786899369308,7,4,7,Summer
2025-07-18 08:00:00,30.8,34.09207986550526,3.2920798655052614,3.2920798655052614,8,4,7,Summer
2025-07-18 09:00:00,39.4,37.10812916347451,-2.29187083652549,2.29187083652549,9,4,7,Summer
2025-07-18 10:00:00,41.3,40.179680437456746,-1.1203195625432514,1.1203195625432514,10,4,7,Summer
2025-07-18 11:00:00,40.9,41.52387733886934,0.6238773388693417,0.6238773388693417,11,4,7,Summer
2025-07-18 12:00:00,44.1,40.57567691145176,-3.5243230885482433,3.5243230885482433,12,4,7,Summer
2025-07-18 13:00:00,40.3,39.61649324951101,-0.6835067504889878,0.6835067504889878,13,4,7,Summer
2025-07-18 14:00:00,40.7,38.618347671636094,-2.0816523283639086,2.0816523283639086,14,4,7,Summer
2025-07-18 15:00:00,39.1,38.76620621423243,-0.33379378576756835,0.33379378576756835,15,4,7,Summer
2025-07-18 16:00:00,35.8,37.61896602575126,1.8189660257512656,1.8189660257512656,16,4,7,Summer
2025-07-18 17:00:00,32.1,34.49240334830946,2.3924033483094576,2.3924033483094576,17,4,7,Summer
2025-07-18 18:00:00,41.1,34.5674311151056,-6.532568884894403,6.532568884894403,18,4,7,Summer
2025-07-18 19:00:00,28.3,27.681272616439887,-0.6187273835601133,0.6187273835601133,19,4,7,Summer
2025-07-18 20:00:00,25.5,26.18708235589256,0.6870823558925601,0.6870823558925601,20,4,7,Summer
2025-07-18 21:00:00,28.3,26.095101724434763,-2.204898275565238,2.204898275565238,21,4,7,Summer
2025-07-18 22:00:00,26.3,24.042934660615714,-2.2570653393842868,2.2570653393842868,22,4,7,Summer
2025-07-18 23:00:00,18.9,21.691879162294487,2.7918791622944887,2.7918791622944887,23,4,7,Summer
2025-07-19 00:00:00,23.5,19.96462615131721,-3.5353738486827915,3.5353738486827915,0,5,7,Summer
2025-07-19 01:00:00,18.9,19.856159542011778,0.956159542011779,0.956159542011779,1,5,7,Summer
2025-07-19 02:00:00,15.7,17.643784103957426,1.9437841039574266,1.9437841039574266,2,5,7,Summer
2025-07-19 03:00:00,26.1,22.64786441726052,-3.45213558273948,3.45213558273948,3,5,7,Summer
2025-07-19 04:00:00,25.5,23.23676141807754,-2.2632385819224616,2.2632385819224616,4,5,7,Summer
2025-07-19 05:00:00,19.9,22.536144359587848,2.636144359587849,2.636144359587849,5,5,7,Summer
2025-07-19 06:00:00,34.1,30.53187428855973,-3.5681257114402705,3.5681257114402705,6,5,7,Summer
2025-07-19 07:00:00,31.7,28.270260650321156,-3.4297393496788438,3.4297393496788438,7,5,7,Summer
2025-07-19 08:00:00,31.0,31.158063590014123,0.15806359001412318,0.15806359001412318,8,5,7,Summer
2025-07-19 09:00:00,39.1,35.80516838404348,-3.294831615956518,3.294831615956518,9,5,7,Summer
2025-07-19 10:00:00,34.6,35.66242987299947,1.0624298729994663,1.0624298729994663,10,5,7,Summer
2025-07-19 11:00:00,34.6,35.923861485385565,1.3238614853855637,1.3238614853855637,11,5,7,Summer
2025-07-19 12:00:00,32.4,35.50731659648236,3.107316596482363,3.107316596482363,12,5,7,Summer
2025-07-19 13:00:00,37.1,35.6634814633872,-1.4365185366128017,1.4365185366128017,13,5,7,Summer
2025-07-19 14:00:00,35.9,34.70740613285191,-1.1925938671480907,1.1925938671480907,14,5,7,Summer
2025-07-19 15:00:00,32.7,32.86397658974382,0.16397658974381812,0.16397658974381812,15,5,7,Summer
2025-07-19 16:00:00,27.9,30.26764405387986,2.367644053879861,2.367644053879861,16,5,7,Summer
2025-07-19 17:00:00,29.6,28.1037266103239,-1.4962733896761016,1.4962733896761016,17,5,7,Summer
2025-07-19 18:00:00,26.8,26.661914526151236,-0.1380854738487649,0.1380854738487649,18,5,7,Summer
2025-07-19 19:00:00,19.6,19.852769424107557,0.2527694241075551,0.2527694241075551,19,5,7,Summer
2025-07-19 20:00:00,17.1,18.569414332705815,1.4694143327058136,1.4694143327058136,20,5,7,Summer
2025-07-19 21:00:00,23.6,21.68237582949457,-1.9176241705054302,1.9176241705054302,21,5,7,Summer
2025-07-19 22:00:00,9.7,15.428440279045171,5.728440279045172,5.728440279045172,22,5,7,Summer
2025-07-19 23:00:00,20.1,19.0630865058898,-1.0369134941102018,1.0369134941102018,23,5,7,Summer
2025-07-20 00:00:00,17.0,17.846630655193334,0.8466306551933336,0.8466306551933336,0,6,7,Summer
2025-07-20 01:00:00,24.4,20.526713105680695,-3.8732868943193033,3.8732868943193033,1,6,7,Summer
2025-07-20 02:00:00,18.0,17.947184933345998,-0.05281506665400215,0.05281506665400215,2,6,7,Summer
2025-07-20 03:00:00,23.9,21.861592564891854,-2.0384074351081445,2.0384074351081445,3,6,7,Summer
2025-07-20 04:00:00,21.3,23.291647156374022,1.9916471563740217,1.9916471563740217,4,6,7,Summer
2025-07-20 05:00:00,25.3,25.00290204078768,-0.2970979592123193,0.2970979592123193,5,6,7,Summer
2025-07-20 06:00:00,29.8,27.348450173797445,-2.4515498262025552,2.4515498262025552,6,6,7,Summer
2025-07-20 07:00:00,27.1,28.258288730442242,1.1582887304422407,1.1582887304422407,7,6,7,Summer
2025-07-20 08:00:00,34.9,32.5929256090916,-2.3070743909083973,2.3070743909083973,8,6,7,Summer
2025-07-20 09:00:00,28.6,30.64397277053747,2.0439727705374686,2.0439727705374686,9,6,7,Summer
2025-07-20 10:00:00,35.0,34.58857667015028,-0.4114233298497183,0.4114233298497183,10,6,7,Summer
2025-07-20 11:00:00,38.3,36.25790711285678,-2.0420928871432196,2.0420928871432196,11,6,7,Summer
2025-07-20 12:00:00,37.5,36.39622603286308,-1.1037739671369167,1.1037739671369167,12,6,7,Summer
2025-07-20 13:00:00,42.3,39.162925343017434,-3.1370746569825627,3.1370746569825627,13,6,7,Summer
2025-07-20 14:00:00,30.7,32.49762212840849,1.797622128408488,1.797622128408488,14,6,7,Summer
2025-07-20 15:00:00,27.0,30.482093600098015,3.4820936000980147,3.4820936000980147,15,6,7,Summer
2025-07-20 16:00:00,26.9,30.15400980990144,3.25400980990144,3.25400980990144,16,6,7,Summer
2025-07-20 17:00:00,31.6,29.736026361286672,-1.863973638713329,1.863973638713329,17,6,7,Summer
2025-07-20 18:00:00,28.9,28.424220896592338,-0.4757791034076604,0.4757791034076604,18,6,7,Summer
2025-07-20 19:00:00,25.2,23.301673574576505,-1.8983264254234946,1.8983264254234946,19,6,7,Summer
2025-07-20 20:00:00,18.4,20.826147434118678,2.426147434118679,2.426147434118679,20,6,7,Summer
2025-07-20 21:00:00,24.3,21.183050139742512,-3.1169498602574883,3.1169498602574883,21,6,7,Summer
2025-07-20 22:00:00,15.0,17.308838720756263,2.3088387207562633,2.3088387207562633,22,6,7,Summer
2025-07-20 23:00:00,23.8,20.784914372014548,-3.015085627985453,3.015085627985453,23,6,7,Summer
2025-07-21 00:00:00,35.1,28.691207647096242,-6.40879235290376,6.40879235290376,0,0,7,Summer
2025-07-21 01:00:00,25.4,23.555717596166527,-1.8442824038334713,1.8442824038334713,1,0,7,Summer
2025-07-21 02:00:00,27.1,25.864726183143656,-1.2352738168563455,1.2352738168563455,2,0,7,Summer
2025-07-21 03:00:00,24.1,25.15522282548575,1.0552228254857496,1.0552228254857496,3,0,7,Summer
2025-07-21 04:00:00,20.5,23.595705814126703,3.0957058141267026,3.0957058141267026,4,0,7,Summer
2025-07-21 05:00:00,27.2,27.518910770588423,0.318910770588424,0.318910770588424,5,0,7,Summer
2025-07-21 06:00:00,27.3,30.376161658585524,3.076161658585523,3.076161658585523,6,0,7,Summer
2025-07-21 07:00:00,28.0,31.05280593658892,3.0528059365889213,3.0528059365889213,7,0,7,Summer
2025-07-21 08:00:00,42.6,38.705471881950885,-3.8945281180491165,3.8945281180491165,8,0,7,Summer
2025-07-21 09:00:00,38.5,37.53404099837622,-0.96595900162378,0.96595900162378,9,0,7,Summer
2025-07-21 10:00:00,40.2,37.594607020946,-2.6053929790540025,2.6053929790540025,10,0,7,Summer
2025-07-21 11:00:00,38.2,39.21318346987376,1.0131834698737592,1.0131834698737592,11,0,7,Summer
2025-07-21 12:00:00,39.0,39.37965227212832,0.3796522721283182,0.3796522721283182,12,0,7,Summer
2025-07-21 13:00:00,43.3,41.0948300577161,-2.205169942283895,2.205169942283895,13,0,7,Summer
2025-07-21 14:00:00,38.5,37.646759176201364,-0.853240823798636,0.853240823798636,14,0,7,Summer
2025-07-21 15:00:00,39.5,38.359475049469616,-1.1405249505303843,1.1405249505303843,15,0,7,Summer
2025-07-21 16:00:00,34.9,35.45798063220675,0.5579806322067498,0.5579806322067498,16,0,7,Summer
2025-07-21 17:00:00,32.4,32.65089152829297,0.2508915282929749,0.2508915282929749,17,0,7,Summer
2025-07-21 18:00:00,26.1,29.247766519144463,3.1477665191444615,3.1477665191444615,18,0,7,Summer
2025-07-21 19:00:00,21.7,25.643404109663646,3.9434041096636463,3.9434041096636463,19,0,7,Summer
2025-07-21 20:00:00,26.7,26.59636149248924,-0.10363850751075887,0.10363850751075887,20,0,7,Summer
2025-07-21 21:00:00,26.3,23.85031688856168,-2.449683111438322,2.449683111438322,21,0,7,Summer
2025-07-21 22:00:00,19.6,21.980351864334295,2.380351864334294,2.380351864334294,22,0,7,Summer
2025-07-21 23:00:00,23.8,22.45317885212651,-1.3468211478734915,1.3468211478734915,23,0,7,Summer
2025-07-22 00:00:00,23.8,23.744482365822787,-0.05551763417721389,0.05551763417721389,0,1,7,Summer
2025-07-22 01:00:00,15.2,21.456951629222885,6.256951629222886,6.256951629222886,1,1,7,Summer
2025-07-22 02:00:00,21.0,22.471635959198,1.4716359591980002,1.4716359591980002,2,1,7,Summer
2025-07-22 03:00:00,27.5,26.04862136342607,-1.4513786365739314,1.4513786365739314,3,1,7,Summer
2025-07-22 04:00:00,29.1,26.755287774294683,-2.344712225705319,2.344712225705319,4,1,7,Summer
2025-07-22 05:00:00,24.9,26.92432127140911,2.024321271409111,2.024321271409111,5,1,7,Summer
2025-07-22 06:00:00,32.2,31.038088212937623,-1.1619117870623796,1.1619117870623796,6,1,7,Summer
2025-07-22 07:00:00,37.7,32.91231494786989,-4.787685052130115,4.787685052130115,7,1,7,Summer
2025-07-22 08:00:00,38.7,37.67764443288628,-1.0223555671137206,1.0223555671137206,8,1,7,Summer
2025-07-22 09:00:00,36.8,36.8139673455876,0.013967345587602154,0.013967345587602154,9,1,7,Summer
2025-07-22 10:00:00,36.6,37.83771330004571,1.2377133000457121,1.2377133000457121,10,1,7,Summer
2025-07-22 11:00:00,36.8,38.07483999802072,1.274839998020724,1.274839998020724,11,1,7,Summer
2025-07-22 12:00:00,41.4,40.40464641276712,-0.9953535872328771,0.9953535872328771,12,1,7,Summer
2025-07-22 13:00:00,40.1,40.483309352775464,0.38330935277546274,0.38330935277546274,13,1,7,Summer
2025-07-22 14:00:00,41.0,39.13135972614651,-1.8686402738534866,1.8686402738534866,14,1,7,Summer
2025-07-22 15:00:00,37.7,37.53118560530464,-0.1688143946953602,0.1688143946953602,15,1,7,Summer
2025-07-22 16:00:00,38.8,37.941005467393325,-0.8589945326066726,0.8589945326066726,16,1,7,Summer
2025-07-22 17:00:00,34.0,34.621287982440364,0.6212879824403643,0.6212879824403643,17,1,7,Summer
2025-07-22 18:00:00,34.7,32.330390626377245,-2.369609373622758,2.369609373622758,18,1,7,Summer
2025-07-22 19:00:00,33.0,30.52332436379694,-2.4766756362030584,2.4766756362030584,19,1,7,Summer
2025-07-22 20:00:00,24.3,25.904188130290194,1.6041881302901935,1.6041881302901935,20,1,7,Summer
2025-07-22 21:00:00,18.7,24.789250359792174,6.0892503597921745,6.0892503597921745,21,1,7,Summer
2025-07-22 22:00:00,30.8,25.767034226690157,-5.032965773309844,5.032965773309844,22,1,7,Summer
2025-07-22 23:00:00,24.8,24.026245077802145,-0.7737549221978561,0.7737549221978561,23,1,7,Summer
2025-07-23 00:00:00,16.5,20.918198321129438,4.418198321129438,4.418198321129438,0,2,7,Summer
2025-07-23 01:00:00,20.8,21.902189547786584,1.1021895477865833,1.1021895477865833,1,2,7,Summer
2025-07-23 02:00:00,27.5,25.68574440968391,-1.8142555903160904,1.8142555903160904,2,2,7,Summer
2025-07-23 03:00:00,24.6,25.719486251444607,1.1194862514446058,1.1194862514446058,3,2,7,Summer
2025-07-23 04:00:00,25.3,27.014793341324093,1.7147933413240928,1.7147933413240928,4,2,7,Summer
2025-07-23 05:00:00,34.9,30.60960156060366,-4.290398439396338,4.290398439396338,5,2,7,Summer
2025-07-23 06:00:00,27.2,29.723400747823842,2.5234007478238425,2.5234007478238425,6,2,7,Summer
2025-07-23 07:00:00,30.3,33.067785213245834,2.7677852132458334,2.7677852132458334,7,2,7,Summer
2025-07-23 08:00:00,36.2,36.24979712266565,0.04979712266564462,0.04979712266564462,8,2,7,Summer
2025-07-23 09:00:00,38.6,37.1193505997548,-1.4806494002451984,1.4806494002451984,9,2,7,Summer
2025-07-23 10:00:00,40.3,38.62932035371702,-1.6706796462829772,1.6706796462829772,10,2,7,Summer
2025-07-23 11:00:00,42.8,39.373967165988205,-3.4260328340117923,3.4260328340117923,11,2,7,Summer
2025-07-23 12:00:00,40.2,40.420194447866905,0.220194447866902,0.220194447866902,12,2,7,Summer
2025-07-23 13:00:00,41.1,40.742772520473565,-0.3572274795264363,0.3572274795264363,13,2,7,Summer
2025-07-23 14:00:00,37.3,39.05014334659697,1.7501433465969711,1.7501433465969711,14,2,7,Summer
2025-07-23 15:00:00,37.3,36.713640652101425,-0.586359347898572,0.586359347898572,15,2,7,Summer
2025-07-23 16:00:00,35.8,36.411559865644435,0.6115598656444377,0.6115598656444377,16,2,7,Summer
2025-07-23 17:00:00,34.3,34.20399550954039,-0.09600449045960602,0.09600449045960602,17,2,7,Summer
2025-07-23 18:00:00,34.5,33.39995996804478,-1.100040031955217,1.100040031955217,18,2,7,Summer
2025-07-23 19:00:00,31.5,29.298849436723923,-2.2011505632760766,2.2011505632760766,19,2,7,Summer
2025-07-23 20:00:00,27.6,27.375126060937383,-0.22487393906261843,0.22487393906261843,20,2,7,Summer
2025-07-23 21:00:00,22.5,24.906797431378997,2.4067974313789975,2.4067974313789975,21,2,7,Summer
2025-07-23 22:00:00,24.7,24.4797758648355,-0.2202241351645,0.2202241351645,22,2,7,Summer
2025-07-23 23:00:00,23.5,22.488685672300278,-1.011314327699722,1.011314327699722,23,2,7,Summer
2025-07-24 00:00:00,24.0,23.090863135771727,-0.9091368642282731,0.9091368642282731,0,3,7,Summer
2025-07-24 01:00:00,32.3,26.21386991736103,-6.086130082638967,6.086130082638967,1,3,7,Summer
2025-07-24 02:00:00,22.2,23.591735772780453,1.3917357727804536,1.3917357727804536,2,3,7,Summer
2025-07-24 03:00:00,27.3,27.832560935714636,0.5325609357146348,0.5325609357146348,3,3,7,Summer
2025-07-24 04:00:00,31.5,29.566614291560334,-1.9333857084396655,1.9333857084396655,4,3,7,Summer
2025-07-24 05:00:00,29.5,31.03408356401699,1.5340835640169885,1.5340835640169885,5,3,7,Summer
2025-07-24 06:00:00,40.6,34.69152230357319,-5.908477696426814,5.908477696426814,6,3,7,Summer
2025-07-24 07:00:00,31.8,33.29001072160144,1.4900107216014398,1.4900107216014398,7,3,7,Summer
2025-07-24 08:00:00,36.5,36.728067055473836,0.22806705547383643,0.22806705547383643,8,3,7,Summer
2025-07-24 09:00:00,33.7,37.355339803556426,3.655339803556423,3.655339803556423,9,3,7,Summer
2025-07-24 10:00:00,36.7,39.24763703734078,2.5476370373407775,2.5476370373407775,10,3,7,Summer
2025-07-24 11:00:00,39.9,41.23298531019871,1.3329853101987084,1.3329853101987084,11,3,7,Summer
2025-07-24 12:00:00,42.6,41.49001897258995,-1.1099810274100506,1.1099810274100506,12,3,7,Summer
2025-07-24 13:00:00,40.2,40.91472140856758,0.714721408567577,0.714721408567577,13,3,7,Summer
2025-07-24 14:00:00,43.2,41.25905029804892,-1.9409497019510837,1.9409497019510837,14,3,7,Summer
2025-07-24 15:00:00,36.5,36.87367951363208,0.3736795136320765,0.3736795136320765,15,3,7,Summer
2025-07-24 16:00:00,33.9,35.13879590222579,1.2387959022257888,1.2387959022257888,16,3,7,Summer
2025-07-24 17:00:00,44.1,36.864458812520006,-7.2355411874799955,7.2355411874799955,17,3,7,Summer
2025-07-24 18:00:00,32.8,33.56825413997293,0.7682541399729317,0.7682541399729317,18,3,7,Summer
2025-07-24 19:00:00,26.3,27.80203692608089,1.5020369260808906,1.5020369260808906,19,3,7,Summer
2025-07-24 20:00:00,24.4,25.51060411664489,1.1106041166448897,1.1106041166448897,20,3,7,Summer
2025-07-24 21:00:00,21.8,25.254320292591085,3.4543202925910848,3.4543202925910848,21,3,7,Summer
2025-07-24 22:00:00,28.0,24.067671745374486,-3.9323282546255136,3.9323282546255136,22,3,7,Summer
2025-07-24 23:00:00,22.0,23.06214844181378,1.062148441813779,1.062148441813779,23,3,7,Summer
2025-07-25 00:00:00,23.6,23.256073333652697,-0.3439266663473042,0.3439266663473042,0,4,7,Summer
2025-07-25 01:00:00,23.1,24.289450554887882,1.1894505548878804,1.1894505548878804,1,4,7,Summer
2025-07-25 02:00:00,27.1,24.95507304846189,-2.1449269515381104,2.1449269515381104,2,4,7,Summer
2025-07-25 03:00:00,22.0,25.514675372474994,3.5146753724749935,3.5146753724749935,3,4,7,Summer
2025-07-25 04:00:00,22.8,25.929657398076856,3.129657398076855,3.129657398076855,4,4,7,Summer
2025-07-25 05:00:00,29.9,28.766089795170355,-1.1339102048296432,1.1339102048296432,5,4,7,Summer
2025-07-25 06:00:00,33.5,31.55887986505566,-1.9411201349443417,1.9411201349443417,6,4,7,Summer
2025-07-25 07:00:00,34.5,33.797558845977306,-0.7024411540226936,0.7024411540226936,7,4,7,Summer
2025-07-25 08:00:00,31.8,35.14703960886608,3.34703960886608,3.34703960886608,8,4,7,Summer
2025-07-25 09:00:00,39.4,37.11638257020441,-2.2836174297955907,2.2836174297955907,9,4,7,Summer
2025-07-25 10:00:00,35.0,37.474272497345055,2.474272497345055,2.474272497345055,10,4,7,Summer
2025-07-25 11:00:00,36.7,39.742342644813064,3.0423426448130613,3.0423426448130613,11,4,7,Summer
2025-07-25 12:00:00,35.3,39.21164935017366,3.9116493501736613,3.9116493501736613,12,4,7,Summer
2025-07-25 13:00:00,44.0,40.61501613427451,-3.384983865725488,3.384983865725488,13,4,7,Summer
2025-07-25 14:00:00,40.5,38.30737663483579,-2.1926233651642093,2.1926233651642093,14,4,7,Summer
2025-07-25 15:00:00,39.1,38.5684746781566,-0.5315253218434037,0.5315253218434037,15,4,7,Summer
2025-07-25 16:00:00,40.1,36.41705606093429,-3.6829439390657086,3.6829439390657086,16,4,7,Summer
2025-07-25 17:00:00,44.4,38.5634240420184,-5.8365759579816014,5.8365759579816014,17,4,7,Summer
2025-07-25 18:00:00,24.2,30.708081514342087,6.508081514342088,6.508081514342088,18,4,7,Summer
2025-07-25 19:00:00,26.0,30.023499247060606,4.023499247060606,4.023499247060606,19,4,7,Summer
2025-07-25 20:00:00,24.6,24.986831979738298,0.38683197973829664,0.38683197973829664,20,4,7,Summer
2025-07-25 21:00:00,22.0,23.343311464129727,1.3433114641297266,1.3433114641297266,21,4,7,Summer
2025-07-25 22:00:00,19.8,22.9770828511023,3.1770828511022984,3.1770828511022984,22,4,7,Summer
2025-07-25 23:00:00,22.1,22.181360645303563,0.0813606453035618,0.0813606453035618,23,4,7,Summer
2025-07-26 00:00:00,13.0,16.24852723601879,3.2485272360187913,3.2485272360187913,0,5,7,Summer
2025-07-26 01:00:00,19.5,19.585250278497092,0.08525027849709232,0.08525027849709232,1,5,7,Summer
2025-07-26 02:00:00,19.2,19.1330030522447,-0.06699694775529963,0.06699694775529963,2,5,7,Summer
2025-07-26 03:00:00,22.2,21.711347978912535,-0.4886520210874643,0.4886520210874643,3,5,7,Summer
2025-07-26 04:00:00,23.9,24.13686468964767,0.23686468964767116,0.23686468964767116,4,5,7,Summer
2025-07-26 05:00:00,26.2,25.574974955597146,-0.6250250444028538,0.6250250444028538,5,5,7,Summer
2025-07-26 06:00:00,24.4,25.03937593024095,0.6393759302409521,0.6393759302409521,6,5,7,Summer
2025-07-26 07:00:00,36.5,32.634067379251334,-3.8659326207486657,3.8659326207486657,7,5,7,Summer
2025-07-26 08:00:00,30.8,30.930176200161597,0.13017620016159626,0.13017620016159626,8,5,7,Summer
2025-07-26 09:00:00,24.1,29.251716242770815,5.151716242770814,5.151716242770814,9,5,7,Summer
2025-07-26 10:00:00,28.8,30.80742942757008,2.007429427570081,2.007429427570081,10,5,7,Summer
2025-07-26 11:00:00,26.7,30.396254241117994,3.6962542411179946,3.6962542411179946,11,5,7,Summer
2025-07-26 12:00:00,34.0,32.91473067388022,-1.0852693261197786,1.0852693261197786,12,5,7,Summer
2025-07-26 13:00:00,33.1,32.18018513782732,-0.9198148621726787,0.9198148621726787,13,5,7,Summer
2025-07-26 14:00:00,31.0,32.85899418687409,1.8589941868740922,1.8589941868740922,14,5,7,Summer
2025-07-26 15:00:00,39.6,35.43554354622066,-4.164456453779344,4.164456453779344,15,5,7,Summer
2025-07-26 16:00:00,32.1,32.78801195543421,0.6880119554342059,0.6880119554342059,16,5,7,Summer
2025-07-26 17:00:00,30.9,31.94526934115008,1.0452693411500817,1.0452693411500817,17,5,7,Summer
2025-07-26 18:00:00,22.2,25.31084270088112,3.110842700881122,3.110842700881122,18,5,7,Summer
2025-07-26 19:00:00,19.8,22.327611650215275,2.527611650215274,2.527611650215274,19,5,7,Summer
2025-07-26 20:00:00,22.1,21.111891536783695,-0.9881084632163066,0.9881084632163066,20,5,7,Summer
2025-07-26 21:00:00,20.9,20.063937857869213,-0.8360621421307854,0.8360621421307854,21,5,7,Summer
2025-07-26 22:00:00,11.6,14.554539433594034,2.954539433594034,2.954539433594034,22,5,7,Summer
2025-07-26 23:00:00,17.5,18.698647465909147,1.198647465909147,1.198647465909147,23,5,7,Summer
2025-07-27 00:00:00,17.8,17.733677252277324,-0.06632274772267621,0.06632274772267621,0,6,7,Summer
2025-07-27 01:00:00,17.2,17.559372599917577,0.3593725999175774,0.3593725999175774,1,6,7,Summer
2025-07-27 02:00:00,15.6,17.366556463888717,1.7665564638887172,1.7665564638887172,2,6,7,Summer
2025-07-27 03:00:00,17.9,16.870984880875152,-1.0290151191248462,1.0290151191248462,3,6,7,Summer
2025-07-27 04:00:00,21.0,21.536312388510257,0.5363123885102574,0.5363123885102574,4,6,7,Summer
2025-07-27 05:00:00,24.0,23.346631535571817,-0.6533684644281834,0.6533684644281834,5,6,7,Summer
2025-07-27 06:00:00,28.2,27.20161717980673,-0.998382820193271,0.998382820193271,6,6,7,Summer
2025-07-27 07:00:00,32.1,30.84584297884134,-1.2541570211586617,1.2541570211586617,7,6,7,Summer
2025-07-27 08:00:00,28.6,29.518947827147528,0.9189478271475267,0.9189478271475267,8,6,7,Summer
2025-07-27 09:00:00,29.6,30.629929535944292,1.0299295359442908,1.0299295359442908,9,6,7,Summer
2025-07-27 10:00:00,34.4,32.47553704356889,-1.9244629564311069,1.9244629564311069,10,6,7,Summer
2025-07-27 11:00:00,35.9,34.49290753597701,-1.4070924640229876,1.4070924640229876,11,6,7,Summer
2025-07-27 12:00:00,32.0,33.76889460187904,1.7688946018790404,1.7688946018790404,12,6,7,Summer
2025-07-27 13:00:00,36.6,34.85500737038039,-1.7449926296196097,1.7449926296196097,13,6,7,Summer
2025-07-27 14:00:00,36.6,35.66269867113148,-0.9373013288685215,0.9373013288685215,14,6,7,Summer
2025-07-27 15:00:00,36.6,35.5143996179216,-1.085600382078404,1.085600382078404,15,6,7,Summer
2025-07-27 16:00:00,36.9,33.25600764311483,-3.643992356885171,3.643992356885171,16,6,7,Summer
2025-07-27 17:00:00,24.4,27.74279581015095,3.342795810150953,3.342795810150953,17,6,7,Summer
2025-07-27 18:00:00,25.8,25.365395815398596,-0.4346041846014046,0.4346041846014046,18,6,7,Summer
2025-07-27 19:00:00,23.7,23.66242424190891,-0.037575758091090705,0.037575758091090705,19,6,7,Summer
2025-07-27 20:00:00,21.4,20.61565812822304,-0.7843418717769595,0.7843418717769595,20,6,7,Summer
2025-07-27 21:00:00,17.5,18.57837618695974,1.0783761869597406,1.0783761869597406,21,6,7,Summer
2025-07-27 22:00:00,12.9,14.801243912237888,1.901243912237888,1.901243912237888,22,6,7,Summer
2025-07-27 23:00:00,18.4,17.933334734034055,-0.4666652659659434,0.4666652659659434,23,6,7,Summer
2025-07-28 00:00:00,19.5,20.944174665974543,1.4441746659745434,1.4441746659745434,0,0,7,Summer
2025-07-28 01:00:00,23.2,22.64731328990359,-0.5526867100964097,0.5526867100964097,1,0,7,Summer
2025-07-28 02:00:00,20.5,21.588142849829154,1.088142849829154,1.088142849829154,2,0,7,Summer
2025-07-28 03:00:00,20.5,22.058689820843494,1.5586898208434938,1.5586898208434938,3,0,7,Summer
2025-07-28 04:00:00,27.5,27.01946125426307,-0.48053874573692923,0.48053874573692923,4,0,7,Summer
2025-07-28 05:00:00,29.1,29.209411715231354,0.10941171523135296,0.10941171523135296,5,0,7,Summer
2025-07-28 06:00:00,32.9,30.90906447373598,-1.9909355262640176,1.9909355262640176,6,0,7,Summer
2025-07-28 07:00:00,41.4,36.318393230630036,-5.081606769369962,5.081606769369962,7,0,7,Summer
2025-07-28 08:00:00,35.7,34.45816541191412,-1.2418345880858794,1.2418345880858794,8,0,7,Summer
2025-07-28 09:00:00,38.2,36.24090146082698,-1.95909853917302,1.95909853917302,9,0,7,Summer
2025-07-28 10:00:00,33.2,36.05271730191255,2.8527173019125485,2.8527173019125485,10,0,7,Summer
2025-07-28 11:00:00,33.2,36.241894112415466,3.041894112415463,3.041894112415463,11,0,7,Summer
2025-07-28 12:00:00,44.9,40.10530049712842,-4.79469950287158,4.79469950287158,12,0,7,Summer
2025-07-28 13:00:00,34.6,36.59416265718739,1.9941626571873883,1.9941626571873883,13,0,7,Summer
2025-07-28 14:00:00,33.3,35.309677629852764,2.009677629852767,2.009677629852767,14,0,7,Summer
2025-07-28 15:00:00,36.1,35.85010125884491,-0.2498987411550928,0.2498987411550928,15,0,7,Summer
2025-07-28 16:00:00,34.2,34.34055303938071,0.1405530393807055,0.1405530393807055,16,0,7,Summer
2025-07-28 17:00:00,29.1,29.83918105968678,0.7391810596867785,0.7391810596867785,17,0,7,Summer
2025-07-28 18:00:00,29.4,29.19219297507666,-0.20780702492333702,0.20780702492333702,18,0,7,Summer
2025-07-28 19:00:00,33.4,30.567172637870417,-2.8328273621295814,2.8328273621295814,19,0,7,Summer
2025-07-28 20:00:00,23.4,25.337467467265597,1.9374674672655985,1.9374674672655985,20,0,7,Summer
2025-07-28 21:00:00,19.4,22.955019868873677,3.5550198688736785,3.5550198688736785,21,0,7,Summer
2025-07-28 22:00:00,27.4,23.856945090797698,-3.5430549092023007,3.5430549092023007,22,0,7,Summer
2025-07-28 23:00:00,24.8,24.367762538977463,-0.4322374610225381,0.4322374610225381,23,0,7,Summer
2025-07-29 00:00:00,20.0,22.851751710436993,2.851751710436993,2.851751710436993,0,1,7,Summer
2025-07-29 01:00:00,16.4,19.480681585039886,3.080681585039887,3.080681585039887,1,1,7,Summer
2025-07-29 02:00:00,20.5,21.953375183121768,1.4533751831217678,1.4533751831217678,2,1,7,Summer
2025-07-29 03:00:00,24.6,24.432861971099317,-0.16713802890068408,0.16713802890068408,3,1,7,Summer
2025-07-29 04:00:00,31.1,28.12404615912985,-2.975953840870151,2.975953840870151,4,1,7,Summer
2025-07-29 05:00:00,24.2,26.433550049212673,2.233550049212674,2.233550049212674,5,1,7,Summer
2025-07-29 06:00:00,30.1,29.64910022640127,-0.45089977359873146,0.45089977359873146,6,1,7,Summer
2025-07-29 07:00:00,35.2,34.55020655478604,-0.649793445213966,0.649793445213966,7,1,7,Summer
2025-07-29 08:00:00,24.9,31.459476381014486,6.559476381014488,6.559476381014488,8,1,7,Summer
2025-07-29 09:00:00,40.2,37.9936618790441,-2.2063381209559054,2.2063381209559054,9,1,7,Summer
2025-07-29 10:00:00,32.6,35.92514474992525,3.3251447499252507,3.3251447499252507,10,1,7,Summer
2025-07-29 11:00:00,39.5,38.01058718247953,-1.489412817520467,1.489412817520467,11,1,7,Summer
2025-07-29 12:00:00,39.4,38.7869439881802,-0.6130560118198005,0.6130560118198005,12,1,7,Summer
2025-07-29 13:00:00,42.5,40.21256212111541,-2.287437878884589,2.287437878884589,13,1,7,Summer
2025-07-29 14:00:00,39.6,38.32587514849684,-1.27412485150316,1.27412485150316,14,1,7,Summer
2025-07-29 15:00:00,26.6,34.341342588601414,7.7413425886014124,7.7413425886014124,15,1,7,Summer
2025-07-29 16:00:00,31.3,33.316917106146896,2.016917106146895,2.016917106146895,16,1,7,Summer
2025-07-29 17:00:00,33.1,30.695627238188543,-2.4043727618114588,2.4043727618114588,17,1,7,Summer
2025-07-29 18:00:00,29.7,29.663528580636033,-0.03647141936396636,0.03647141936396636,18,1,7,Summer
2025-07-29 19:00:00,30.3,30.058853572494293,-0.2411464275057078,0.2411464275057078,19,1,7,Summer
2025-07-29 20:00:00,29.6,26.961980583463877,-2.6380194165361246,2.6380194165361246,20,1,7,Summer
2025-07-29 21:00:00,27.2,24.670600549312084,-2.529399450687915,2.529399450687915,21,1,7,Summer
2025-07-29 22:00:00,22.7,23.535424152306753,0.8354241523067536,0.8354241523067536,22,1,7,Summer
2025-07-29 23:00:00,15.3,21.500707996172313,6.200707996172312,6.200707996172312,23,1,7,Summer
2025-07-30 00:00:00,20.5,21.59524771541405,1.0952477154140503,1.0952477154140503,0,2,7,Summer
2025-07-30 01:00:00,24.2,21.863345060877357,-2.336654939122642,2.336654939122642,1,2,7,Summer
2025-07-30 02:00:00,19.0,21.926364411237046,2.9263644112370457,2.9263644112370457,2,2,7,Summer
2025-07-30 03:00:00,27.2,24.014577031305073,-3.185422968694926,3.185422968694926,3,2,7,Summer
2025-07-30 04:00:00,29.9,27.913835989904694,-1.9861640100953046,1.9861640100953046,4,2,7,Summer
2025-07-30 05:00:00,28.7,28.135329585451046,-0.564670414548953,0.564670414548953,5,2,7,Summer
2025-07-30 06:00:00,18.0,26.866894248610155,8.866894248610155,8.866894248610155,6,2,7,Summer
2025-07-30 07:00:00,27.2,29.463121614530827,2.263121614530828,2.263121614530828,7,2,7,Summer
2025-07-30 08:00:00,41.8,36.569134167785236,-5.230865832214761,5.230865832214761,8,2,7,Summer
2025-07-30 09:00:00,33.8,36.32136792229879,2.5213679222987935,2.5213679222987935,9,2,7,Summer
2025-07-30 10:00:00,29.3,34.822381619775335,5.522381619775334,5.522381619775334,10,2,7,Summer
2025-07-30 11:00:00,43.0,38.70844837318047,-4.291551626819533,4.291551626819533,11,2,7,Summer
2025-07-30 12:00:00,38.3,38.388167728491176,0.08816772849117882,0.08816772849117882,12,2,7,Summer
2025-07-30 13:00:00,42.4,40.457328531934905,-1.9426714680650932,1.9426714680650932,13,2,7,Summer
2025-07-30 14:00:00,38.3,38.039688384704796,-0.2603116152952012,0.2603116152952012,14,2,7,Summer
2025-07-30 15:00:00,37.8,35.998900685243854,-1.8010993147561436,1.8010993147561436,15,2,7,Summer
2025-07-30 16:00:00,35.7,34.15596093314191,-1.5440390668580903,1.5440390668580903,16,2,7,Summer
2025-07-30 17:00:00,35.1,32.97960894072388,-2.1203910592761233,2.1203910592761233,17,2,7,Summer
2025-07-30 18:00:00,39.4,33.95251142979577,-5.447488570204229,5.447488570204229,18,2,7,Summer
2025-07-30 19:00:00,32.1,29.68907252063323,-2.410927479366773,2.410927479366773,19,2,7,Summer
2025-07-30 20:00:00,20.0,25.582968924541486,5.582968924541486,5.582968924541486,20,2,7,Summer
2025-07-30 21:00:00,26.4,25.737818090871073,-0.6621819091289254,0.6621819091289254,21,2,7,Summer
2025-07-30 22:00:00,27.9,24.773693445090466,-3.126306554909533,3.126306554909533,22,2,7,Summer
2025-07-30 23:00:00,27.4,24.938750289603853,-2.461249710396146,2.461249710396146,23,2,7,Summer
2025-07-31 00:00:00,20.4,21.349877136420794,0.9498771364207954,0.9498771364207954,0,3,7,Summer
2025-07-31 01:00:00,27.1,25.20205448260888,-1.897945517391122,1.897945517391122,1,3,7,Summer
2025-07-31 02:00:00,26.9,27.191555345419168,0.2915553454191695,0.2915553454191695,2,3,7,Summer
2025-07-31 03:00:00,34.8,28.568387507891735,-6.231612492108262,6.231612492108262,3,3,7,Summer
2025-07-31 04:00:00,23.1,27.361819373288206,4.261819373288205,4.261819373288205,4,3,7,Summer
2025-07-31 05:00:00,26.0,27.930965006456745,1.930965006456745,1.930965006456745,5,3,7,Summer
2025-07-31 06:00:00,28.9,29.2300783054311,0.33007830543110117,0.33007830543110117,6,3,7,Summer
2025-07-31 07:00:00,30.2,30.150315446028582,-0.049684553971417245,0.049684553971417245,7,3,7,Summer
2025-07-31 08:00:00,30.6,33.610927649958015,3.0109276499580133,3.0109276499580133,8,3,7,Summer
2025-07-31 09:00:00,24.7,30.643408874878844,5.943408874878845,5.943408874878845,9,3,7,Summer
2025-07-31 10:00:00,35.3,36.36213848128512,1.0621384812851247,1.0621384812851247,10,3,7,Summer
2025-07-31 11:00:00,39.3,38.2633566153504,-1.0366433846495937,1.0366433846495937,11,3,7,Summer
2025-07-31 12:00:00,36.2,38.05527041068589,1.8552704106858897,1.8552704106858897,12,3,7,Summer
2025-07-31 13:00:00,45.6,41.91093981295818,-3.689060187041818,3.689060187041818,13,3,7,Summer
2025-07-31 14:00:00,37.1,38.15390260132438,1.0539026013243813,1.0539026013243813,14,3,7,Summer
2025-07-31 15:00:00,41.0,38.76410481757743,-2.235895182422567,2.235895182422567,15,3,7,Summer
2025-07-31 16:00:00,35.2,35.50797434276625,0.3079743427662507,0.3079743427662507,16,3,7,Summer
2025-07-31 17:00:00,35.5,34.98074484954704,-0.5192551504529632,0.5192551504529632,17,3,7,Summer
2025-07-31 18:00:00,31.3,31.881426737276023,0.581426737276022,0.581426737276022,18,3,7,Summer
2025-07-31 19:00:00,33.5,31.422207901193683,-2.0777920988063165,2.0777920988063165,19,3,7,Summer
2025-07-31 20:00:00,26.4,26.669582946474478,0.269582946474479,0.269582946474479,20,3,7,Summer
2025-07-31 21:00:00,26.5,25.93427402166986,-0.5657259783301392,0.5657259783301392,21,3,7,Summer
2025-07-31 22:00:00,24.7,23.875723852531024,-0.824276147468975,0.824276147468975,22,3,7,Summer
2025-07-31 23:00:00,21.3,23.295852875298788,1.9958528752987874,1.9958528752987874,23,3,7,Summer
2025-08-01 00:00:00,23.6,21.387959993027565,-2.212040006972437,2.212040006972437,0,4,8,Summer
2025-08-01 01:00:00,31.2,26.426387360643062,-4.773612639356937,4.773612639356937,1,4,8,Summer
2025-08-01 02:00:00,22.0,24.130600783243477,2.1306007832434766,2.1306007832434766,2,4,8,Summer
2025-08-01 03:00:00,26.0,25.179442654145465,-0.8205573458545352,0.8205573458545352,3,4,8,Summer
2025-08-01 04:00:00,31.0,27.034767063342134,-3.9652329366578662,3.9652329366578662,4,4,8,Summer
2025-08-01 05:00:00,32.5,30.762742244556,-1.7372577554439985,1.7372577554439985,5,4,8,Summer
2025-08-01 06:00:00,30.0,29.534487456613917,-0.46551254338608317,0.46551254338608317,6,4,8,Summer
2025-08-01 07:00:00,22.5,30.138291182035022,7.638291182035022,7.638291182035022,7,4,8,Summer
2025-08-01 08:00:00,36.1,33.20508444200445,-2.894915557995553,2.894915557995553,8,4,8,Summer
2025-08-01 09:00:00,26.8,32.39249232685577,5.592492326855773,5.592492326855773,9,4,8,Summer
2025-08-01 10:00:00,42.8,39.663344890010826,-3.136655109989171,3.136655109989171,10,4,8,Summer
2025-08-01 11:00:00,38.4,38.773282431025706,0.37328243102570724,0.37328243102570724,11,4,8,Summer
2025-08-01 12:00:00,42.0,38.75444800656371,-3.245551993436287,3.245551993436287,12,4,8,Summer
2025-08-01 13:00:00,34.1,35.60557702623427,1.5055770262342705,1.5055770262342705,13,4,8,Summer
2025-08-01 14:00:00,30.7,35.20763226649145,4.507632266491452,4.507632266491452,14,4,8,Summer
2025-08-01 15:00:00,36.7,35.651392742987035,-1.0486072570129679,1.0486072570129679,15,4,8,Summer
2025-08-01 16:00:00,33.9,33.874660595766215,-0.025339404233783114,0.025339404233783114,16,4,8,Summer
2025-08-01 17:00:00,30.1,32.76094704687056,2.660947046870561,2.660947046870561,17,4,8,Summer
2025-08-01 18:00:00,30.3,31.882038206060276,1.5820382060602753,1.5820382060602753,18,4,8,Summer
2025-08-01 19:00:00,39.0,32.469322565464054,-6.530677434535946,6.530677434535946,19,4,8,Summer
2025-08-01 20:00:00,29.3,27.78247138928701,-1.51752861071299,1.51752861071299,20,4,8,Summer
2025-08-01 21:00:00,28.5,27.607009870844152,-0.892990129155848,0.892990129155848,21,4,8,Summer
2025-08-01 22:00:00,26.4,25.847854068704294,-0.5521459312957049,0.5521459312957049,22,4,8,Summer
2025-08-01 23:00:00,28.2,24.00268439931452,-4.197315600685478,4.197315600685478,23,4,8,Summer
2025-08-02 00:00:00,16.1,17.444706416966405,1.3447064169664031,1.3447064169664031,0,5,8,Summer
2025-08-02 01:00:00,8.9,15.11413702759289,6.214137027592889,6.214137027592889,1,5,8,Summer
2025-08-02 02:00:00,17.2,17.19266071670034,-0.007339283299661048,0.007339283299661048,2,5,8,Summer
2025-08-02 03:00:00,22.4,20.454405276401467,-1.945594723598532,1.945594723598532,3,5,8,Summer
2025-08-02 04:00:00,17.0,19.231961425347357,2.2319614253473574,2.2319614253473574,4,5,8,Summer
2025-08-02 05:00:00,22.1,21.52705048531799,-0.572949514682012,0.572949514682012,5,5,8,Summer
2025-08-02 06:00:00,22.1,22.928915727671903,0.8289157276719017,0.8289157276719017,6,5,8,Summer
2025-08-02 07:00:00,32.9,29.624409853135507,-3.2755901468644915,3.2755901468644915,7,5,8,Summer
2025-08-02 08:00:00,31.8,30.067537322081055,-1.7324626779189458,1.7324626779189458,8,5,8,Summer
2025-08-02 09:00:00,33.1,30.614734548302298,-2.4852654516977033,2.4852654516977033,9,5,8,Summer
2025-08-02 10:00:00,34.3,33.149702793729716,-1.150297206270281,1.150297206270281,10,5,8,Summer
2025-08-02 11:00:00,32.4,32.95685127936517,0.5568512793651692,0.5568512793651692,11,5,8,Summer
2025-08-02 12:00:00,33.6,33.578782603130534,-0.02121739686946711,0.02121739686946711,12,5,8,Summer
2025-08-02 13:00:00,27.8,31.197322179976336,3.397322179976335,3.397322179976335,13,5,8,Summer
2025-08-02 14:00:00,23.0,26.931390893603243,3.9313908936032433,3.9313908936032433,14,5,8,Summer
2025-08-02 15:00:00,31.1,30.566346386392674,-0.5336536136073278,0.5336536136073278,15,5,8,Summer
2025-08-02 16:00:00,30.1,29.24037866685548,-0.8596213331445206,0.8596213331445206,16,5,8,Summer
2025-08-02 17:00:00,31.7,27.963525506557083,-3.736474493442916,3.736474493442916,17,5,8,Summer
2025-08-02 18:00:00,31.1,27.10393561902225,-3.996064380977753,3.996064380977753,18,5,8,Summer
2025-08-02 19:00:00,29.0,28.064177010538767,-0.9358229894612329,0.9358229894612329,19,5,8,Summer
2025-08-02 20:00:00,16.8,19.27161119541381,2.4716111954138107,2.4716111954138107,20,5,8,Summer
2025-08-02 21:00:00,17.8,18.56530173883385,0.7653017388338483,0.7653017388338483,21,5,8,Summer
2025-08-02 22:00:00,19.8,18.224101795865895,-1.5758982041341056,1.5758982041341056,22,5,8,Summer
2025-08-02 23:00:00,27.2,21.543065884838278,-5.656934115161722,5.656934115161722,23,5,8,Summer
2025-08-03 00:00:00,22.6,19.303407913242015,-3.296592086757986,3.296592086757986,0,6,8,Summer
2025-08-03 01:00:00,21.4,19.845158152006437,-1.5548418479935613,1.5548418479935613,1,6,8,Summer
2025-08-03 02:00:00,16.2,18.03061835974779,1.8306183597477919,1.8306183597477919,2,6,8,Summer
2025-08-03 03:00:00,15.5,16.649823517631546,1.149823517631546,1.149823517631546,3,6,8,Summer
2025-08-03 04:00:00,23.8,21.53224767471497,-2.2677523252850307,2.2677523252850307,4,6,8,Summer
2025-08-03 05:00:00,18.2,20.21764065263932,2.0176406526393222,2.0176406526393222,5,6,8,Summer
2025-08-03 06:00:00,23.7,21.833747939311635,-1.866252060688364,1.866252060688364,6,6,8,Summer
2025-08-03 07:00:00,26.3,26.757378516736438,0.45737851673643704,0.45737851673643704,7,6,8,Summer
2025-08-03 08:00:00,35.1,31.64278558133969,-3.4572144186603104,3.4572144186603104,8,6,8,Summer
2025-08-03 09:00:00,28.9,28.734195643934594,-0.16580435606540433,0.16580435606540433,9,6,8,Summer
2025-08-03 10:00:00,21.9,25.8593774760376,3.959377476037602,3.959377476037602,10,6,8,Summer
2025-08-03 11:00:00,34.4,34.13708284180108,-0.2629171581989169,0.2629171581989169,11,6,8,Summer
2025-08-03 12:00:00,29.9,30.983297853850196,1.0832978538501976,1.0832978538501976,12,6,8,Summer
2025-08-03 13:00:00,32.6,32.11356655440074,-0.4864334455992605,0.4864334455992605,13,6,8,Summer
2025-08-03 14:00:00,31.3,31.978276918603612,0.6782769186036113,0.6782769186036113,14,6,8,Summer
2025-08-03 15:00:00,29.3,29.1464478980725,-0.15355210192750235,0.15355210192750235,15,6,8,Summer
2025-08-03 16:00:00,31.9,29.657631616621014,-2.2423683833789845,2.2423683833789845,16,6,8,Summer
2025-08-03 17:00:00,20.6,24.01091885322089,3.4109188532208883,3.4109188532208883,17,6,8,Summer
2025-08-03 18:00:00,22.6,25.40740701161182,2.8074070116118186,2.8074070116118186,18,6,8,Summer
2025-08-03 19:00:00,25.4,25.804193046544192,0.40419304654419363,0.40419304654419363,19,6,8,Summer
2025-08-03 20:00:00,18.2,18.975842290595004,0.7758422905950049,0.7758422905950049,20,6,8,Summer
2025-08-03 21:00:00,12.6,16.00104558187626,3.401045581876259,3.401045581876259,21,6,8,Summer
2025-08-03 22:00:00,20.4,18.950208689291095,-1.4497913107089033,1.4497913107089033,22,6,8,Summer
2025-08-03 23:00:00,21.5,20.241143601249323,-1.2588563987506767,1.2588563987506767,23,6,8,Summer
2025-08-04 00:00:00,21.4,21.68298629293143,0.28298629293143307,0.28298629293143307,0,0,8,Summer
2025-08-04 01:00:00,14.0,16.737155199160988,2.7371551991609877,2.7371551991609877,1,0,8,Summer
2025-08-04 02:00:00,25.4,22.686895498984256,-2.713104501015742,2.713104501015742,2,0,8,Summer
2025-08-04 03:00:00,17.3,20.3520311129856,3.052031112985599,3.052031112985599,3,0,8,Summer
2025-08-04 04:00:00,26.8,25.51620916473797,-1.2837908352620317,1.2837908352620317,4,0,8,Summer
2025-08-04 05:00:00,23.9,25.599955387586505,1.699955387586506,1.699955387586506,5,0,8,Summer
2025-08-04 06:00:00,24.9,27.617988361583635,2.717988361583636,2.717988361583636,6,0,8,Summer
2025-08-04 07:00:00,29.9,31.280930980171384,1.3809309801713852,1.3809309801713852,7,0,8,Summer
2025-08-04 08:00:00,32.8,32.48485934403017,-0.3151406559698273,0.3151406559698273,8,0,8,Summer
2025-08-04 09:00:00,32.6,33.555865338175785,0.9558653381757836,0.9558653381757836,9,0,8,Summer
2025-08-04 10:00:00,38.8,37.58657290475579,-1.2134270952442066,1.2134270952442066,10,0,8,Summer
2025-08-04 11:00:00,35.5,35.946270405887915,0.44627040588791544,0.44627040588791544,11,0,8,Summer
2025-08-04 12:00:00,41.5,40.89987719548429,-0.6001228045157134,0.6001228045157134,12,0,8,Summer
2025-08-04 13:00:00,38.4,36.32741618092693,-2.072583819073067,2.072583819073067,13,0,8,Summer
2025-08-04 14:00:00,33.7,35.05184945586147,1.351849455861469,1.351849455861469,14,0,8,Summer
2025-08-04 15:00:00,31.7,33.56895579486813,1.868955794868132,1.868955794868132,15,0,8,Summer
2025-08-04 16:00:00,27.0,29.852387128403198,2.8523871284031976,2.8523871284031976,16,0,8,Summer
2025-08-04 17:00:00,32.8,30.94177002789576,-1.8582299721042368,1.8582299721042368,17,0,8,Summer
2025-08-04 18:00:00,28.1,28.357756548162715,0.257756548162714,0.257756548162714,18,0,8,Summer
2025-08-04 19:00:00,18.0,24.488915481232045,6.488915481232045,6.488915481232045,19,0,8,Summer
2025-08-04 20:00:00,23.4,23.69773048658279,0.29773048658278967,0.29773048658278967,20,0,8,Summer
2025-08-04 21:00:00,20.3,21.68343429252573,1.383434292525731,1.383434292525731,21,0,8,Summer
2025-08-04 22:00:00,28.9,22.734111345892096,-6.165888654107903,6.165888654107903,22,0,8,Summer
2025-08-04 23:00:00,15.0,19.414464645708943,4.414464645708943,4.414464645708943,23,0,8,Summer
2025-08-05 00:00:00,15.6,19.073090476360402,3.4730904763604027,3.4730904763604027,0,1,8,Summer
2025-08-05 01:00:00,26.1,23.008431715290758,-3.0915682847092434,3.0915682847092434,1,1,8,Summer
2025-08-05 02:00:00,27.9,24.056787449279547,-3.8432125507204518,3.8432125507204518,2,1,8,Summer
2025-08-05 03:00:00,20.8,22.920118769650863,2.120118769650862,2.120118769650862,3,1,8,Summer
2025-08-05 04:00:00,22.9,23.749393465461512,0.8493934654615138,0.8493934654615138,4,1,8,Summer
2025-08-05 05:00:00,29.8,27.07928334182556,-2.7207166581744424,2.7207166581744424,5,1,8,Summer
2025-08-05 06:00:00,20.1,24.774866099950952,4.67486609995095,4.67486609995095,6,1,8,Summer
2025-08-05 07:00:00,24.0,29.717030373474685,5.717030373474685,5.717030373474685,7,1,8,Summer
2025-08-05 08:00:00,32.3,31.339002554860798,-0.9609974451391992,0.9609974451391992,8,1,8,Summer
2025-08-05 09:00:00,41.3,37.39329408593792,-3.90670591406208,3.90670591406208,9,1,8,Summer
2025-08-05 10:00:00,34.6,35.38470612912899,0.7847061291289918,0.7847061291289918,10,1,8,Summer
2025-08-05 11:00:00,37.5,36.14257647769534,-1.3574235223046571,1.3574235223046571,11,1,8,Summer
2025-08-05 12:00:00,41.9,38.47810964073638,-3.421890359263621,3.421890359263621,12,1,8,Summer
2025-08-05 13:00:00,45.6,39.550554538285574,-6.049445461714427,6.049445461714427,13,1,8,Summer
2025-08-05 14:00:00,34.0,35.9107016974379,1.9107016974379007,1.9107016974379007,14,1,8,Summer
2025-08-05 15:00:00,35.0,35.30057195475099,0.30057195475099263,0.30057195475099263,15,1,8,Summer
2025-08-05 16:00:00,40.7,36.04833851509183,-4.651661484908175,4.651661484908175,16,1,8,Summer
2025-08-05 17:00:00,25.4,28.743500614363906,3.343500614363908,3.343500614363908,17,1,8,Summer
2025-08-05 18:00:00,33.5,30.053422264066214,-3.4465777359337864,3.4465777359337864,18,1,8,Summer
2025-08-05 19:00:00,23.3,25.027921475954777,1.7279214759547763,1.7279214759547763,19,1,8,Summer
2025-08-05 20:00:00,25.8,24.926067069773882,-0.8739329302261183,0.8739329302261183,20,1,8,Summer
2025-08-05 21:00:00,22.8,23.316895418962687,0.5168954189626866,0.5168954189626866,21,1,8,Summer
2025-08-05 22:00:00,18.6,21.29195734879996,2.69195734879996,2.69195734879996,22,1,8,Summer
2025-08-05 23:00:00,17.7,20.55632288325734,2.8563228832573415,2.8563228832573415,23,1,8,Summer
2025-08-06 00:00:00,22.4,22.231087620787548,-0.1689123792124505,0.1689123792124505,0,2,8,Summer
2025-08-06 01:00:00,25.5,24.834034632477888,-0.6659653675221122,0.6659653675221122,1,2,8,Summer
2025-08-06 02:00:00,21.8,22.23169917834224,0.4316991783422388,0.4316991783422388,2,2,8,Summer
2025-08-06 03:00:00,23.9,24.796547913677824,0.8965479136778249,0.8965479136778249,3,2,8,Summer
2025-08-06 04:00:00,27.5,26.322061128334877,-1.1779388716651233,1.1779388716651233,4,2,8,Summer
2025-08-06 05:00:00,23.3,26.841568394575372,3.5415683945753713,3.5415683945753713,5,2,8,Summer
2025-08-06 06:00:00,32.2,28.927732853164006,-3.272267146835997,3.272267146835997,6,2,8,Summer
2025-08-06 07:00:00,34.6,32.61214051491264,-1.9878594850873625,1.9878594850873625,7,2,8,Summer
2025-08-06 08:00:00,43.7,37.60653778852243,-6.093462211477572,6.093462211477572,8,2,8,Summer
2025-08-06 09:00:00,33.4,35.47368342915115,2.073683429151153,2.073683429151153,9,2,8,Summer
2025-08-06 10:00:00,34.4,35.114699320491155,0.7146993204911567,0.7146993204911567,10,2,8,Summer
2025-08-06 11:00:00,40.1,38.36406056367946,-1.7359394363205425,1.7359394363205425,11,2,8,Summer
2025-08-06 12:00:00,40.5,39.540384275287145,-0.9596157247128545,0.9596157247128545,12,2,8,Summer
2025-08-06 13:00:00,34.8,36.60258776807853,1.8025877680785314,1.8025877680785314,13,2,8,Summer
2025-08-06 14:00:00,34.6,35.556350259127356,0.9563502591273547,0.9563502591273547,14,2,8,Summer
2025-08-06 15:00:00,37.1,34.91925229826547,-2.180747701734532,2.180747701734532,15,2,8,Summer
2025-08-06 16:00:00,30.0,33.82363219219197,3.8236321921919725,3.8236321921919725,16,2,8,Summer
2025-08-06 17:00:00,29.7,30.84733005331535,1.1473300533153505,1.1473300533153505,17,2,8,Summer
2025-08-06 18:00:00,29.6,28.3618341196437,-1.238165880356302,1.238165880356302,18,2,8,Summer
2025-08-06 19:00:00,31.2,28.096074850903253,-3.103925149096746,3.103925149096746,19,2,8,Summer
2025-08-06 20:00:00,22.8,24.313522908401406,1.5135229084014057,1.5135229084014057,20,2,8,Summer
2025-08-06 21:00:00,16.2,20.651791910846093,4.451791910846094,4.451791910846094,21,2,8,Summer
2025-08-06 22:00:00,14.7,18.92942958185806,4.22942958185806,4.22942958185806,22,2,8,Summer
2025-08-06 23:00:00,16.5,18.870211184206344,2.370211184206344,2.370211184206344,23,2,8,Summer
2025-08-07 00:00:00,15.9,19.026150799594376,3.1261507995943756,3.1261507995943756,0,3,8,Summer
2025-08-07 01:00:00,20.8,19.971310858744648,-0.828689141255353,0.828689141255353,1,3,8,Summer
2025-08-07 02:00:00,17.4,20.209882595868525,2.809882595868526,2.809882595868526,2,3,8,Summer
2025-08-07 03:00:00,20.7,23.00293195560027,2.302931955600272,2.302931955600272,3,3,8,Summer
2025-08-07 04:00:00,22.0,23.989044422406582,1.9890444224065824,1.9890444224065824,4,3,8,Summer
2025-08-07 05:00:00,25.3,27.20065826246228,1.9006582624622794,1.9006582624622794,5,3,8,Summer
2025-08-07 06:00:00,34.4,30.295673757531176,-4.104326242468822,4.104326242468822,6,3,8,Summer
2025-08-07 07:00:00,33.8,32.3817155516563,-1.418284448343698,1.418284448343698,7,3,8,Summer
2025-08-07 08:00:00,33.2,33.45445374504788,0.25445374504787566,0.25445374504787566,8,3,8,Summer
2025-08-07 09:00:00,32.9,32.5340341715018,-0.36596582849819725,0.36596582849819725,9,3,8,Summer
2025-08-07 10:00:00,34.3,35.379366564394324,1.079366564394327,1.079366564394327,10,3,8,Summer
2025-08-07 11:00:00,38.2,38.16066082164401,-0.039339178355994875,0.039339178355994875,11,3,8,Summer
2025-08-07 12:00:00,39.5,36.99399584547644,-2.506004154523559,2.506004154523559,12,3,8,Summer
2025-08-07 13:00:00,33.2,34.12168242852825,0.9216824285282499,0.9216824285282499,13,3,8,Summer
2025-08-07 14:00:00,36.2,35.385452676882075,-0.8145473231179281,0.8145473231179281,14,3,8,Summer
2025-08-07 15:00:00,26.7,30.814280507174658,4.114280507174659,4.114280507174659,15,3,8,Summer
2025-08-07 16:00:00,34.0,33.1640198109754,-0.8359801890246032,0.8359801890246032,16,3,8,Summer
2025-08-07 17:00:00,34.2,32.02023290070466,-2.17976709929534,2.17976709929534,17,3,8,Summer
2025-08-07 18:00:00,28.0,28.86291568324259,0.8629156832425906,0.8629156832425906,18,3,8,Summer
2025-08-07 19:00:00,34.3,30.152166947047544,-4.147833052952453,4.147833052952453,19,3,8,Summer
2025-08-07 20:00:00,21.6,23.992634679833188,2.3926346798331863,2.3926346798331863,20,3,8,Summer
2025-08-07 21:00:00,24.3,23.093409107892132,-1.2065908921078687,1.2065908921078687,21,3,8,Summer
2025-08-07 22:00:00,22.1,21.00040224593133,-1.0995977540686717,1.0995977540686717,22,3,8,Summer
2025-08-07 23:00:00,21.0,21.529870126536164,0.5298701265361636,0.5298701265361636,23,3,8,Summer
2025-08-08 00:00:00,20.5,20.71965880328384,0.21965880328383847,0.21965880328383847,0,4,8,Summer
2025-08-08 01:00:00,21.7,21.057837667208837,-0.6421623327911625,0.6421623327911625,1,4,8,Summer
2025-08-08 02:00:00,25.4,22.760511587318902,-2.6394884126810965,2.6394884126810965,2,4,8,Summer
2025-08-08 03:00:00,28.8,25.210737444719147,-3.589262555280854,3.589262555280854,3,4,8,Summer
2025-08-08 04:00:00,25.0,24.922257803193457,-0.07774219680654326,0.07774219680654326,4,4,8,Summer
2025-08-08 05:00:00,30.2,28.162598287784427,-2.0374017122155728,2.0374017122155728,5,4,8,Summer
2025-08-08 06:00:00,26.2,29.587198677345363,3.3871986773453635,3.3871986773453635,6,4,8,Summer
2025-08-08 07:00:00,34.1,31.623991495952154,-2.4760085040478472,2.4760085040478472,7,4,8,Summer
2025-08-08 08:00:00,29.9,32.82855929399509,2.928559293995093,2.928559293995093,8,4,8,Summer
2025-08-08 09:00:00,39.0,35.596741570119114,-3.4032584298808857,3.4032584298808857,9,4,8,Summer
2025-08-08 10:00:00,44.8,39.03632085276618,-5.763679147233816,5.763679147233816,10,4,8,Summer
2025-08-08 11:00:00,36.2,37.02680566125474,0.8268056612547383,0.8268056612547383,11,4,8,Summer
2025-08-08 12:00:00,28.2,35.468194063609374,7.268194063609375,7.268194063609375,12,4,8,Summer
2025-08-08 13:00:00,34.5,35.40770959351839,0.9077095935183905,0.9077095935183905,13,4,8,Summer
2025-08-08 14:00:00,40.8,38.35883382090742,-2.4411661790925763,2.4411661790925763,14,4,8,Summer
2025-08-08 15:00:00,36.9,35.44186519522424,-1.45813480477576,1.45813480477576,15,4,8,Summer
2025-08-08 16:00:00,34.0,33.52516591458198,-0.4748340854180171,0.4748340854180171,16,4,8,Summer
2025-08-08 17:00:00,35.1,32.75286992971882,-2.3471300702811817,2.3471300702811817,17,4,8,Summer
2025-08-08 18:00:00,30.9,30.99519767369699,0.09519767369699039,0.09519767369699039,18,4,8,Summer
2025-08-08 19:00:00,31.8,30.76561418266516,-1.0343858173348401,1.0343858173348401,19,4,8,Summer
2025-08-08 20:00:00,28.7,27.432113460977725,-1.2678865390222747,1.2678865390222747,20,4,8,Summer
2025-08-08 21:00:00,29.4,26.129490303043138,-3.270509696956861,3.270509696956861,21,4,8,Summer
2025-08-08 22:00:00,23.5,24.37809061912754,0.8780906191275406,0.8780906191275406,22,4,8,Summer
2025-08-08 23:00:00,24.9,24.35135993581941,-0.5486400641805886,0.5486400641805886,23,4,8,Summer
2025-08-09 00:00:00,14.6,15.584841858000681,0.9848418580006815,0.9848418580006815,0,5,8,Summer
2025-08-09 01:00:00,13.7,15.612888900306038,1.9128889003060383,1.9128889003060383,1,5,8,Summer
2025-08-09 02:00:00,23.7,21.294592978551417,-2.405407021448582,2.405407021448582,2,5,8,Summer
2025-08-09 03:00:00,19.1,20.41482138839276,1.3148213883927582,1.3148213883927582,3,5,8,Summer
2025-08-09 04:00:00,23.1,20.944894700774583,-2.1551052992254185,2.1551052992254185,4,5,8,Summer
2025-08-09 05:00:00,22.3,22.678237768799413,0.37823776879941207,0.37823776879941207,5,5,8,Summer
2025-08-09 06:00:00,21.5,22.026585261428174,0.5265852614281741,0.5265852614281741,6,5,8,Summer
2025-08-09 07:00:00,26.0,26.79681420457256,0.7968142045725592,0.7968142045725592,7,5,8,Summer
2025-08-09 08:00:00,33.6,30.173103906801245,-3.4268960931987564,3.4268960931987564,8,5,8,Summer
2025-08-09 09:00:00,31.7,31.42162063380351,-0.2783793661964893,0.2783793661964893,9,5,8,Summer
2025-08-09 10:00:00,23.9,28.447268185975457,4.547268185975458,4.547268185975458,10,5,8,Summer
2025-08-09 11:00:00,30.7,31.04945729010245,0.34945729010244975,0.34945729010244975,11,5,8,Summer
2025-08-09 12:00:00,39.0,33.676026663129726,-5.323973336870274,5.323973336870274,12,5,8,Summer
2025-08-09 13:00:00,30.7,28.365165091249757,-2.334834908750242,2.334834908750242,13,5,8,Summer
2025-08-09 14:00:00,23.6,28.51947627219903,4.919476272199027,4.919476272199027,14,5,8,Summer
2025-08-09 15:00:00,37.1,31.55579561257476,-5.544204387425243,5.544204387425243,15,5,8,Summer
2025-08-09 16:00:00,30.6,28.35903647036647,-2.2409635296335324,2.2409635296335324,16,5,8,Summer
2025-08-09 17:00:00,25.6,26.415756206160427,0.815756206160426,0.815756206160426,17,5,8,Summer
2025-08-09 18:00:00,22.4,24.375523469455224,1.9755234694552257,1.9755234694552257,18,5,8,Summer
2025-08-09 19:00:00,26.1,25.540811207848442,-0.5591887921515593,0.5591887921515593,19,5,8,Summer
2025-08-09 20:00:00,17.7,18.289616970075905,0.5896169700759053,0.5896169700759053,20,5,8,Summer
2025-08-09 21:00:00,22.8,19.378115552371263,-3.421884447628738,3.421884447628738,21,5,8,Summer
2025-08-09 22:00:00,19.1,19.05870026633593,-0.041299733664072136,0.041299733664072136,22,5,8,Summer
2025-08-09 23:00:00,17.1,18.01134503964626,0.9113450396462603,0.9113450396462603,23,5,8,Summer
2025-08-10 00:00:00,16.3,15.741480069680481,-0.5585199303195196,0.5585199303195196,0,6,8,Summer
2025-08-10 01:00:00,15.3,16.090995851730288,0.7909958517302869,0.7909958517302869,1,6,8,Summer
2025-08-10 02:00:00,21.0,17.985583571061486,-3.014416428938514,3.014416428938514,2,6,8,Summer
2025-08-10 03:00:00,14.6,16.365907161462808,1.765907161462808,1.765907161462808,3,6,8,Summer
2025-08-10 04:00:00,13.2,17.133523975075793,3.9335239750757935,3.9335239750757935,4,6,8,Summer
2025-08-10 05:00:00,24.1,21.37356632661462,-2.726433673385383,2.726433673385383,5,6,8,Summer
2025-08-10 06:00:00,26.2,23.975494115884445,-2.2245058841155547,2.2245058841155547,6,6,8,Summer
2025-08-10 07:00:00,27.7,27.58899149742612,-0.11100850257387762,0.11100850257387762,7,6,8,Summer
2025-08-10 08:00:00,29.3,29.01032861163669,-0.28967138836330975,0.28967138836330975,8,6,8,Summer
2025-08-10 09:00:00,28.1,29.4881479397458,1.3881479397457994,1.3881479397457994,9,6,8,Summer
2025-08-10 10:00:00,33.8,32.69441742146186,-1.1055825785381401,1.1055825785381401,10,6,8,Summer
2025-08-10 11:00:00,31.3,32.11332339176556,0.8133233917655609,0.8133233917655609,11,6,8,Summer
2025-08-10 12:00:00,29.8,31.41256603753965,1.6125660375396507,1.6125660375396507,12,6,8,Summer
2025-08-10 13:00:00,30.2,31.871371437787403,1.6713714377874034,1.6713714377874034,13,6,8,Summer
2025-08-10 14:00:00,38.7,32.7423276432068,-5.9576723567932035,5.9576723567932035,14,6,8,Summer
2025-08-10 15:00:00,22.4,28.05995865884529,5.659958658845291,5.659958658845291,15,6,8,Summer
2025-08-10 16:00:00,29.7,28.6548175107682,-1.0451824892317987,1.0451824892317987,16,6,8,Summer
2025-08-10 17:00:00,19.1,23.224326291916647,4.1243262919166455,4.1243262919166455,17,6,8,Summer
2025-08-10 18:00:00,23.3,21.617827458731085,-1.6821725412689155,1.6821725412689155,18,6,8,Summer
2025-08-10 19:00:00,19.9,21.774942746071655,1.8749427460716568,1.8749427460716568,19,6,8,Summer
2025-08-10 20:00:00,11.4,15.379496658849312,3.979496658849312,3.979496658849312,20,6,8,Summer
2025-08-10 21:00:00,19.6,17.603042297847683,-1.9969577021523186,1.9969577021523186,21,6,8,Summer
2025-08-10 22:00:00,15.3,16.917873873928794,1.6178738739287937,1.6178738739287937,22,6,8,Summer
2025-08-10 23:00:00,7.6,11.410209545017226,3.8102095450172264,3.8102095450172264,23,6,8,Summer
2025-08-11 00:00:00,23.9,23.524478101085244,-0.37552189891475507,0.37552189891475507,0,0,8,Summer
2025-08-11 01:00:00,26.6,24.05564750117732,-2.5443524988226827,2.5443524988226827,1,0,8,Summer
2025-08-11 02:00:00,27.6,25.946375987542616,-1.653624012457385,1.653624012457385,2,0,8,Summer
2025-08-11 03:00:00,24.4,24.36667195434542,-0.03332804565457792,0.03332804565457792,3,0,8,Summer
2025-08-11 04:00:00,24.8,25.662566289314327,0.8625662893143264,0.8625662893143264,4,0,8,Summer
2025-08-11 05:00:00,31.8,29.798519806859474,-2.0014801931405266,2.0014801931405266,5,0,8,Summer
2025-08-11 06:00:00,35.3,31.31664477210943,-3.9833552278905664,3.9833552278905664,6,0,8,Summer
2025-08-11 07:00:00,35.2,32.429063806714275,-2.7709361932857277,2.7709361932857277,7,0,8,Summer
2025-08-11 08:00:00,28.8,32.150885676987166,3.350885676987165,3.350885676987165,8,0,8,Summer
2025-08-11 09:00:00,35.0,34.21888031742966,-0.7811196825703419,0.7811196825703419,9,0,8,Summer
2025-08-11 10:00:00,37.3,36.311827164539174,-0.9881728354608228,0.9881728354608228,10,0,8,Summer
2025-08-11 11:00:00,29.1,33.43328037204564,4.333280372045635,4.333280372045635,11,0,8,Summer
2025-08-11 12:00:00,38.5,37.32007048071589,-1.1799295192841086,1.1799295192841086,12,0,8,Summer
2025-08-11 13:00:00,45.4,37.28755279690952,-8.112447203090476,8.112447203090476,13,0,8,Summer
2025-08-11 14:00:00,38.1,36.26227998437728,-1.8377200156227218,1.8377200156227218,14,0,8,Summer
2025-08-11 15:00:00,40.1,37.932710997460916,-2.1672890025390856,2.1672890025390856,15,0,8,Summer
2025-08-11 16:00:00,33.3,33.038339987059395,-0.26166001294060237,0.26166001294060237,16,0,8,Summer
2025-08-11 17:00:00,30.4,30.831490080858682,0.43149008085868346,0.43149008085868346,17,0,8,Summer
2025-08-11 18:00:00,30.1,29.45367054999623,-0.6463294500037726,0.6463294500037726,18,0,8,Summer
2025-08-11 19:00:00,23.2,24.580740812193277,1.3807408121932774,1.3807408121932774,19,0,8,Summer
2025-08-11 20:00:00,20.7,23.388431700429493,2.6884317004294935,2.6884317004294935,20,0,8,Summer
2025-08-11 21:00:00,28.0,24.53332674280394,-3.46667325719606,3.46667325719606,21,0,8,Summer
2025-08-11 22:00:00,27.1,24.122294780021882,-2.9777052199781195,2.9777052199781195,22,0,8,Summer
2025-08-11 23:00:00,16.9,20.265861861375562,3.3658618613755635,3.3658618613755635,23,0,8,Summer
2025-08-12 00:00:00,24.3,21.725321931977057,-2.574678068022944,2.574678068022944,0,1,8,Summer
2025-08-12 01:00:00,20.4,22.28933283503141,1.8893328350314107,1.8893328350314107,1,1,8,Summer
2025-08-12 02:00:00,22.9,22.792224685005582,-0.1077753149944165,0.1077753149944165,2,1,8,Summer
2025-08-12 03:00:00,24.6,23.71835058784405,-0.8816494121559515,0.8816494121559515,3,1,8,Summer
2025-08-12 04:00:00,28.4,25.266436965871932,-3.1335630341280662,3.1335630341280662,4,1,8,Summer
2025-08-12 05:00:00,26.7,25.57748313048089,-1.1225168695191101,1.1225168695191101,5,1,8,Summer
2025-08-12 06:00:00,34.1,30.81200110588445,-3.287998894115553,3.287998894115553,6,1,8,Summer
2025-08-12 07:00:00,31.8,30.88523271904515,-0.9147672809548517,0.9147672809548517,7,1,8,Summer
2025-08-12 08:00:00,34.9,33.48076510215261,-1.4192348978473888,1.4192348978473888,8,1,8,Summer
2025-08-12 09:00:00,30.8,33.70186588159576,2.901865881595757,2.901865881595757,9,1,8,Summer
2025-08-12 10:00:00,44.0,40.250224463543105,-3.7497755364568945,3.7497755364568945,10,1,8,Summer
2025-08-12 11:00:00,38.1,37.409071313104064,-0.690928686895937,0.690928686895937,11,1,8,Summer
2025-08-12 12:00:00,39.3,39.00672936329954,-0.2932706367004556,0.2932706367004556,12,1,8,Summer
2025-08-12 13:00:00,29.7,32.437410413699304,2.7374104136993047,2.7374104136993047,13,1,8,Summer
2025-08-12 14:00:00,32.1,33.469880420698765,1.3698804206987631,1.3698804206987631,14,1,8,Summer
2025-08-12 15:00:00,39.1,36.02374924242201,-3.076250757577995,3.076250757577995,15,1,8,Summer
2025-08-12 16:00:00,33.6,32.82556669469691,-0.7744333053030914,0.7744333053030914,16,1,8,Summer
2025-08-12 17:00:00,22.9,28.098722649781205,5.198722649781207,5.198722649781207,17,1,8,Summer
2025-08-12 18:00:00,32.6,30.923099421451557,-1.6769005785484445,1.6769005785484445,18,1,8,Summer
2025-08-12 19:00:00,24.2,25.08968962420277,0.8896896242027701,0.8896896242027701,19,1,8,Summer
2025-08-12 20:00:00,30.1,26.394989994872816,-3.7050100051271855,3.7050100051271855,20,1,8,Summer
2025-08-12 21:00:00,22.4,22.99760482369069,0.5976048236906912,0.5976048236906912,21,1,8,Summer
2025-08-12 22:00:00,22.3,21.970363276632224,-0.32963672336777705,0.32963672336777705,22,1,8,Summer
2025-08-12 23:00:00,25.4,22.25063080163698,-3.1493691983630185,3.1493691983630185,23,1,8,Summer
2025-08-13 00:00:00,16.7,20.38842432907471,3.68842432907471,3.68842432907471,0,2,8,Summer
2025-08-13 01:00:00,16.6,19.031772223166705,2.4317722231667034,2.4317722231667034,1,2,8,Summer
2025-08-13 02:00:00,20.6,21.498749759738384,0.8987497597383829,0.8987497597383829,2,2,8,Summer
2025-08-13 03:00:00,26.0,24.324274497198267,-1.6757255028017326,1.6757255028017326,3,2,8,Summer
2025-08-13 04:00:00,19.0,23.384510020040974,4.384510020040974,4.384510020040974,4,2,8,Summer
2025-08-13 05:00:00,19.6,23.84324039827716,4.243240398277159,4.243240398277159,5,2,8,Summer
2025-08-13 06:00:00,31.6,29.05684568793179,-2.5431543120682107,2.5431543120682107,6,2,8,Summer
2025-08-13 07:00:00,28.0,29.148032682413504,1.148032682413504,1.148032682413504,7,2,8,Summer
2025-08-13 08:00:00,30.8,31.90849791807289,1.1084979180728887,1.1084979180728887,8,2,8,Summer
2025-08-13 09:00:00,26.5,32.18015647274994,5.6801564727499425,5.6801564727499425,9,2,8,Summer
2025-08-13 10:00:00,32.5,33.585699055399374,1.085699055399374,1.085699055399374,10,2,8,Summer
2025-08-13 11:00:00,36.0,35.503176463666854,-0.4968235363331459,0.4968235363331459,11,2,8,Summer
2025-08-13 12:00:00,40.0,37.535612322036656,-2.4643876779633445,2.4643876779633445,12,2,8,Summer
2025-08-13 13:00:00,33.0,33.97201006261292,0.9720100626129167,0.9720100626129167,13,2,8,Summer
2025-08-13 14:00:00,41.9,37.837351641603696,-4.062648358396302,4.062648358396302,14,2,8,Summer
2025-08-13 15:00:00,31.2,33.06912771419972,1.869127714199724,1.869127714199724,15,2,8,Summer
2025-08-13 16:00:00,29.6,32.38599901583286,2.785999015832857,2.785999015832857,16,2,8,Summer
2025-08-13 17:00:00,36.5,32.7291739368817,-3.7708260631182995,3.7708260631182995,17,2,8,Summer
2025-08-13 18:00:00,29.2,29.17834244230804,-0.02165755769195954,0.02165755769195954,18,2,8,Summer
2025-08-13 19:00:00,24.0,25.479307223375415,1.4793072233754145,1.4793072233754145,19,2,8,Summer
2025-08-13 20:00:00,23.7,23.682407494020566,-0.01759250597943307,0.01759250597943307,20,2,8,Summer
2025-08-13 21:00:00,28.1,24.07514890217997,-4.024851097820033,4.024851097820033,21,2,8,Summer
2025-08-13 22:00:00,27.3,24.194690225488483,-3.105309774511518,3.105309774511518,22,2,8,Summer
2025-08-13 23:00:00,17.3,20.70467737540278,3.4046773754027804,3.4046773754027804,23,2,8,Summer
2025-08-14 00:00:00,20.0,20.89843101815093,0.8984310181509301,0.8984310181509301,0,3,8,Summer
2025-08-14 01:00:00,20.8,19.679127365847595,-1.1208726341524056,1.1208726341524056,1,3,8,Summer
2025-08-14 02:00:00,17.3,20.80721154761438,3.5072115476143786,3.5072115476143786,2,3,8,Summer
2025-08-14 03:00:00,22.3,23.534121049648,1.2341210496479995,1.2341210496479995,3,3,8,Summer
2025-08-14 04:00:00,24.2,23.947513320868723,-0.25248667913127676,0.25248667913127676,4,3,8,Summer
2025-08-14 05:00:00,30.7,26.695181725525067,-4.004818274474932,4.004818274474932,5,3,8,Summer
2025-08-14 06:00:00,33.0,29.177465314366525,-3.8225346856334745,3.8225346856334745,6,3,8,Summer
2025-08-14 07:00:00,28.9,30.844166039764712,1.9441660397647134,1.9441660397647134,7,3,8,Summer
2025-08-14 08:00:00,31.3,32.0450129671623,0.7450129671622996,0.7450129671622996,8,3,8,Summer
2025-08-14 09:00:00,36.5,34.58991699705496,-1.9100830029450435,1.9100830029450435,9,3,8,Summer
2025-08-14 10:00:00,32.8,32.931317629215,0.13131762921500467,0.13131762921500467,10,3,8,Summer
2025-08-14 11:00:00,38.3,38.10099867991717,-0.19900132008282867,0.19900132008282867,11,3,8,Summer
2025-08-14 12:00:00,35.8,36.4806910698131,0.6806910698131006,0.6806910698131006,12,3,8,Summer
2025-08-14 13:00:00,32.0,34.294689577509395,2.294689577509395,2.294689577509395,13,3,8,Summer
2025-08-14 14:00:00,31.3,35.12246594543364,3.8224659454336383,3.8224659454336383,14,3,8,Summer
2025-08-14 15:00:00,39.6,36.97653426211653,-2.623465737883471,2.623465737883471,15,3,8,Summer
2025-08-14 16:00:00,31.6,31.324095279627365,-0.2759047203726368,0.2759047203726368,16,3,8,Summer
2025-08-14 17:00:00,36.8,33.23184845146664,-3.5681515485333577,3.5681515485333577,17,3,8,Summer
2025-08-14 18:00:00,26.1,28.632793693607436,2.5327936936074344,2.5327936936074344,18,3,8,Summer
2025-08-14 19:00:00,27.3,27.9533075530373,0.6533075530372976,0.6533075530372976,19,3,8,Summer
2025-08-14 20:00:00,33.8,27.226516976464275,-6.573483023535722,6.573483023535722,20,3,8,Summer
2025-08-14 21:00:00,18.3,21.259080973849958,2.9590809738499573,2.9590809738499573,21,3,8,Summer
2025-08-14 22:00:00,13.7,20.133778610157748,6.4337786101577485,6.4337786101577485,22,3,8,Summer
2025-08-14 23:00:00,25.6,22.460002122782157,-3.1399978772178443,3.1399978772178443,23,3,8,Summer
2025-08-15 00:00:00,16.8,19.64807047294064,2.8480704729406376,2.8480704729406376,0,4,8,Summer
2025-08-15 01:00:00,20.3,20.24745807567883,-0.05254192432117222,0.05254192432117222,1,4,8,Summer
2025-08-15 02:00:00,18.8,19.918770214725665,1.1187702147256644,1.1187702147256644,2,4,8,Summer
2025-08-15 03:00:00,23.5,22.677442056330936,-0.8225579436690644,0.8225579436690644,3,4,8,Summer
2025-08-15 04:00:00,20.3,22.296607814017662,1.9966078140176613,1.9966078140176613,4,4,8,Summer
2025-08-15 05:00:00,25.3,27.047298135718222,1.7472981357182213,1.7472981357182213,5,4,8,Summer
2025-08-15 06:00:00,29.9,29.04821716839932,-0.8517828316006799,0.8517828316006799,6,4,8,Summer
2025-08-15 07:00:00,26.1,27.7662852132045,1.6662852132044996,1.6662852132044996,7,4,8,Summer
2025-08-15 08:00:00,29.3,30.964541933573877,1.6645419335738758,1.6645419335738758,8,4,8,Summer
2025-08-15 09:00:00,32.3,33.7263115624962,1.4263115624962026,1.4263115624962026,9,4,8,Summer
2025-08-15 10:00:00,29.3,32.36474279792969,3.064742797929693,3.064742797929693,10,4,8,Summer
2025-08-15 11:00:00,34.1,35.73019719216421,1.6301971921642107,1.6301971921642107,11,4,8,Summer
2025-08-15 12:00:00,36.5,35.12326534964068,-1.3767346503593174,1.3767346503593174,12,4,8,Summer
2025-08-15 13:00:00,34.2,34.92833283014336,0.7283328301433585,0.7283328301433585,13,4,8,Summer
2025-08-15 14:00:00,33.9,34.705708649480535,0.8057086494805361,0.8057086494805361,14,4,8,Summer
2025-08-15 15:00:00,33.6,34.54888216044628,0.9488821604462814,0.9488821604462814,15,4,8,Summer
2025-08-15 16:00:00,29.4,30.389069358830515,0.9890693588305162,0.9890693588305162,16,4,8,Summer
2025-08-15 17:00:00,32.9,31.862591572936722,-1.0374084270632764,1.0374084270632764,17,4,8,Summer
2025-08-15 18:00:00,33.8,30.685979069362627,-3.11402093063737,3.11402093063737,18,4,8,Summer
2025-08-15 19:00:00,24.1,25.251102165899,1.1511021658989975,1.1511021658989975,19,4,8,Summer
2025-08-15 20:00:00,26.0,25.3295235504219,-0.6704764495780999,0.6704764495780999,20,4,8,Summer
2025-08-15 21:00:00,21.5,24.226133800958422,2.726133800958422,2.726133800958422,21,4,8,Summer
2025-08-15 22:00:00,22.6,21.192036865868634,-1.4079631341313679,1.4079631341313679,22,4,8,Summer
2025-08-15 23:00:00,26.6,23.05472218645191,-3.54527781354809,3.54527781354809,23,4,8,Summer
2025-08-16 00:00:00,17.0,15.63061175985675,-1.36938824014325,1.36938824014325,0,5,8,Summer
2025-08-16 01:00:00,8.1,12.721233538564336,4.621233538564336,4.621233538564336,1,5,8,Summer
2025-08-16 02:00:00,17.8,16.576897547810066,-1.2231024521899343,1.2231024521899343,2,5,8,Summer
2025-08-16 03:00:00,22.2,19.287738967992784,-2.9122610320072155,2.9122610320072155,3,5,8,Summer
2025-08-16 04:00:00,18.1,17.449037623832634,-0.6509623761673673,0.6509623761673673,4,5,8,Summer
2025-08-16 05:00:00,24.9,21.43273699128137,-3.4672630087186285,3.4672630087186285,5,5,8,Summer
2025-08-16 06:00:00,20.2,21.252319192685086,1.0523191926850863,1.0523191926850863,6,5,8,Summer
2025-08-16 07:00:00,19.1,21.67251288074262,2.572512880742618,2.572512880742618,7,5,8,Summer
2025-08-16 08:00:00,27.5,26.132819204943328,-1.3671807950566723,1.3671807950566723,8,5,8,Summer
2025-08-16 09:00:00,21.6,25.797694681797488,4.197694681797486,4.197694681797486,9,5,8,Summer
2025-08-16 10:00:00,28.9,27.6323365746036,-1.2676634253963996,1.2676634253963996,10,5,8,Summer
2025-08-16 11:00:00,35.8,32.33217677678114,-3.4678232232188577,3.4678232232188577,11,5,8,Summer
2025-08-16 12:00:00,23.3,27.52863156627573,4.22863156627573,4.22863156627573,12,5,8,Summer
2025-08-16 13:00:00,25.6,26.83309948213834,1.2330994821383392,1.2330994821383392,13,5,8,Summer
2025-08-16 14:00:00,25.7,26.22063413450257,0.520634134502572,0.520634134502572,14,5,8,Summer
2025-08-16 15:00:00,28.3,29.033176611338405,0.7331766113384042,0.7331766113384042,15,5,8,Summer
2025-08-16 16:00:00,25.5,26.428155392447177,0.9281553924471773,0.9281553924471773,16,5,8,Summer
2025-08-16 17:00:00,30.6,28.130690818727086,-2.4693091812729158,2.4693091812729158,17,5,8,Summer
2025-08-16 18:00:00,26.8,24.489552164408956,-2.310447835591045,2.310447835591045,18,5,8,Summer
2025-08-16 19:00:00,22.9,21.806591728530744,-1.0934082714692543,1.0934082714692543,19,5,8,Summer
2025-08-16 20:00:00,19.5,20.167424431343306,0.6674244313433064,0.6674244313433064,20,5,8,Summer
2025-08-16 21:00:00,18.9,19.123227680723225,0.22322768072322674,0.22322768072322674,21,5,8,Summer
2025-08-16 22:00:00,12.6,14.519709452439109,1.9197094524391094,1.9197094524391094,22,5,8,Summer
2025-08-16 23:00:00,18.6,17.661479475609376,-0.9385205243906256,0.9385205243906256,23,5,8,Summer
2025-08-17 00:00:00,10.4,13.728969488434789,3.3289694884347885,3.3289694884347885,0,6,8,Summer
2025-08-17 01:00:00,18.4,15.565662669067047,-2.834337330932952,2.834337330932952,1,6,8,Summer
2025-08-17 02:00:00,20.6,17.920796418707514,-2.6792035812924873,2.6792035812924873,2,6,8,Summer
2025-08-17 03:00:00,18.0,16.957519710775994,-1.042480289224006,1.042480289224006,3,6,8,Summer
2025-08-17 04:00:00,18.1,18.385557252649157,0.28555725264915566,0.28555725264915566,4,6,8,Summer
2025-08-17 05:00:00,22.4,20.575477709952025,-1.8245222900479732,1.8245222900479732,5,6,8,Summer
2025-08-17 06:00:00,11.4,17.192822733739415,5.792822733739415,5.792822733739415,6,6,8,Summer
2025-08-17 07:00:00,26.1,23.66646692956607,-2.4335330704339313,2.4335330704339313,7,6,8,Summer
2025-08-17 08:00:00,26.4,25.61287116696251,-0.7871288330374888,0.7871288330374888,8,6,8,Summer
2025-08-17 09:00:00,28.3,28.290106814190995,-0.009893185809005445,0.009893185809005445,9,6,8,Summer
2025-08-17 10:00:00,32.6,30.392236155948673,-2.2077638440513283,2.2077638440513283,10,6,8,Summer
2025-08-17 11:00:00,30.3,31.973910740926012,1.6739107409260114,1.6739107409260114,11,6,8,Summer
2025-08-17 12:00:00,26.3,28.698767949753986,2.398767949753985,2.398767949753985,12,6,8,Summer
2025-08-17 13:00:00,30.0,30.527859018512626,0.5278590185126255,0.5278590185126255,13,6,8,Summer
2025-08-17 14:00:00,30.0,30.940475138761343,0.940475138761343,0.940475138761343,14,6,8,Summer
2025-08-17 15:00:00,28.9,28.069185302482058,-0.8308146975179405,0.8308146975179405,15,6,8,Summer
2025-08-17 16:00:00,27.5,27.971372918480665,0.47137291848066454,0.47137291848066454,16,6,8,Summer
2025-08-17 17:00:00,29.1,25.59337499911826,-3.5066250008817406,3.5066250008817406,17,6,8,Summer
2025-08-17 18:00:00,18.5,22.241212340054194,3.7412123400541937,3.7412123400541937,18,6,8,Summer
2025-08-17 19:00:00,21.5,21.609071075156432,0.10907107515643233,0.10907107515643233,19,6,8,Summer
2025-08-17 20:00:00,24.0,19.44305712442477,-4.556942875575231,4.556942875575231,20,6,8,Summer
2025-08-17 21:00:00,10.2,15.41442002238626,5.2144200223862605,5.2144200223862605,21,6,8,Summer
2025-08-17 22:00:00,16.6,16.139473422887896,-0.46052657711210543,0.46052657711210543,22,6,8,Summer
2025-08-17 23:00:00,12.8,14.74807260350648,1.9480726035064801,1.9480726035064801,23,6,8,Summer
2025-08-18 00:00:00,18.2,19.181101471645793,0.9811014716457933,0.9811014716457933,0,0,8,Summer
2025-08-18 01:00:00,16.4,18.036311344623883,1.6363113446238842,1.6363113446238842,1,0,8,Summer
2025-08-18 02:00:00,20.1,21.878592340411597,1.7785923404115955,1.7785923404115955,2,0,8,Summer
2025-08-18 03:00:00,29.4,24.788228028815844,-4.6117719711841545,4.6117719711841545,3,0,8,Summer
2025-08-18 04:00:00,18.6,21.6051020094222,3.005102009422199,3.005102009422199,4,0,8,Summer
2025-08-18 05:00:00,21.0,23.108575035438264,2.108575035438264,2.108575035438264,5,0,8,Summer
2025-08-18 06:00:00,22.5,25.203806100161927,2.703806100161927,2.703806100161927,6,0,8,Summer
2025-08-18 07:00:00,36.7,32.40173790329162,-4.298262096708385,4.298262096708385,7,0,8,Summer
2025-08-18 08:00:00,29.9,31.13848749565495,1.238487495654951,1.238487495654951,8,0,8,Summer
2025-08-18 09:00:00,33.3,34.78520976551957,1.4852097655195706,1.4852097655195706,9,0,8,Summer
2025-08-18 10:00:00,33.0,33.808990437125225,0.8089904371252246,0.8089904371252246,10,0,8,Summer
2025-08-18 11:00:00,31.7,33.39166203966006,1.6916620396600628,1.6916620396600628,11,0,8,Summer
2025-08-18 12:00:00,34.8,36.08052427576914,1.280524275769146,1.280524275769146,12,0,8,Summer
2025-08-18 13:00:00,45.3,42.07370931392835,-3.22629068607165,3.22629068607165,13,0,8,Summer
2025-08-18 14:00:00,40.2,37.16679896829749,-3.033201031702511,3.033201031702511,14,0,8,Summer
2025-08-18 15:00:00,29.9,32.78375204467147,2.883752044671475,2.883752044671475,15,0,8,Summer
2025-08-18 16:00:00,34.3,32.16895231428996,-2.131047685710037,2.131047685710037,16,0,8,Summer
2025-08-18 17:00:00,26.4,28.984070676821474,2.584070676821476,2.584070676821476,17,0,8,Summer
2025-08-18 18:00:00,20.6,24.910193226595972,4.31019322659597,4.31019322659597,18,0,8,Summer
2025-08-18 19:00:00,29.7,26.839330084737824,-2.860669915262175,2.860669915262175,19,0,8,Summer
2025-08-18 20:00:00,28.3,25.687955663275975,-2.6120443367240256,2.6120443367240256,20,0,8,Summer
2025-08-18 21:00:00,26.2,24.192866215200027,-2.007133784799972,2.007133784799972,21,0,8,Summer
2025-08-18 22:00:00,18.9,21.311569717503936,2.4115697175039372,2.4115697175039372,22,0,8,Summer
2025-08-18 23:00:00,19.3,19.790659804995904,0.49065980499590367,0.49065980499590367,23,0,8,Summer
2025-08-19 00:00:00,22.6,19.39863351226056,-3.201366487739442,3.201366487739442,0,1,8,Summer
2025-08-19 01:00:00,21.4,20.501263744865625,-0.8987362551343736,0.8987362551343736,1,1,8,Summer
2025-08-19 02:00:00,19.1,20.436435619142106,1.3364356191421045,1.3364356191421045,2,1,8,Summer
2025-08-19 03:00:00,15.5,21.61338626632956,6.1133862663295595,6.1133862663295595,3,1,8,Summer
2025-08-19 04:00:00,24.0,22.938512341397452,-1.0614876586025481,1.0614876586025481,4,1,8,Summer
2025-08-19 05:00:00,29.8,26.396889536551203,-3.4031104634487974,3.4031104634487974,5,1,8,Summer
2025-08-19 06:00:00,22.8,23.70819065860656,0.9081906586065607,0.9081906586065607,6,1,8,Summer
2025-08-19 07:00:00,32.2,30.531323240123655,-1.6686767598763481,1.6686767598763481,7,1,8,Summer
2025-08-19 08:00:00,32.9,32.01317977392356,-0.8868202260764377,0.8868202260764377,8,1,8,Summer
2025-08-19 09:00:00,36.2,34.8130202489783,-1.3869797510217055,1.3869797510217055,9,1,8,Summer
2025-08-19 10:00:00,38.0,35.56401400178702,-2.4359859982129777,2.4359859982129777,10,1,8,Summer
2025-08-19 11:00:00,32.5,33.59817482169994,1.098174821699942,1.098174821699942,11,1,8,Summer
2025-08-19 12:00:00,29.1,33.689083497345905,4.589083497345904,4.589083497345904,12,1,8,Summer
2025-08-19 13:00:00,33.2,35.333964354795874,2.1339643547958715,2.1339643547958715,13,1,8,Summer
2025-08-19 14:00:00,38.1,35.0618269844893,-3.0381730155107007,3.0381730155107007,14,1,8,Summer
2025-08-19 15:00:00,31.1,34.15241491946133,3.0524149194613273,3.0524149194613273,15,1,8,Summer
2025-08-19 16:00:00,28.8,30.20358674748769,1.4035867474876902,1.4035867474876902,16,1,8,Summer
2025-08-19 17:00:00,22.4,25.914071634987337,3.5140716349873387,3.5140716349873387,17,1,8,Summer
2025-08-19 18:00:00,34.6,28.83499479502866,-5.765005204971342,5.765005204971342,18,1,8,Summer
2025-08-19 19:00:00,28.8,25.450708640152257,-3.3492913598477436,3.3492913598477436,19,1,8,Summer
2025-08-19 20:00:00,26.7,24.621151859020316,-2.0788481409796837,2.0788481409796837,20,1,8,Summer
2025-08-19 21:00:00,25.8,22.85195140868997,-2.9480485913100303,2.9480485913100303,21,1,8,Summer
2025-08-19 22:00:00,23.0,21.94766454904646,-1.0523354509535388,1.0523354509535388,22,1,8,Summer
2025-08-19 23:00:00,18.9,19.23771929746858,0.3377192974685812,0.3377192974685812,23,1,8,Summer
2025-08-20 00:00:00,18.8,19.014847972873632,0.21484797287363122,0.21484797287363122,0,2,8,Summer
2025-08-20 01:00:00,18.0,19.258016710633356,1.2580167106333562,1.2580167106333562,1,2,8,Summer
2025-08-20 02:00:00,31.1,24.629993314329575,-6.470006685670427,6.470006685670427,2,2,8,Summer
2025-08-20 03:00:00,24.0,23.764668268648478,-0.23533173135152197,0.23533173135152197,3,2,8,Summer
2025-08-20 04:00:00,21.6,23.204009639107625,1.6040096391076233,1.6040096391076233,4,2,8,Summer
2025-08-20 05:00:00,27.3,27.572873903308732,0.2728739033087315,0.2728739033087315,5,2,8,Summer
2025-08-20 06:00:00,23.4,26.5052167091623,3.1052167091623026,3.1052167091623026,6,2,8,Summer
2025-08-20 07:00:00,35.6,32.277147616724044,-3.3228523832759578,3.3228523832759578,7,2,8,Summer
2025-08-20 08:00:00,28.8,31.32125835682594,2.521258356825939,2.521258356825939,8,2,8,Summer
2025-08-20 09:00:00,35.1,33.68992686461013,-1.4100731353898723,1.4100731353898723,9,2,8,Summer
2025-08-20 10:00:00,38.7,35.9487582740923,-2.751241725907704,2.751241725907704,10,2,8,Summer
2025-08-20 11:00:00,36.7,35.7768536660762,-0.9231463339238033,0.9231463339238033,11,2,8,Summer
2025-08-20 12:00:00,35.9,36.71890628018229,0.81890628018229,0.81890628018229,12,2,8,Summer
2025-08-20 13:00:00,35.2,34.41592580277259,-0.7840741972274117,0.7840741972274117,13,2,8,Summer
2025-08-20 14:00:00,34.2,33.86222995846519,-0.33777004153481016,0.33777004153481016,14,2,8,Summer
2025-08-20 15:00:00,30.8,32.43345837576805,1.633458375768047,1.633458375768047,15,2,8,Summer
2025-08-20 16:00:00,29.7,30.806098090907632,1.1060980909076328,1.1060980909076328,16,2,8,Summer
2025-08-20 17:00:00,35.5,32.226613019837025,-3.273386980162975,3.273386980162975,17,2,8,Summer
2025-08-20 18:00:00,27.0,27.97213946875177,0.9721394687517702,0.9721394687517702,18,2,8,Summer
2025-08-20 19:00:00,22.3,25.652543285481055,3.3525432854810546,3.3525432854810546,19,2,8,Summer
2025-08-20 20:00:00,21.4,24.489895801211304,3.0898958012113056,3.0898958012113056,20,2,8,Summer
2025-08-20 21:00:00,26.2,23.419611233218898,-2.780388766781101,2.780388766781101,21,2,8,Summer
2025-08-20 22:00:00,23.2,21.889583975113847,-1.3104160248861518,1.3104160248861518,22,2,8,Summer
2025-08-20 23:00:00,22.0,20.773300420408088,-1.2266995795919122,1.2266995795919122,23,2,8,Summer
2025-08-21 00:00:00,18.3,19.723659258752313,1.4236592587523127,1.4236592587523127,0,3,8,Summer
2025-08-21 01:00:00,21.9,19.936775725530083,-1.9632242744699155,1.9632242744699155,1,3,8,Summer
2025-08-21 02:00:00,17.9,20.322565936341284,2.422565936341286,2.422565936341286,2,3,8,Summer
2025-08-21 03:00:00,20.7,22.29608023009968,1.5960802300996804,1.5960802300996804,3,3,8,Summer
2025-08-21 04:00:00,27.2,23.621597013859304,-3.578402986140695,3.578402986140695,4,3,8,Summer
2025-08-21 05:00:00,28.8,27.90331566545516,-0.8966843345448403,0.8966843345448403,5,3,8,Summer
2025-08-21 06:00:00,23.4,24.744405252580655,1.344405252580657,1.344405252580657,6,3,8,Summer
2025-08-21 07:00:00,26.0,28.12881884860525,2.128818848605249,2.128818848605249,7,3,8,Summer
2025-08-21 08:00:00,31.8,31.439045033402657,-0.36095496659734394,0.36095496659734394,8,3,8,Summer
2025-08-21 09:00:00,39.9,34.73372932020714,-5.166270679792859,5.166270679792859,9,3,8,Summer
2025-08-21 10:00:00,26.6,31.007119519907672,4.4071195199076705,4.4071195199076705,10,3,8,Summer
2025-08-21 11:00:00,36.2,35.90329786488947,-0.2967021351105359,0.2967021351105359,11,3,8,Summer
2025-08-21 12:00:00,29.9,32.00397993713008,2.1039799371300845,2.1039799371300845,12,3,8,Summer
2025-08-21 13:00:00,32.6,33.413618252222435,0.8136182522224331,0.8136182522224331,13,3,8,Summer
2025-08-21 14:00:00,32.8,34.444093055122806,1.6440930551228092,1.6440930551228092,14,3,8,Summer
2025-08-21 15:00:00,31.3,31.806594663661894,0.5065946636618932,0.5065946636618932,15,3,8,Summer
2025-08-21 16:00:00,29.2,29.501930627044533,0.3019306270445341,0.3019306270445341,16,3,8,Summer
2025-08-21 17:00:00,29.5,29.58395408607477,0.08395408607476895,0.08395408607476895,17,3,8,Summer
2025-08-21 18:00:00,25.2,26.159757931931075,0.9597579319310761,0.9597579319310761,18,3,8,Summer
2025-08-21 19:00:00,19.4,23.542454051055426,4.142454051055427,4.142454051055427,19,3,8,Summer
2025-08-21 20:00:00,26.5,24.53605261948004,-1.9639473805199614,1.9639473805199614,20,3,8,Summer
2025-08-21 21:00:00,24.7,22.422723107083286,-2.2772768929167135,2.2772768929167135,21,3,8,Summer
2025-08-21 22:00:00,23.8,22.066965307457867,-1.7330346925421338,1.7330346925421338,22,3,8,Summer
2025-08-21 23:00:00,13.5,18.050050294872637,4.550050294872637,4.550050294872637,23,3,8,Summer
2025-08-22 00:00:00,20.4,19.247843881345954,-1.1521561186540445,1.1521561186540445,0,4,8,Summer
2025-08-22 01:00:00,22.2,20.6127987287312,-1.5872012712687997,1.5872012712687997,1,4,8,Summer
2025-08-22 02:00:00,16.2,19.45425977614084,3.2542597761408416,3.2542597761408416,2,4,8,Summer
2025-08-22 03:00:00,21.6,20.81730388802479,-0.7826961119752127,0.7826961119752127,3,4,8,Summer
2025-08-22 04:00:00,22.8,24.558169189298763,1.758169189298762,1.758169189298762,4,4,8,Summer
2025-08-22 05:00:00,32.5,29.853776485211988,-2.646223514788012,2.646223514788012,5,4,8,Summer
2025-08-22 06:00:00,34.9,30.12080370283285,-4.77919629716715,4.77919629716715,6,4,8,Summer
2025-08-22 07:00:00,22.7,28.218183299406324,5.518183299406324,5.518183299406324,7,4,8,Summer
2025-08-22 08:00:00,41.2,37.818963947870444,-3.3810360521295593,3.3810360521295593,8,4,8,Summer
2025-08-22 09:00:00,29.2,31.564810280486068,2.3648102804860685,2.3648102804860685,9,4,8,Summer
2025-08-22 10:00:00,38.1,36.69283258677063,-1.4071674132293737,1.4071674132293737,10,4,8,Summer
2025-08-22 11:00:00,38.9,35.49367714193931,-3.4063228580606904,3.4063228580606904,11,4,8,Summer
2025-08-22 12:00:00,31.3,33.230241011378155,1.930241011378154,1.930241011378154,12,4,8,Summer
2025-08-22 13:00:00,37.0,35.449946183292504,-1.5500538167074964,1.5500538167074964,13,4,8,Summer
2025-08-22 14:00:00,33.7,33.470995831338485,-0.2290041686615183,0.2290041686615183,14,4,8,Summer
2025-08-22 15:00:00,35.1,33.717666942276075,-1.3823330577239261,1.3823330577239261,15,4,8,Summer
2025-08-22 16:00:00,32.2,32.211381228022276,0.011381228022273149,0.011381228022273149,16,4,8,Summer
2025-08-22 17:00:00,34.1,31.2739822213639,-2.8260177786361,2.8260177786361,17,4,8,Summer
2025-08-22 18:00:00,27.6,27.845604293376933,0.2456042933769318,0.2456042933769318,18,4,8,Summer
2025-08-22 19:00:00,24.5,24.75952726634063,0.25952726634062984,0.25952726634062984,19,4,8,Summer
2025-08-22 20:00:00,27.6,25.752035624499708,-1.8479643755002932,1.8479643755002932,20,4,8,Summer
2025-08-22 21:00:00,23.9,23.125468889764083,-0.774531110235916,0.774531110235916,21,4,8,Summer
2025-08-22 22:00:00,23.3,21.030859531991506,-2.2691404680084943,2.2691404680084943,22,4,8,Summer
2025-08-22 23:00:00,16.9,19.424208107068946,2.5242081070689473,2.5242081070689473,23,4,8,Summer
2025-08-23 00:00:00,10.0,12.41872315610233,2.4187231561023292,2.4187231561023292,0,5,8,Summer
2025-08-23 01:00:00,12.1,13.305217803354427,1.2052178033544276,1.2052178033544276,1,5,8,Summer
2025-08-23 02:00:00,12.7,14.727661104850084,2.0276611048500843,2.0276611048500843,2,5,8,Summer
2025-08-23 03:00:00,19.6,18.133267016195965,-1.466732983804036,1.466732983804036,3,5,8,Summer
2025-08-23 04:00:00,22.0,19.92291673623196,-2.0770832637680385,2.0770832637680385,4,5,8,Summer
2025-08-23 05:00:00,19.5,20.411082005517247,0.9110820055172475,0.9110820055172475,5,5,8,Summer
2025-08-23 06:00:00,27.9,24.366475906154463,-3.5335240938455357,3.5335240938455357,6,5,8,Summer
2025-08-23 07:00:00,29.7,27.387924291874462,-2.312075708125537,2.312075708125537,7,5,8,Summer
2025-08-23 08:00:00,27.1,27.251769587532365,0.15176958753236391,0.15176958753236391,8,5,8,Summer
2025-08-23 09:00:00,24.5,26.37376433443786,1.8737643344378583,1.8737643344378583,9,5,8,Summer
2025-08-23 10:00:00,35.4,32.95745153141151,-2.442548468588491,2.442548468588491,10,5,8,Summer
2025-08-23 11:00:00,29.6,30.342202153431572,0.7422021534315704,0.7422021534315704,11,5,8,Summer
2025-08-23 12:00:00,30.6,29.275779584196822,-1.324220415803179,1.324220415803179,12,5,8,Summer
2025-08-23 13:00:00,28.5,29.076921498229268,0.5769214982292681,0.5769214982292681,13,5,8,Summer
2025-08-23 14:00:00,25.5,26.853589167267092,1.353589167267092,1.353589167267092,14,5,8,Summer
2025-08-23 15:00:00,21.9,25.725482432708638,3.8254824327086396,3.8254824327086396,15,5,8,Summer
2025-08-23 16:00:00,28.7,27.19111493812528,-1.508885061874718,1.508885061874718,16,5,8,Summer
2025-08-23 17:00:00,21.1,24.443453021484547,3.343453021484546,3.343453021484546,17,5,8,Summer
2025-08-23 18:00:00,34.4,28.01750308069416,-6.38249691930584,6.38249691930584,18,5,8,Summer
2025-08-23 19:00:00,15.7,19.085321140426387,3.385321140426388,3.385321140426388,19,5,8,Summer
2025-08-23 20:00:00,13.1,16.091660106605673,2.991660106605673,2.991660106605673,20,5,8,Summer
2025-08-23 21:00:00,18.5,16.883316048573267,-1.616683951426733,1.616683951426733,21,5,8,Summer
2025-08-23 22:00:00,21.3,17.650639652505916,-3.6493603474940848,3.6493603474940848,22,5,8,Summer
2025-08-23 23:00:00,14.7,14.67468541649582,-0.02531458350417992,0.02531458350417992,23,5,8,Summer
2025-08-24 00:00:00,16.3,13.918200488834563,-2.381799511165438,2.381799511165438,0,6,8,Summer
2025-08-24 01:00:00,6.9,12.599738343150277,5.699738343150276,5.699738343150276,1,6,8,Summer
2025-08-24 02:00:00,12.4,13.807932866160952,1.4079328661609516,1.4079328661609516,2,6,8,Summer
2025-08-24 03:00:00,12.1,14.48897192947552,2.3889719294755203,2.3889719294755203,3,6,8,Summer
2025-08-24 04:00:00,10.5,14.728338023697491,4.228338023697491,4.228338023697491,4,6,8,Summer
2025-08-24 05:00:00,20.4,18.625996633332505,-1.7740033666674933,1.7740033666674933,5,6,8,Summer
2025-08-24 06:00:00,13.1,17.370230195519603,4.270230195519604,4.270230195519604,6,6,8,Summer
2025-08-24 07:00:00,18.8,20.5831772222874,1.7831772222873994,1.7831772222873994,7,6,8,Summer
2025-08-24 08:00:00,23.9,25.148756184746446,1.2487561847464477,1.2487561847464477,8,6,8,Summer
2025-08-24 09:00:00,24.4,26.317061131663976,1.9170611316639778,1.9170611316639778,9,6,8,Summer
2025-08-24 10:00:00,30.6,28.914650405165283,-1.6853495948347188,1.6853495948347188,10,6,8,Summer
2025-08-24 11:00:00,31.0,29.480076817480324,-1.5199231825196762,1.5199231825196762,11,6,8,Summer
2025-08-24 12:00:00,33.6,30.579582303184647,-3.020417696815354,3.020417696815354,12,6,8,Summer
2025-08-24 13:00:00,32.8,30.45743297614999,-2.342567023850009,2.342567023850009,13,6,8,Summer
2025-08-24 14:00:00,33.5,30.961567772145337,-2.5384322278546634,2.5384322278546634,14,6,8,Summer
2025-08-24 15:00:00,27.7,28.016397124327867,0.3163971243278674,0.3163971243278674,15,6,8,Summer
2025-08-24 16:00:00,27.3,27.368380301900615,0.06838030190061417,0.06838030190061417,16,6,8,Summer
2025-08-24 17:00:00,26.2,25.872814967539092,-0.3271850324609069,0.3271850324609069,17,6,8,Summer
2025-08-24 18:00:00,22.6,21.776307174809283,-0.8236928251907187,0.8236928251907187,18,6,8,Summer
2025-08-24 19:00:00,18.4,19.240783953339285,0.8407839533392867,0.8407839533392867,19,6,8,Summer
2025-08-24 20:00:00,16.7,18.294740273005573,1.5947402730055735,1.5947402730055735,20,6,8,Summer
2025-08-24 21:00:00,13.1,16.05683579271219,2.956835792712189,2.956835792712189,21,6,8,Summer
2025-08-24 22:00:00,16.8,15.581815818231282,-1.2181841817687182,1.2181841817687182,22,6,8,Summer
2025-08-24 23:00:00,13.9,14.034878036064582,0.13487803606458115,0.13487803606458115,23,6,8,Summer
2025-08-25 00:00:00,16.3,17.629275298298293,1.3292752982982918,1.3292752982982918,0,0,8,Summer
2025-08-25 01:00:00,16.6,17.863032474953922,1.2630324749539206,1.2630324749539206,1,0,8,Summer
2025-08-25 02:00:00,15.2,18.511563859469597,3.3115638594695973,3.3115638594695973,2,0,8,Summer
2025-08-25 03:00:00,25.2,22.61188371744167,-2.588116282558328,2.588116282558328,3,0,8,Summer
2025-08-25 04:00:00,23.2,21.56811363431434,-1.6318863656856593,1.6318863656856593,4,0,8,Summer
2025-08-25 05:00:00,21.4,23.13167679715793,1.731676797157931,1.731676797157931,5,0,8,Summer
2025-08-25 06:00:00,30.2,27.433360355276815,-2.7666396447231847,2.7666396447231847,6,0,8,Summer
2025-08-25 07:00:00,26.8,28.088925983804504,1.2889259838045035,1.2889259838045035,7,0,8,Summer
2025-08-25 08:00:00,25.3,29.598062193066912,4.298062193066912,4.298062193066912,8,0,8,Summer
2025-08-25 09:00:00,36.7,33.675160152764676,-3.0248398472353273,3.0248398472353273,9,0,8,Summer
2025-08-25 10:00:00,31.7,33.58193278210904,1.8819327821090432,1.8819327821090432,10,0,8,Summer
2025-08-25 11:00:00,33.0,34.37226575036199,1.37226575036199,1.37226575036199,11,0,8,Summer
2025-08-25 12:00:00,35.1,33.632611006444016,-1.4673889935559856,1.4673889935559856,12,0,8,Summer
2025-08-25 13:00:00,39.2,37.78081290617813,-1.4191870938218756,1.4191870938218756,13,0,8,Summer
2025-08-25 14:00:00,33.9,33.979051720980586,0.07905172098058699,0.07905172098058699,14,0,8,Summer
2025-08-25 15:00:00,27.8,30.96820700742531,3.168207007425309,3.168207007425309,15,0,8,Summer
2025-08-25 16:00:00,33.1,31.67523298962183,-1.4247670103781722,1.4247670103781722,16,0,8,Summer
2025-08-25 17:00:00,27.1,27.89541599745481,0.795415997454807,0.795415997454807,17,0,8,Summer
2025-08-25 18:00:00,34.5,30.51154500619578,-3.9884549938042184,3.9884549938042184,18,0,8,Summer
2025-08-25 19:00:00,24.9,23.904822534016844,-0.9951774659831543,0.9951774659831543,19,0,8,Summer
2025-08-25 20:00:00,14.0,21.280153561183447,7.280153561183447,7.280153561183447,20,0,8,Summer
2025-08-25 21:00:00,22.7,22.416826942143757,-0.28317305785624214,0.28317305785624214,21,0,8,Summer
2025-08-25 22:00:00,27.8,22.115441276751742,-5.684558723248259,5.684558723248259,22,0,8,Summer
2025-08-25 23:00:00,25.5,23.395489676114742,-2.1045103238852576,2.1045103238852576,23,0,8,Summer
2025-08-26 00:00:00,26.2,23.897682799148974,-2.302317200851025,2.302317200851025,0,1,8,Summer
2025-08-26 01:00:00,15.0,19.904274834839285,4.904274834839285,4.904274834839285,1,1,8,Summer
2025-08-26 02:00:00,23.6,21.90561671301314,-1.694383286986863,1.694383286986863,2,1,8,Summer
2025-08-26 03:00:00,18.3,21.229923703463598,2.929923703463597,2.929923703463597,3,1,8,Summer
2025-08-26 04:00:00,23.7,23.629012412524595,-0.07098758747540401,0.07098758747540401,4,1,8,Summer
2025-08-26 05:00:00,19.7,24.080809082425827,4.380809082425827,4.380809082425827,5,1,8,Summer
2025-08-26 06:00:00,24.3,26.268787340351942,1.9687873403519411,1.9687873403519411,6,1,8,Summer
2025-08-26 07:00:00,26.2,27.990385457005292,1.7903854570052928,1.7903854570052928,7,1,8,Summer
2025-08-26 08:00:00,34.4,32.618825849799514,-1.781174150200485,1.781174150200485,8,1,8,Summer
2025-08-26 09:00:00,35.7,34.05200636337781,-1.6479936366221963,1.6479936366221963,9,1,8,Summer
2025-08-26 10:00:00,34.9,33.38261852225623,-1.5173814777437684,1.5173814777437684,10,1,8,Summer
2025-08-26 11:00:00,29.2,33.109426658714106,3.909426658714107,3.909426658714107,11,1,8,Summer
2025-08-26 12:00:00,33.6,34.26285182643168,0.6628518264316767,0.6628518264316767,12,1,8,Summer
2025-08-26 13:00:00,31.6,33.99642802986854,2.396428029868538,2.396428029868538,13,1,8,Summer
2025-08-26 14:00:00,37.2,34.49884189931704,-2.70115810068296,2.70115810068296,14,1,8,Summer
2025-08-26 15:00:00,37.2,34.27234472334109,-2.9276552766589106,2.9276552766589106,15,1,8,Summer
2025-08-26 16:00:00,35.1,33.35752528690493,-1.7424747130950706,1.7424747130950706,16,1,8,Summer
2025-08-26 17:00:00,25.9,26.80791272453753,0.9079127245375318,0.9079127245375318,17,1,8,Summer
2025-08-26 18:00:00,15.9,23.65984150844136,7.75984150844136,7.75984150844136,18,1,8,Summer
2025-08-26 19:00:00,17.7,21.91286625470961,4.21286625470961,4.21286625470961,19,1,8,Summer
2025-08-26 20:00:00,28.5,24.69877985531799,-3.8012201446820093,3.8012201446820093,20,1,8,Summer
2025-08-26 21:00:00,19.6,19.86259601043742,0.2625960104374201,0.2625960104374201,21,1,8,Summer
2025-08-26 22:00:00,16.9,19.40171313950746,2.501713139507462,2.501713139507462,22,1,8,Summer
2025-08-26 23:00:00,25.7,23.048075725663608,-2.651924274336391,2.651924274336391,23,1,8,Summer
2025-08-27 00:00:00,23.8,22.274186902442846,-1.5258130975571547,1.5258130975571547,0,2,8,Summer
2025-08-27 01:00:00,19.1,21.53307201279429,2.4330720127942875,2.4330720127942875,1,2,8,Summer
2025-08-27 02:00:00,18.6,19.785957282505354,1.1859572825053526,1.1859572825053526,2,2,8,Summer
2025-08-27 03:00:00,20.6,20.61262912634732,0.012629126347317055,0.012629126347317055,3,2,8,Summer
2025-08-27 04:00:00,23.6,23.962537274414824,0.362537274414823,0.362537274414823,4,2,8,Summer
2025-08-27 05:00:00,31.1,27.888375898547945,-3.211624101452056,3.211624101452056,5,2,8,Summer
2025-08-27 06:00:00,28.4,29.218456791872455,0.8184567918724568,0.8184567918724568,6,2,8,Summer
2025-08-27 07:00:00,31.7,30.935148019853685,-0.7648519801463145,0.7648519801463145,7,2,8,Summer
2025-08-27 08:00:00,35.4,33.88196940770423,-1.5180305922957658,1.5180305922957658,8,2,8,Summer
2025-08-27 09:00:00,27.7,30.705360992308016,3.0053609923080167,3.0053609923080167,9,2,8,Summer
2025-08-27 10:00:00,36.7,34.605572616365855,-2.094427383634148,2.094427383634148,10,2,8,Summer
2025-08-27 11:00:00,33.3,33.81692433184416,0.5169243318441659,0.5169243318441659,11,2,8,Summer
2025-08-27 12:00:00,24.7,30.958887657406517,6.258887657406518,6.258887657406518,12,2,8,Summer
2025-08-27 13:00:00,26.0,29.543157637547996,3.5431576375479956,3.5431576375479956,13,2,8,Summer
2025-08-27 14:00:00,29.6,30.821757156646417,1.2217571566464152,1.2217571566464152,14,2,8,Summer
2025-08-27 15:00:00,34.5,33.10651853970454,-1.3934814602954617,1.3934814602954617,15,2,8,Summer
2025-08-27 16:00:00,31.2,30.932612390796308,-0.2673876092036913,0.2673876092036913,16,2,8,Summer
2025-08-27 17:00:00,29.5,29.802137580428063,0.30213758042806305,0.30213758042806305,17,2,8,Summer
2025-08-27 18:00:00,34.5,28.713798537190602,-5.786201462809398,5.786201462809398,18,2,8,Summer
2025-08-27 19:00:00,19.6,23.728402282321124,4.128402282321122,4.128402282321122,19,2,8,Summer
2025-08-27 20:00:00,22.6,22.874415145176382,0.27441514517638055,0.27441514517638055,20,2,8,Summer
2025-08-27 21:00:00,22.3,22.336192284286422,0.03619228428642174,0.03619228428642174,21,2,8,Summer
2025-08-27 22:00:00,16.9,19.431046747148375,2.531046747148377,2.531046747148377,22,2,8,Summer
2025-08-27 23:00:00,19.1,19.892572461472962,0.792572461472961,0.792572461472961,23,2,8,Summer
2025-08-28 00:00:00,12.2,15.470883880707152,3.270883880707153,3.270883880707153,0,3,8,Summer
2025-08-28 01:00:00,24.6,21.156523510895607,-3.4434764891043947,3.4434764891043947,1,3,8,Summer
2025-08-28 02:00:00,17.0,20.241638338104295,3.241638338104295,3.241638338104295,2,3,8,Summer
2025-08-28 03:00:00,29.1,24.014567239119245,-5.085432760880757,5.085432760880757,3,3,8,Summer
2025-08-28 04:00:00,22.5,23.977592786242514,1.4775927862425142,1.4775927862425142,4,3,8,Summer
2025-08-28 05:00:00,28.7,26.68408933207188,-2.015910667928118,2.015910667928118,5,3,8,Summer
2025-08-28 06:00:00,26.4,25.964604511274725,-0.43539548872527334,0.43539548872527334,6,3,8,Summer
2025-08-28 07:00:00,28.6,28.535209551683167,-0.06479044831683467,0.06479044831683467,7,3,8,Summer
2025-08-28 08:00:00,28.3,30.43996017409425,2.1399601740942487,2.1399601740942487,8,3,8,Summer
2025-08-28 09:00:00,32.8,31.709224922403497,-1.0907750775965006,1.0907750775965006,9,3,8,Summer
2025-08-28 10:00:00,34.8,35.31949055640029,0.5194905564002923,0.5194905564002923,10,3,8,Summer
2025-08-28 11:00:00,31.2,32.683019259471564,1.4830192594715648,1.4830192594715648,11,3,8,Summer
2025-08-28 12:00:00,34.1,34.94182392674293,0.8418239267429257,0.8418239267429257,12,3,8,Summer
2025-08-28 13:00:00,31.9,34.066675936226545,2.1666759362265466,2.1666759362265466,13,3,8,Summer
2025-08-28 14:00:00,42.8,36.116009106035776,-6.683990893964221,6.683990893964221,14,3,8,Summer
2025-08-28 15:00:00,31.9,31.964062442470304,0.06406244247030557,0.06406244247030557,15,3,8,Summer
2025-08-28 16:00:00,36.8,32.39143770251997,-4.4085622974800245,4.4085622974800245,16,3,8,Summer
2025-08-28 17:00:00,27.9,28.50826782638296,0.60826782638296,0.60826782638296,17,3,8,Summer
2025-08-28 18:00:00,27.7,28.462647017298114,0.7626470172981143,0.7626470172981143,18,3,8,Summer
2025-08-28 19:00:00,19.3,22.874379839384243,3.5743798393842425,3.5743798393842425,19,3,8,Summer
2025-08-28 20:00:00,20.9,21.098936627864397,0.19893662786439847,0.19893662786439847,20,3,8,Summer
2025-08-28 21:00:00,21.8,21.825088644128744,0.025088644128743454,0.025088644128743454,21,3,8,Summer
2025-08-28 22:00:00,26.1,23.41601503323357,-2.683984966766431,2.683984966766431,22,3,8,Summer
2025-08-28 23:00:00,19.8,20.649360225429437,0.8493602254294359,0.8493602254294359,23,3,8,Summer
2025-08-29 00:00:00,24.1,21.291011350057303,-2.808988649942698,2.808988649942698,0,4,8,Summer
2025-08-29 01:00:00,21.4,21.741918914010597,0.3419189140105985,0.3419189140105985,1,4,8,Summer
2025-08-29 02:00:00,26.1,22.829010616861765,-3.270989383138236,3.270989383138236,2,4,8,Summer
2025-08-29 03:00:00,20.7,23.189729457660082,2.489729457660083,2.489729457660083,3,4,8,Summer
2025-08-29 04:00:00,32.1,26.42251709164569,-5.67748290835431,5.67748290835431,4,4,8,Summer
2025-08-29 05:00:00,22.5,25.348714467512067,2.8487144675120675,2.8487144675120675,5,4,8,Summer
2025-08-29 06:00:00,23.5,27.349433850237006,3.8494338502370056,3.8494338502370056,6,4,8,Summer
2025-08-29 07:00:00,23.8,27.23009081602634,3.4300908160263397,3.4300908160263397,7,4,8,Summer
2025-08-29 08:00:00,39.9,35.61440946361158,-4.285590536388419,4.285590536388419,8,4,8,Summer
2025-08-29 09:00:00,35.5,33.74853029878726,-1.7514697012127414,1.7514697012127414,9,4,8,Summer
2025-08-29 10:00:00,32.1,33.159708026756604,1.0597080267566028,1.0597080267566028,10,4,8,Summer
2025-08-29 11:00:00,39.3,35.67234315515847,-3.6276568448415247,3.6276568448415247,11,4,8,Summer
2025-08-29 12:00:00,37.3,35.29975638409316,-2.0002436159068395,2.0002436159068395,12,4,8,Summer
2025-08-29 13:00:00,42.1,36.324799170360954,-5.775200829639047,5.775200829639047,13,4,8,Summer
2025-08-29 14:00:00,27.3,30.74403137401878,3.4440313740187776,3.4440313740187776,14,4,8,Summer
2025-08-29 15:00:00,31.1,32.80500504488146,1.7050050448814602,1.7050050448814602,15,4,8,Summer
2025-08-29 16:00:00,28.7,30.220696206505497,1.520696206505498,1.520696206505498,16,4,8,Summer
2025-08-29 17:00:00,20.7,25.955733240530233,5.255733240530233,5.255733240530233,17,4,8,Summer
2025-08-29 18:00:00,30.8,27.903970302639472,-2.896029697360529,2.896029697360529,18,4,8,Summer
2025-08-29 19:00:00,23.4,22.181375695879687,-1.2186243041203113,1.2186243041203113,19,4,8,Summer
2025-08-29 20:00:00,25.5,22.426945364837795,-3.0730546351622046,3.0730546351622046,20,4,8,Summer
2025-08-29 21:00:00,30.3,23.169880195312086,-7.130119804687915,7.130119804687915,21,4,8,Summer
2025-08-29 22:00:00,18.2,20.691689696542817,2.4916896965428172,2.4916896965428172,22,4,8,Summer
2025-08-29 23:00:00,17.1,17.96605673210924,0.8660567321092394,0.8660567321092394,23,4,8,Summer
2025-08-30 00:00:00,13.9,14.227317796436468,0.32731779643646775,0.32731779643646775,0,5,8,Summer
2025-08-30 01:00:00,17.7,15.669607045962842,-2.0303929540371577,2.0303929540371577,1,5,8,Summer
2025-08-30 02:00:00,12.3,14.272422975164046,1.9724229751640454,1.9724229751640454,2,5,8,Summer
2025-08-30 03:00:00,13.3,16.36458341650425,3.0645834165042487,3.0645834165042487,3,5,8,Summer
2025-08-30 04:00:00,21.7,19.310187671073038,-2.3898123289269613,2.3898123289269613,4,5,8,Summer
2025-08-30 05:00:00,20.9,19.96127624957359,-0.9387237504264085,0.9387237504264085,5,5,8,Summer
2025-08-30 06:00:00,13.3,18.002820184266376,4.7028201842663755,4.7028201842663755,6,5,8,Summer
2025-08-30 07:00:00,18.6,20.085502826863813,1.4855028268638115,1.4855028268638115,7,5,8,Summer
2025-08-30 08:00:00,31.5,28.593668166045557,-2.906331833954443,2.906331833954443,8,5,8,Summer
2025-08-30 09:00:00,28.7,26.141108703008864,-2.558891296991135,2.558891296991135,9,5,8,Summer
2025-08-30 10:00:00,25.3,26.929764986181908,1.6297649861819075,1.6297649861819075,10,5,8,Summer
2025-08-30 11:00:00,28.5,29.335140410533626,0.8351404105336258,0.8351404105336258,11,5,8,Summer
2025-08-30 12:00:00,29.5,29.35279382224589,-0.1472061777541107,0.1472061777541107,12,5,8,Summer
2025-08-30 13:00:00,32.1,31.13016447636019,-0.9698355236398122,0.9698355236398122,13,5,8,Summer
2025-08-30 14:00:00,23.0,25.10567455217136,2.1056745521713616,2.1056745521713616,14,5,8,Summer
2025-08-30 15:00:00,23.7,25.218295493184904,1.5182954931849046,1.5182954931849046,15,5,8,Summer
2025-08-30 16:00:00,26.5,26.826193374268517,0.3261933742685166,0.3261933742685166,16,5,8,Summer
2025-08-30 17:00:00,23.1,22.435266487936346,-0.6647335120636555,0.6647335120636555,17,5,8,Summer
2025-08-30 18:00:00,23.7,23.80995121916543,0.10995121916543127,0.10995121916543127,18,5,8,Summer
2025-08-30 19:00:00,14.5,16.36912974777094,1.8691297477709412,1.8691297477709412,19,5,8,Summer
2025-08-30 20:00:00,18.9,16.920782054165784,-1.9792179458342147,1.9792179458342147,20,5,8,Summer
2025-08-30 21:00:00,20.2,18.568090442537965,-1.6319095574620341,1.6319095574620341,21,5,8,Summer
2025-08-30 22:00:00,16.5,16.180767832602832,-0.31923216739716764,0.31923216739716764,22,5,8,Summer
2025-08-30 23:00:00,14.3,12.900464611464892,-1.3995353885351083,1.3995353885351083,23,5,8,Summer
2025-08-31 00:00:00,13.0,13.82864905437905,0.8286490543790492,0.8286490543790492,0,6,8,Summer
2025-08-31 01:00:00,10.3,13.275097238537457,2.9750972385374563,2.9750972385374563,1,6,8,Summer
2025-08-31 02:00:00,14.2,14.141158951692406,-0.058841048307593624,0.058841048307593624,2,6,8,Summer
2025-08-31 03:00:00,20.8,17.338785706468915,-3.4612142935310857,3.4612142935310857,3,6,8,Summer
2025-08-31 04:00:00,16.9,17.920683929895556,1.020683929895558,1.020683929895558,4,6,8,Summer
2025-08-31 05:00:00,15.7,19.0858006710389,3.3858006710389006,3.3858006710389006,5,6,8,Summer
2025-08-31 06:00:00,19.4,19.283605059395676,-0.11639494060432298,0.11639494060432298,6,6,8,Summer
2025-08-31 07:00:00,24.2,23.48466432084349,-0.7153356791565102,0.7153356791565102,7,6,8,Summer
2025-08-31 08:00:00,23.9,25.314615852580403,1.414615852580404,1.414615852580404,8,6,8,Summer
2025-08-31 09:00:00,29.0,28.46391734045485,-0.5360826595451513,0.5360826595451513,9,6,8,Summer
2025-08-31 10:00:00,30.4,30.155912471699455,-0.24408752830054325,0.24408752830054325,10,6,8,Summer
2025-08-31 11:00:00,32.7,31.71782343124791,-0.9821765687520916,0.9821765687520916,11,6,8,Summer
2025-08-31 12:00:00,35.1,33.2945294108504,-1.8054705891496,1.8054705891496,12,6,8,Summer
2025-08-31 13:00:00,33.1,31.796752576124884,-1.303247423875117,1.303247423875117,13,6,8,Summer
2025-08-31 14:00:00,24.6,27.385719134985994,2.7857191349859924,2.7857191349859924,14,6,8,Summer
2025-08-31 15:00:00,23.4,25.187603914334204,1.7876039143342055,1.7876039143342055,15,6,8,Summer
2025-08-31 16:00:00,25.1,25.35786446347249,0.25786446347249026,0.25786446347249026,16,6,8,Summer
2025-08-31 17:00:00,21.6,21.946627535205497,0.3466275352054957,0.3466275352054957,17,6,8,Summer
2025-08-31 18:00:00,16.8,18.60520468228219,1.805204682282188,1.805204682282188,18,6,8,Summer
2025-08-31 19:00:00,17.5,17.07544051872965,-0.42455948127035015,0.42455948127035015,19,6,8,Summer
2025-08-31 20:00:00,15.5,16.50517011153705,1.0051701115370513,1.0051701115370513,20,6,8,Summer
2025-08-31 21:00:00,13.0,14.266692533432463,1.2666925334324635,1.2666925334324635,21,6,8,Summer
2025-08-31 22:00:00,13.2,14.558551176226143,1.3585511762261433,1.3585511762261433,22,6,8,Summer
2025-08-31 23:00:00,18.4,18.198414206973663,-0.20158579302633584,0.20158579302633584,23,6,8,Summer
2025-09-01 00:00:00,19.1,19.520263112950452,0.42026311295045105,0.42026311295045105,0,0,9,Autumn
2025-09-01 01:00:00,28.4,22.670740855817858,-5.729259144182141,5.729259144182141,1,0,9,Autumn
2025-09-01 02:00:00,20.0,18.153676431214627,-1.8463235687853725,1.8463235687853725,2,0,9,Autumn
2025-09-01 03:00:00,19.5,21.27441086684002,1.7744108668400216,1.7744108668400216,3,0,9,Autumn
2025-09-01 04:00:00,22.3,22.517722755015207,0.2177227550152061,0.2177227550152061,4,0,9,Autumn
2025-09-01 05:00:00,25.2,24.249047914196424,-0.9509520858035749,0.9509520858035749,5,0,9,Autumn
2025-09-01 06:00:00,28.0,26.780252821460284,-1.2197471785397163,1.2197471785397163,6,0,9,Autumn
2025-09-01 07:00:00,36.7,32.049587273061256,-4.650412726938747,4.650412726938747,7,0,9,Autumn
2025-09-01 08:00:00,26.9,29.51466169069081,2.614661690690813,2.614661690690813,8,0,9,Autumn
2025-09-01 09:00:00,35.4,34.906838172218805,-0.49316182778119355,0.49316182778119355,9,0,9,Autumn
2025-09-01 10:00:00,34.0,33.982928546859235,-0.017071453140765414,0.017071453140765414,10,0,9,Autumn
2025-09-01 11:00:00,27.7,32.895477056540216,5.195477056540216,5.195477056540216,11,0,9,Autumn
2025-09-01 12:00:00,37.4,35.91402572175007,-1.4859742782499268,1.4859742782499268,12,0,9,Autumn
2025-09-01 13:00:00,39.1,36.663487826312284,-2.436512173687717,2.436512173687717,13,0,9,Autumn
2025-09-01 14:00:00,29.8,31.010909545232348,1.2109095452323473,1.2109095452323473,14,0,9,Autumn
2025-09-01 15:00:00,31.9,32.553817779176235,0.6538177791762365,0.6538177791762365,15,0,9,Autumn
2025-09-01 16:00:00,23.4,27.977639708288688,4.5776397082886895,4.5776397082886895,16,0,9,Autumn
2025-09-01 17:00:00,23.3,24.935698252675813,1.6356982526758124,1.6356982526758124,17,0,9,Autumn
2025-09-01 18:00:00,30.5,27.98270568272175,-2.5172943172782496,2.5172943172782496,18,0,9,Autumn
2025-09-01 19:00:00,22.3,24.321007283181192,2.0210072831811914,2.0210072831811914,19,0,9,Autumn
2025-09-01 20:00:00,17.8,19.253962089958677,1.4539620899586758,1.4539620899586758,20,0,9,Autumn
2025-09-01 21:00:00,21.5,20.823961979802387,-0.6760380201976126,0.6760380201976126,21,0,9,Autumn
2025-09-01 22:00:00,17.3,19.039518237781824,1.739518237781823,1.739518237781823,22,0,9,Autumn
2025-09-01 23:00:00,16.7,18.950517056054412,2.250517056054413,2.250517056054413,23,0,9,Autumn
2025-09-02 00:00:00,21.2,19.225903670174997,-1.9740963298250023,1.9740963298250023,0,1,9,Autumn
2025-09-02 01:00:00,13.8,16.17237416308169,2.372374163081691,2.372374163081691,1,1,9,Autumn
2025-09-02 02:00:00,15.7,17.746064656024057,2.0460646560240576,2.0460646560240576,2,1,9,Autumn
2025-09-02 03:00:00,21.2,20.703861864022606,-0.4961381359773931,0.4961381359773931,3,1,9,Autumn
2025-09-02 04:00:00,26.1,24.361571842648075,-1.738428157351926,1.738428157351926,4,1,9,Autumn
2025-09-02 05:00:00,29.1,26.83218186420974,-2.267818135790261,2.267818135790261,5,1,9,Autumn
2025-09-02 06:00:00,23.5,24.828803748272485,1.3288037482724846,1.3288037482724846,6,1,9,Autumn
2025-09-02 07:00:00,32.0,31.171510011744786,-0.8284899882552139,0.8284899882552139,7,1,9,Autumn
2025-09-02 08:00:00,27.1,30.338612393751138,3.2386123937511364,3.2386123937511364,8,1,9,Autumn
2025-09-02 09:00:00,39.2,34.73438211579342,-4.46561788420658,4.46561788420658,9,1,9,Autumn
2025-09-02 10:00:00,28.6,31.87360382211544,3.27360382211544,3.27360382211544,10,1,9,Autumn
2025-09-02 11:00:00,39.2,36.19659917467608,-3.003400825323922,3.003400825323922,11,1,9,Autumn
2025-09-02 12:00:00,31.6,31.88611304254058,0.28611304254057757,0.28611304254057757,12,1,9,Autumn
2025-09-02 13:00:00,42.0,37.67558275536849,-4.324417244631512,4.324417244631512,13,1,9,Autumn
2025-09-02 14:00:00,35.5,33.44093319850216,-2.059066801497842,2.059066801497842,14,1,9,Autumn
2025-09-02 15:00:00,27.8,29.36734777367095,1.5673477736709494,1.5673477736709494,15,1,9,Autumn
2025-09-02 16:00:00,28.1,31.094236940897176,2.9942369408971743,2.9942369408971743,16,1,9,Autumn
2025-09-02 17:00:00,31.4,29.4939674547204,-1.9060325452795972,1.9060325452795972,17,1,9,Autumn
2025-09-02 18:00:00,30.4,30.022466487875704,-0.37753351212429465,0.37753351212429465,18,1,9,Autumn
2025-09-02 19:00:00,23.8,23.890682297242414,0.09068229724241306,0.09068229724241306,19,1,9,Autumn
2025-09-02 20:00:00,22.4,22.958726362904486,0.558726362904487,0.558726362904487,20,1,9,Autumn
2025-09-02 21:00:00,23.6,21.668883560198516,-1.9311164398014853,1.9311164398014853,21,1,9,Autumn
2025-09-02 22:00:00,19.8,19.534758664052024,-0.2652413359479766,0.2652413359479766,22,1,9,Autumn
2025-09-02 23:00:00,13.3,17.711240662304938,4.411240662304937,4.411240662304937,23,1,9,Autumn
2025-09-03 00:00:00,14.9,17.077703235425474,2.177703235425474,2.177703235425474,0,2,9,Autumn
2025-09-03 01:00:00,19.3,18.613859310941685,-0.6861406890583162,0.6861406890583162,1,2,9,Autumn
2025-09-03 02:00:00,24.1,20.386024817384012,-3.7139751826159895,3.7139751826159895,2,2,9,Autumn
2025-09-03 03:00:00,26.9,23.344649859955336,-3.5553501400446628,3.5553501400446628,3,2,9,Autumn
2025-09-03 04:00:00,25.2,23.885858903204337,-1.3141410967956624,1.3141410967956624,4,2,9,Autumn
2025-09-03 05:00:00,25.2,25.923770976680974,0.7237709766809743,0.7237709766809743,5,2,9,Autumn
2025-09-03 06:00:00,29.1,27.71458444904872,-1.3854155509512829,1.3854155509512829,6,2,9,Autumn
2025-09-03 07:00:00,25.5,28.08746193978711,2.5874619397871115,2.5874619397871115,7,2,9,Autumn
2025-09-03 08:00:00,29.5,30.440224869804336,0.9402248698043358,0.9402248698043358,8,2,9,Autumn
2025-09-03 09:00:00,28.5,30.97342378772494,2.47342378772494,2.47342378772494,9,2,9,Autumn
2025-09-03 10:00:00,28.1,30.507132573490118,2.4071325734901166,2.4071325734901166,10,2,9,Autumn
2025-09-03 11:00:00,35.2,36.02988693426018,0.8298869342601805,0.8298869342601805,11,2,9,Autumn
2025-09-03 12:00:00,34.9,34.771398505907804,-0.12860149409219446,0.12860149409219446,12,2,9,Autumn
2025-09-03 13:00:00,36.6,36.65799245311301,0.057992453113008935,0.057992453113008935,13,2,9,Autumn
2025-09-03 14:00:00,35.2,34.82909620633816,-0.3709037936618458,0.3709037936618458,14,2,9,Autumn
2025-09-03 15:00:00,32.7,32.059011966363606,-0.6409880336363969,0.6409880336363969,15,2,9,Autumn
2025-09-03 16:00:00,32.3,30.933448636979566,-1.366551363020431,1.366551363020431,16,2,9,Autumn
2025-09-03 17:00:00,28.0,28.63477179643042,0.6347717964304209,0.6347717964304209,17,2,9,Autumn
2025-09-03 18:00:00,27.8,27.922873479461835,0.12287347946183402,0.12287347946183402,18,2,9,Autumn
2025-09-03 19:00:00,21.1,23.91107875843813,2.8110787584381285,2.8110787584381285,19,2,9,Autumn
2025-09-03 20:00:00,23.6,23.707556554829633,0.10755655482963178,0.10755655482963178,20,2,9,Autumn
2025-09-03 21:00:00,23.1,21.11188901948784,-1.988110980512161,1.988110980512161,21,2,9,Autumn
2025-09-03 22:00:00,16.5,18.298500930393303,1.7985009303933026,1.7985009303933026,22,2,9,Autumn
2025-09-03 23:00:00,18.6,18.36458190045204,-0.23541809954796022,0.23541809954796022,23,2,9,Autumn
2025-09-04 00:00:00,15.5,17.594973618735352,2.0949736187353523,2.0949736187353523,0,3,9,Autumn
2025-09-04 01:00:00,16.2,16.699955822023583,0.49995582202358335,0.49995582202358335,1,3,9,Autumn
2025-09-04 02:00:00,14.6,18.668546042706794,4.068546042706794,4.068546042706794,2,3,9,Autumn
2025-09-04 03:00:00,25.4,24.24254098054647,-1.1574590194535297,1.1574590194535297,3,3,9,Autumn
2025-09-04 04:00:00,26.3,24.19975331387166,-2.10024668612834,2.10024668612834,4,3,9,Autumn
2025-09-04 05:00:00,26.1,26.054737826857238,-0.04526217314276337,0.04526217314276337,5,3,9,Autumn
2025-09-04 06:00:00,33.9,31.378246550528544,-2.521753449471454,2.521753449471454,6,3,9,Autumn
2025-09-04 07:00:00,27.4,30.42654849793388,3.026548497933881,3.026548497933881,7,3,9,Autumn
2025-09-04 08:00:00,42.2,35.2980343783461,-6.9019656216539005,6.9019656216539005,8,3,9,Autumn
2025-09-04 09:00:00,30.8,30.05366504899566,-0.7463349510043393,0.7463349510043393,9,3,9,Autumn
2025-09-04 10:00:00,34.0,34.19812787212087,0.19812787212087102,0.19812787212087102,10,3,9,Autumn
2025-09-04 11:00:00,32.2,32.60665237284667,0.4066523728466649,0.4066523728466649,11,3,9,Autumn
2025-09-04 12:00:00,35.5,35.31992412713711,-0.1800758728628935,0.1800758728628935,12,3,9,Autumn
2025-09-04 13:00:00,37.1,34.581877271401204,-2.5181227285987973,2.5181227285987973,13,3,9,Autumn
2025-09-04 14:00:00,32.5,32.99480100016977,0.49480100016977246,0.49480100016977246,14,3,9,Autumn
2025-09-04 15:00:00,38.8,34.74877944097343,-4.051220559026568,4.051220559026568,15,3,9,Autumn
2025-09-04 16:00:00,31.0,31.754538472152074,0.754538472152074,0.754538472152074,16,3,9,Autumn
2025-09-04 17:00:00,29.2,27.82756189393095,-1.3724381060690476,1.3724381060690476,17,3,9,Autumn
2025-09-04 18:00:00,22.4,26.720430233580004,4.320430233580005,4.320430233580005,18,3,9,Autumn
2025-09-04 19:00:00,25.6,23.687002813942733,-1.912997186057268,1.912997186057268,19,3,9,Autumn
2025-09-04 20:00:00,21.5,22.416443895820453,0.9164438958204535,0.9164438958204535,20,3,9,Autumn
2025-09-04 21:00:00,18.0,19.97596234941198,1.9759623494119793,1.9759623494119793,21,3,9,Autumn
2025-09-04 22:00:00,16.0,18.776834547035566,2.776834547035566,2.776834547035566,22,3,9,Autumn
2025-09-04 23:00:00,29.0,23.21094975802546,-5.7890502419745395,5.7890502419745395,23,3,9,Autumn
2025-09-05 00:00:00,16.9,16.89906763634274,-0.0009323636572595717,0.0009323636572595717,0,4,9,Autumn
2025-09-05 01:00:00,12.4,15.898779491666572,3.4987794916665713,3.4987794916665713,1,4,9,Autumn
2025-09-05 02:00:00,16.2,18.13173520532596,1.9317352053259604,1.9317352053259604,2,4,9,Autumn
2025-09-05 03:00:00,20.1,21.00680998725945,0.9068099872594502,0.9068099872594502,3,4,9,Autumn
2025-09-05 04:00:00,24.2,23.510109118830083,-0.6898908811699158,0.6898908811699158,4,4,9,Autumn
2025-09-05 05:00:00,26.1,25.218920472383992,-0.8810795276160093,0.8810795276160093,5,4,9,Autumn
2025-09-05 06:00:00,28.7,27.873967958759007,-0.8260320412409925,0.8260320412409925,6,4,9,Autumn
2025-09-05 07:00:00,25.5,26.87353353845182,1.3735335384518201,1.3735335384518201,7,4,9,Autumn
2025-09-05 08:00:00,31.3,31.831162264236013,0.5311622642360128,0.5311622642360128,8,4,9,Autumn
2025-09-05 09:00:00,28.1,30.485517920583167,2.3855179205831654,2.3855179205831654,9,4,9,Autumn
2025-09-05 10:00:00,30.4,32.5136804097074,2.113680409707399,2.113680409707399,10,4,9,Autumn
2025-09-05 11:00:00,30.0,31.29085023344717,1.2908502334471699,1.2908502334471699,11,4,9,Autumn
2025-09-05 12:00:00,29.2,31.887980980690298,2.6879809806902983,2.6879809806902983,12,4,9,Autumn
2025-09-05 13:00:00,38.0,35.00390925191777,-2.9960907480822314,2.9960907480822314,13,4,9,Autumn
2025-09-05 14:00:00,35.6,33.137401170520775,-2.4625988294792265,2.4625988294792265,14,4,9,Autumn
2025-09-05 15:00:00,35.5,33.71722888802838,-1.7827711119716199,1.7827711119716199,15,4,9,Autumn
2025-09-05 16:00:00,30.1,29.90596457553725,-0.19403542446275068,0.19403542446275068,16,4,9,Autumn
2025-09-05 17:00:00,31.1,28.15485398119926,-2.9451460188007417,2.9451460188007417,17,4,9,Autumn
2025-09-05 18:00:00,18.9,23.397335096808597,4.497335096808598,4.497335096808598,18,4,9,Autumn
2025-09-05 19:00:00,27.3,25.437933374968452,-1.8620666250315487,1.8620666250315487,19,4,9,Autumn
2025-09-05 20:00:00,22.7,22.385262226806994,-0.31473777319300567,0.31473777319300567,20,4,9,Autumn
2025-09-05 21:00:00,22.8,20.374978183412235,-2.4250218165877655,2.4250218165877655,21,4,9,Autumn
2025-09-05 22:00:00,20.6,19.32832921094858,-1.27167078905142,1.27167078905142,22,4,9,Autumn
2025-09-05 23:00:00,14.3,17.43066302171041,3.130663021710408,3.130663021710408,23,4,9,Autumn
2025-09-06 00:00:00,6.9,9.99569623274913,3.0956962327491304,3.0956962327491304,0,5,9,Autumn
2025-09-06 01:00:00,10.3,12.135097370863052,1.8350973708630516,1.8350973708630516,1,5,9,Autumn
2025-09-06 02:00:00,16.2,13.868428688595719,-2.3315713114042804,2.3315713114042804,2,5,9,Autumn
2025-09-06 03:00:00,18.0,15.258098878398826,-2.741901121601174,2.741901121601174,3,5,9,Autumn
2025-09-06 04:00:00,11.4,15.522954028230943,4.122954028230943,4.122954028230943,4,5,9,Autumn
2025-09-06 05:00:00,14.9,16.811143339428057,1.9111433394280564,1.9111433394280564,5,5,9,Autumn
2025-09-06 06:00:00,18.0,17.563155827089883,-0.4368441729101171,0.4368441729101171,6,5,9,Autumn
2025-09-06 07:00:00,21.5,19.60422006024466,-1.8957799397553394,1.8957799397553394,7,5,9,Autumn
2025-09-06 08:00:00,19.4,21.270840749634406,1.8708407496344073,1.8708407496344073,8,5,9,Autumn
2025-09-06 09:00:00,20.9,23.219618674913107,2.3196186749131087,2.3196186749131087,9,5,9,Autumn
2025-09-06 10:00:00,24.5,24.3788072495959,-0.1211927504040986,0.1211927504040986,10,5,9,Autumn
2025-09-06 11:00:00,29.0,27.55263228318563,-1.4473677168143695,1.4473677168143695,11,5,9,Autumn
2025-09-06 12:00:00,24.2,25.0225082105841,0.8225082105841004,0.8225082105841004,12,5,9,Autumn
2025-09-06 13:00:00,28.2,26.722373288941547,-1.477626711058452,1.477626711058452,13,5,9,Autumn
2025-09-06 14:00:00,32.1,29.142066369461247,-2.9579336305387542,2.9579336305387542,14,5,9,Autumn
2025-09-06 15:00:00,21.3,24.594238177632352,3.2942381776323515,3.2942381776323515,15,5,9,Autumn
2025-09-06 16:00:00,24.1,24.635952355645014,0.5359523556450121,0.5359523556450121,16,5,9,Autumn
2025-09-06 17:00:00,27.1,24.927427168745744,-2.172572831254257,2.172572831254257,17,5,9,Autumn
2025-09-06 18:00:00,19.2,19.00018338785138,-0.19981661214862,0.19981661214862,18,5,9,Autumn
2025-09-06 19:00:00,16.5,18.006925182482824,1.5069251824828243,1.5069251824828243,19,5,9,Autumn
2025-09-06 20:00:00,21.5,18.63119684714758,-2.8688031528524185,2.8688031528524185,20,5,9,Autumn
2025-09-06 21:00:00,14.0,14.882665012704974,0.8826650127049742,0.8826650127049742,21,5,9,Autumn
2025-09-06 22:00:00,18.4,15.271915220161148,-3.1280847798388507,3.1280847798388507,22,5,9,Autumn
2025-09-06 23:00:00,14.9,14.90035007546658,0.00035007546657972455,0.00035007546657972455,23,5,9,Autumn
2025-09-07 00:00:00,11.5,12.685317026574037,1.1853170265740367,1.1853170265740367,0,6,9,Autumn
2025-09-07 01:00:00,15.0,13.944786988924939,-1.055213011075061,1.055213011075061,1,6,9,Autumn
2025-09-07 02:00:00,15.2,14.684589633687818,-0.5154103663121816,0.5154103663121816,2,6,9,Autumn
2025-09-07 03:00:00,19.3,16.741180954345413,-2.5588190456545874,2.5588190456545874,3,6,9,Autumn
2025-09-07 04:00:00,14.6,17.855552533880648,3.255552533880648,3.255552533880648,4,6,9,Autumn
2025-09-07 05:00:00,18.9,18.960232163244342,0.06023216324434344,0.06023216324434344,5,6,9,Autumn
2025-09-07 06:00:00,20.6,20.04233195291149,-0.5576680470885123,0.5576680470885123,6,6,9,Autumn
2025-09-07 07:00:00,25.7,23.60436670726003,-2.0956332927399686,2.0956332927399686,7,6,9,Autumn
2025-09-07 08:00:00,20.7,22.9531621761028,2.2531621761028013,2.2531621761028013,8,6,9,Autumn
2025-09-07 09:00:00,30.5,29.158319838728097,-1.3416801612719027,1.3416801612719027,9,6,9,Autumn
2025-09-07 10:00:00,29.6,28.538811751418887,-1.0611882485811144,1.0611882485811144,10,6,9,Autumn
2025-09-07 11:00:00,23.3,27.91221959090194,4.61221959090194,4.61221959090194,11,6,9,Autumn
2025-09-07 12:00:00,33.7,31.821856531096447,-1.8781434689035557,1.8781434689035557,12,6,9,Autumn
2025-09-07 13:00:00,37.5,33.78598807302624,-3.714011926973761,3.714011926973761,13,6,9,Autumn
2025-09-07 14:00:00,31.8,31.208063560077385,-0.5919364399226161,0.5919364399226161,14,6,9,Autumn
2025-09-07 15:00:00,32.2,29.191768578331803,-3.0082314216681993,3.0082314216681993,15,6,9,Autumn
2025-09-07 16:00:00,25.2,26.169654031771927,0.9696540317719275,0.9696540317719275,16,6,9,Autumn
2025-09-07 17:00:00,16.2,20.472353747244817,4.272353747244818,4.272353747244818,17,6,9,Autumn
2025-09-07 18:00:00,13.4,15.884818051750248,2.4848180517502474,2.4848180517502474,18,6,9,Autumn
2025-09-07 19:00:00,19.8,18.982441875480955,-0.8175581245190457,0.8175581245190457,19,6,9,Autumn
2025-09-07 20:00:00,14.5,15.504838147992013,1.0048381479920128,1.0048381479920128,20,6,9,Autumn
2025-09-07 21:00:00,11.5,14.480225351874077,2.9802253518740773,2.9802253518740773,21,6,9,Autumn
2025-09-07 22:00:00,13.6,13.986733033211204,0.386733033211204,0.386733033211204,22,6,9,Autumn
2025-09-07 23:00:00,15.6,14.443916241155703,-1.1560837588442965,1.1560837588442965,23,6,9,Autumn
2025-09-08 00:00:00,11.9,14.814702569147258,2.9147025691472574,2.9147025691472574,0,0,9,Autumn
2025-09-08 01:00:00,16.2,16.865814239793174,0.6658142397931748,0.6658142397931748,1,0,9,Autumn
2025-09-08 02:00:00,24.9,20.82885495494916,-4.071145045050837,4.071145045050837,2,0,9,Autumn
2025-09-08 03:00:00,15.8,19.674154234048736,3.874154234048735,3.874154234048735,3,0,9,Autumn
2025-09-08 04:00:00,25.2,23.026486568176992,-2.1735134318230074,2.1735134318230074,4,0,9,Autumn
2025-09-08 05:00:00,21.7,22.865779775196472,1.165779775196473,1.165779775196473,5,0,9,Autumn
2025-09-08 06:00:00,27.9,26.74121197341966,-1.1587880265803392,1.1587880265803392,6,0,9,Autumn
2025-09-08 07:00:00,32.2,29.597408338659132,-2.6025916613408704,2.6025916613408704,7,0,9,Autumn
2025-09-08 08:00:00,32.7,30.73764082091205,-1.9623591790879544,1.9623591790879544,8,0,9,Autumn
2025-09-08 09:00:00,35.1,33.90422005989774,-1.1957799401022626,1.1957799401022626,9,0,9,Autumn
2025-09-08 10:00:00,28.1,30.883273317466635,2.7832733174666338,2.7832733174666338,10,0,9,Autumn
2025-09-08 11:00:00,37.9,35.249552918509096,-2.6504470814909027,2.6504470814909027,11,0,9,Autumn
2025-09-08 12:00:00,30.3,31.874963696040215,1.5749636960402142,1.5749636960402142,12,0,9,Autumn
2025-09-08 13:00:00,34.5,34.313463791579586,-0.18653620842041363,0.18653620842041363,13,0,9,Autumn
2025-09-08 14:00:00,33.7,33.41403233712763,-0.2859676628723733,0.2859676628723733,14,0,9,Autumn
2025-09-08 15:00:00,33.4,32.300196543523754,-1.099803456476245,1.099803456476245,15,0,9,Autumn
2025-09-08 16:00:00,31.1,30.021191323718856,-1.0788086762811453,1.0788086762811453,16,0,9,Autumn
2025-09-08 17:00:00,24.5,25.494778797122162,0.9947787971221622,0.9947787971221622,17,0,9,Autumn
2025-09-08 18:00:00,20.4,23.58107995315253,3.18107995315253,3.18107995315253,18,0,9,Autumn
2025-09-08 19:00:00,27.2,26.262581721420162,-0.9374182785798375,0.9374182785798375,19,0,9,Autumn
2025-09-08 20:00:00,22.5,22.719589290806436,0.21958929080643586,0.21958929080643586,20,0,9,Autumn
2025-09-08 21:00:00,24.7,21.225236403879958,-3.4747635961200416,3.4747635961200416,21,0,9,Autumn
2025-09-08 22:00:00,18.6,19.158435518363895,0.5584355183638934,0.5584355183638934,22,0,9,Autumn
2025-09-08 23:00:00,12.4,16.35353654453246,3.9535365445324597,3.9535365445324597,23,0,9,Autumn
2025-09-09 00:00:00,21.6,19.630108837979844,-1.9698911620201578,1.9698911620201578,0,1,9,Autumn
2025-09-09 01:00:00,16.5,17.050888156899465,0.5508881568994646,0.5508881568994646,1,1,9,Autumn
2025-09-09 02:00:00,20.1,19.771291579182016,-0.32870842081798557,0.32870842081798557,2,1,9,Autumn
2025-09-09 03:00:00,17.4,19.371877021993384,1.9718770219933859,1.9718770219933859,3,1,9,Autumn
2025-09-09 04:00:00,28.3,25.60940418245467,-2.6905958175453293,2.6905958175453293,4,1,9,Autumn
2025-09-09 05:00:00,20.1,22.803363999355952,2.7033639993559504,2.7033639993559504,5,1,9,Autumn
2025-09-09 06:00:00,24.3,25.37587804413576,1.0758780441357594,1.0758780441357594,6,1,9,Autumn
2025-09-09 07:00:00,28.2,26.950214631396484,-1.249785368603515,1.249785368603515,7,1,9,Autumn
2025-09-09 08:00:00,25.3,28.58665783719231,3.2866578371923083,3.2866578371923083,8,1,9,Autumn
2025-09-09 09:00:00,32.7,32.58287652843999,-0.11712347156001357,0.11712347156001357,9,1,9,Autumn
2025-09-09 10:00:00,39.1,35.31220905715885,-3.7877909428411485,3.7877909428411485,10,1,9,Autumn
2025-09-09 11:00:00,31.5,31.567306130382043,0.06730613038204325,0.06730613038204325,11,1,9,Autumn
2025-09-09 12:00:00,35.3,33.88477078472543,-1.4152292152745645,1.4152292152745645,12,1,9,Autumn
2025-09-09 13:00:00,22.4,28.635180132076467,6.235180132076469,6.235180132076469,13,1,9,Autumn
2025-09-09 14:00:00,32.5,33.36359650953697,0.8635965095369684,0.8635965095369684,14,1,9,Autumn
2025-09-09 15:00:00,30.1,30.731315768340053,0.6313157683400519,0.6313157683400519,15,1,9,Autumn
2025-09-09 16:00:00,26.4,27.690292003723354,1.290292003723355,1.290292003723355,16,1,9,Autumn
2025-09-09 17:00:00,32.1,29.475420634591636,-2.6245793654083656,2.6245793654083656,17,1,9,Autumn
2025-09-09 18:00:00,24.4,24.72949735389484,0.3294973538948405,0.3294973538948405,18,1,9,Autumn
2025-09-09 19:00:00,22.9,23.929888843519187,1.0298888435191884,1.0298888435191884,19,1,9,Autumn
2025-09-09 20:00:00,20.2,21.748074719537577,1.5480747195375777,1.5480747195375777,20,1,9,Autumn
2025-09-09 21:00:00,12.4,17.832356690951897,5.432356690951897,5.432356690951897,21,1,9,Autumn
2025-09-09 22:00:00,14.2,17.643436775640986,3.4434367756409863,3.4434367756409863,22,1,9,Autumn
2025-09-09 23:00:00,21.8,17.99587068632315,-3.8041293136768495,3.8041293136768495,23,1,9,Autumn
2025-09-10 00:00:00,9.2,12.611565879994862,3.4115658799948623,3.4115658799948623,0,2,9,Autumn
2025-09-10 01:00:00,14.8,16.90823046493974,2.1082304649397408,2.1082304649397408,1,2,9,Autumn
2025-09-10 02:00:00,17.1,18.29466802285334,1.1946680228533388,1.1946680228533388,2,2,9,Autumn
2025-09-10 03:00:00,26.9,23.670797151412636,-3.229202848587363,3.229202848587363,3,2,9,Autumn
2025-09-10 04:00:00,24.7,23.706574728407933,-0.9934252715920664,0.9934252715920664,4,2,9,Autumn
2025-09-10 05:00:00,21.3,23.496510851136634,2.196510851136633,2.196510851136633,5,2,9,Autumn
2025-09-10 06:00:00,30.8,27.76899403358531,-3.031005966414689,3.031005966414689,6,2,9,Autumn
2025-09-10 07:00:00,24.7,26.882505620496147,2.1825056204961477,2.1825056204961477,7,2,9,Autumn
2025-09-10 08:00:00,33.7,30.24430244713478,-3.4556975528652245,3.4556975528652245,8,2,9,Autumn
2025-09-10 09:00:00,25.9,29.060603578890756,3.1606035788907576,3.1606035788907576,9,2,9,Autumn
2025-09-10 10:00:00,36.9,33.19619661855071,-3.7038033814492906,3.7038033814492906,10,2,9,Autumn
2025-09-10 11:00:00,31.7,31.95551889020011,0.2555188902001113,0.2555188902001113,11,2,9,Autumn
2025-09-10 12:00:00,29.5,33.138532271970526,3.6385322719705258,3.6385322719705258,12,2,9,Autumn
2025-09-10 13:00:00,32.5,32.13171399560485,-0.36828600439515213,0.36828600439515213,13,2,9,Autumn
2025-09-10 14:00:00,33.7,31.759234469642152,-1.9407655303578508,1.9407655303578508,14,2,9,Autumn
2025-09-10 15:00:00,29.3,29.939653591837274,0.6396535918372734,0.6396535918372734,15,2,9,Autumn
2025-09-10 16:00:00,31.8,30.493032102168954,-1.306967897831047,1.306967897831047,16,2,9,Autumn
2025-09-10 17:00:00,25.4,26.417630867699202,1.0176308676992036,1.0176308676992036,17,2,9,Autumn
2025-09-10 18:00:00,28.1,25.75167329757209,-2.3483267024279115,2.3483267024279115,18,2,9,Autumn
2025-09-10 19:00:00,25.3,25.486369055987456,0.18636905598745557,0.18636905598745557,19,2,9,Autumn
2025-09-10 20:00:00,21.4,21.368728885754365,-0.03127111424563367,0.03127111424563367,20,2,9,Autumn
2025-09-10 21:00:00,18.2,19.594271701510237,1.3942717015102382,1.3942717015102382,21,2,9,Autumn
2025-09-10 22:00:00,19.3,18.50027133183562,-0.7997286681643807,0.7997286681643807,22,2,9,Autumn
2025-09-10 23:00:00,20.1,19.0662487730994,-1.033751226900602,1.033751226900602,23,2,9,Autumn
2025-09-11 00:00:00,25.8,20.702184110521245,-5.097815889478756,5.097815889478756,0,3,9,Autumn
2025-09-11 01:00:00,21.6,19.98896820350063,-1.611031796499372,1.611031796499372,1,3,9,Autumn
2025-09-11 02:00:00,22.5,19.511094663546114,-2.988905336453886,2.988905336453886,2,3,9,Autumn
2025-09-11 03:00:00,32.3,27.344490172058,-4.955509827941999,4.955509827941999,3,3,9,Autumn
2025-09-11 04:00:00,23.6,23.683170887613137,0.08317088761313585,0.08317088761313585,4,3,9,Autumn
2025-09-11 05:00:00,25.4,25.03608425637932,-0.36391574362068013,0.36391574362068013,5,3,9,Autumn
2025-09-11 06:00:00,28.4,28.04330933667654,-0.3566906633234588,0.3566906633234588,6,3,9,Autumn
2025-09-11 07:00:00,23.6,27.043914479082744,3.4439144790827427,3.4439144790827427,7,3,9,Autumn
2025-09-11 08:00:00,27.8,30.748104833266737,2.9481048332667363,2.9481048332667363,8,3,9,Autumn
2025-09-11 09:00:00,29.2,31.84752193904093,2.6475219390409315,2.6475219390409315,9,3,9,Autumn
2025-09-11 10:00:00,35.1,34.07263464204199,-1.0273653579580113,1.0273653579580113,10,3,9,Autumn
2025-09-11 11:00:00,32.6,32.34121282965322,-0.25878717034677834,0.25878717034677834,11,3,9,Autumn
2025-09-11 12:00:00,34.1,34.76682300858965,0.6668230085896454,0.6668230085896454,12,3,9,Autumn
2025-09-11 13:00:00,37.6,35.63518889885987,-1.9648111011401284,1.9648111011401284,13,3,9,Autumn
2025-09-11 14:00:00,36.0,35.40646840034934,-0.5935315996506603,0.5935315996506603,14,3,9,Autumn
2025-09-11 15:00:00,30.6,31.537849196978154,0.9378491969781528,0.9378491969781528,15,3,9,Autumn
2025-09-11 16:00:00,26.9,30.07126992742494,3.171269927424941,3.171269927424941,16,3,9,Autumn
2025-09-11 17:00:00,32.2,29.31454356383261,-2.8854564361673916,2.8854564361673916,17,3,9,Autumn
2025-09-11 18:00:00,28.7,26.501393700158,-2.198606299841998,2.198606299841998,18,3,9,Autumn
2025-09-11 19:00:00,17.1,21.06373049981079,3.96373049981079,3.96373049981079,19,3,9,Autumn
2025-09-11 20:00:00,20.3,21.11210407289986,0.8121040728998601,0.8121040728998601,20,3,9,Autumn
2025-09-11 21:00:00,20.6,20.31160119601692,-0.2883988039830818,0.2883988039830818,21,3,9,Autumn
2025-09-11 22:00:00,21.8,19.855223419937722,-1.9447765800622783,1.9447765800622783,22,3,9,Autumn
2025-09-11 23:00:00,21.5,19.92800750555038,-1.5719924944496206,1.5719924944496206,23,3,9,Autumn
2025-09-12 00:00:00,18.7,18.68852750066978,-0.011472499330217545,0.011472499330217545,0,4,9,Autumn
2025-09-12 01:00:00,20.1,18.001071250090458,-2.0989287499095433,2.0989287499095433,1,4,9,Autumn
2025-09-12 02:00:00,18.8,18.4893459866184,-0.31065401338160115,0.31065401338160115,2,4,9,Autumn
2025-09-12 03:00:00,17.2,20.00446832377615,2.804468323776149,2.804468323776149,3,4,9,Autumn
2025-09-12 04:00:00,20.5,21.337443577704217,0.8374435777042173,0.8374435777042173,4,4,9,Autumn
2025-09-12 05:00:00,23.5,23.48963268071128,-0.01036731928871859,0.01036731928871859,5,4,9,Autumn
2025-09-12 06:00:00,25.4,25.811581997594068,0.41158199759406955,0.41158199759406955,6,4,9,Autumn
2025-09-12 07:00:00,20.0,24.513106624168838,4.513106624168838,4.513106624168838,7,4,9,Autumn
2025-09-12 08:00:00,27.9,28.009134830393947,0.10913483039394833,0.10913483039394833,8,4,9,Autumn
2025-09-12 09:00:00,31.4,30.523564786304135,-0.8764352136958635,0.8764352136958635,9,4,9,Autumn
2025-09-12 10:00:00,31.3,30.558415437027467,-0.741584562972534,0.741584562972534,10,4,9,Autumn
2025-09-12 11:00:00,32.3,32.888002060706995,0.588002060706998,0.588002060706998,11,4,9,Autumn
2025-09-12 12:00:00,35.5,33.336031983911994,-2.163968016088006,2.163968016088006,12,4,9,Autumn
2025-09-12 13:00:00,28.9,32.71894420043095,3.8189442004309484,3.8189442004309484,13,4,9,Autumn
2025-09-12 14:00:00,25.9,30.555884622517905,4.655884622517906,4.655884622517906,14,4,9,Autumn
2025-09-12 15:00:00,29.8,30.9921450486275,1.1921450486274985,1.1921450486274985,15,4,9,Autumn
2025-09-12 16:00:00,32.6,30.305203332326087,-2.294796667673914,2.294796667673914,16,4,9,Autumn
2025-09-12 17:00:00,34.3,29.799332666173942,-4.500667333826055,4.500667333826055,17,4,9,Autumn
2025-09-12 18:00:00,28.6,27.437166552934883,-1.1628334470651183,1.1628334470651183,18,4,9,Autumn
2025-09-12 19:00:00,17.6,22.402394535037402,4.802394535037401,4.802394535037401,19,4,9,Autumn
2025-09-12 20:00:00,20.6,21.162524640667048,0.5625246406670463,0.5625246406670463,20,4,9,Autumn
2025-09-12 21:00:00,20.9,21.274329140424403,0.374329140424404,0.374329140424404,21,4,9,Autumn
2025-09-12 22:00:00,19.3,19.091008674721824,-0.208991325278177,0.208991325278177,22,4,9,Autumn
2025-09-12 23:00:00,19.9,18.734055219755376,-1.1659447802446223,1.1659447802446223,23,4,9,Autumn
2025-09-13 00:00:00,8.8,10.480271582280118,1.6802715822801169,1.6802715822801169,0,5,9,Autumn
2025-09-13 01:00:00,13.0,11.5957439094163,-1.4042560905837007,1.4042560905837007,1,5,9,Autumn
2025-09-13 02:00:00,15.2,14.911681989338607,-0.28831801066139207,0.28831801066139207,2,5,9,Autumn
2025-09-13 03:00:00,18.1,15.823786032395743,-2.2762139676042583,2.2762139676042583,3,5,9,Autumn
2025-09-13 04:00:00,13.2,15.088221117611809,1.8882211176118098,1.8882211176118098,4,5,9,Autumn
2025-09-13 05:00:00,17.0,16.925284332833538,-0.07471566716646194,0.07471566716646194,5,5,9,Autumn
2025-09-13 06:00:00,9.6,14.702684058747268,5.102684058747268,5.102684058747268,6,5,9,Autumn
2025-09-13 07:00:00,20.0,19.745333544613853,-0.25466645538614685,0.25466645538614685,7,5,9,Autumn
2025-09-13 08:00:00,22.4,23.136454945487692,0.7364549454876936,0.7364549454876936,8,5,9,Autumn
2025-09-13 09:00:00,22.0,22.84957805195488,0.8495780519548788,0.8495780519548788,9,5,9,Autumn
2025-09-13 10:00:00,28.1,26.01050980528245,-2.089490194717552,2.089490194717552,10,5,9,Autumn
2025-09-13 11:00:00,28.0,26.888277484291983,-1.111722515708017,1.111722515708017,11,5,9,Autumn
2025-09-13 12:00:00,19.4,23.855400234231144,4.455400234231146,4.455400234231146,12,5,9,Autumn
2025-09-13 13:00:00,29.1,27.47943008672468,-1.6205699132753217,1.6205699132753217,13,5,9,Autumn
2025-09-13 14:00:00,23.7,25.00646829903595,1.3064682990359522,1.3064682990359522,14,5,9,Autumn
2025-09-13 15:00:00,28.1,25.390567409011563,-2.7094325909884382,2.7094325909884382,15,5,9,Autumn
2025-09-13 16:00:00,19.3,22.216685347056707,2.9166853470567062,2.9166853470567062,16,5,9,Autumn
2025-09-13 17:00:00,22.7,23.360892617446883,0.6608926174468834,0.6608926174468834,17,5,9,Autumn
2025-09-13 18:00:00,19.3,20.606645016480247,1.3066450164802461,1.3066450164802461,18,5,9,Autumn
2025-09-13 19:00:00,19.6,17.871511624931188,-1.7284883750688138,1.7284883750688138,19,5,9,Autumn
2025-09-13 20:00:00,17.0,17.40288382940352,0.4028838294035211,0.4028838294035211,20,5,9,Autumn
2025-09-13 21:00:00,13.8,13.5933876848667,-0.20661231513330058,0.20661231513330058,21,5,9,Autumn
2025-09-13 22:00:00,7.4,10.303962369750222,2.9039623697502215,2.9039623697502215,22,5,9,Autumn
2025-09-13 23:00:00,6.8,10.500509170475103,3.7005091704751036,3.7005091704751036,23,5,9,Autumn
2025-09-14 00:00:00,10.1,11.276003739088708,1.1760037390887081,1.1760037390887081,0,6,9,Autumn
2025-09-14 01:00:00,12.7,11.719477917111346,-0.980522082888653,0.980522082888653,1,6,9,Autumn
2025-09-14 02:00:00,11.1,12.337140699322156,1.2371406993221559,1.2371406993221559,2,6,9,Autumn
2025-09-14 03:00:00,17.3,16.44496865326575,-0.8550313467342505,0.8550313467342505,3,6,9,Autumn
2025-09-14 04:00:00,15.3,14.932730747068247,-0.36726925293175405,0.36726925293175405,4,6,9,Autumn
2025-09-14 05:00:00,14.5,16.49649127010437,1.9964912701043716,1.9964912701043716,5,6,9,Autumn
2025-09-14 06:00:00,19.3,18.17070750542929,-1.1292924945707092,1.1292924945707092,6,6,9,Autumn
2025-09-14 07:00:00,23.4,23.201260334391527,-0.19873966560847123,0.19873966560847123,7,6,9,Autumn
2025-09-14 08:00:00,25.7,25.015077977380617,-0.6849220226193822,0.6849220226193822,8,6,9,Autumn
2025-09-14 09:00:00,33.6,29.519026687867324,-4.080973312132677,4.080973312132677,9,6,9,Autumn
2025-09-14 10:00:00,24.7,26.045125792913623,1.345125792913624,1.345125792913624,10,6,9,Autumn
2025-09-14 11:00:00,27.8,26.06217179591327,-1.7378282040867319,1.7378282040867319,11,6,9,Autumn
2025-09-14 12:00:00,30.1,29.60795753616901,-0.49204246383099104,0.49204246383099104,12,6,9,Autumn
2025-09-14 13:00:00,28.0,27.057775903953697,-0.9422240960463029,0.9422240960463029,13,6,9,Autumn
2025-09-14 14:00:00,25.3,25.42406568805897,0.12406568805896967,0.12406568805896967,14,6,9,Autumn
2025-09-14 15:00:00,19.9,22.747821844039272,2.8478218440392737,2.8478218440392737,15,6,9,Autumn
2025-09-14 16:00:00,22.4,22.63689093505925,0.2368909350592503,0.2368909350592503,16,6,9,Autumn
2025-09-14 17:00:00,18.2,18.977545825774484,0.7775458257744852,0.7775458257744852,17,6,9,Autumn
2025-09-14 18:00:00,13.5,16.243140328214803,2.7431403282148032,2.7431403282148032,18,6,9,Autumn
2025-09-14 19:00:00,15.2,16.808655719103132,1.6086557191031332,1.6086557191031332,19,6,9,Autumn
2025-09-14 20:00:00,12.2,13.579954314745692,1.3799543147456923,1.3799543147456923,20,6,9,Autumn
2025-09-14 21:00:00,17.1,14.466061111819611,-2.6339388881803902,2.6339388881803902,21,6,9,Autumn
2025-09-14 22:00:00,15.9,14.68469811624706,-1.2153018837529412,1.2153018837529412,22,6,9,Autumn
2025-09-14 23:00:00,9.1,9.66312618398381,0.56312618398381,0.56312618398381,23,6,9,Autumn
2025-09-15 00:00:00,16.3,15.381887521357111,-0.9181124786428896,0.9181124786428896,0,0,9,Autumn
2025-09-15 01:00:00,10.2,15.026398478555404,4.826398478555404,4.826398478555404,1,0,9,Autumn
2025-09-15 02:00:00,16.5,18.043336061229603,1.5433360612296028,1.5433360612296028,2,0,9,Autumn
2025-09-15 03:00:00,21.3,20.22887358281749,-1.0711264171825121,1.0711264171825121,3,0,9,Autumn
2025-09-15 04:00:00,24.7,24.555369454577395,-0.14463054542260423,0.14463054542260423,4,0,9,Autumn
2025-09-15 05:00:00,20.4,22.018525436541427,1.6185254365414288,1.6185254365414288,5,0,9,Autumn
2025-09-15 06:00:00,29.6,26.32347055179064,-3.276529448209363,3.276529448209363,6,0,9,Autumn
2025-09-15 07:00:00,21.4,24.29711681801882,2.897116818018823,2.897116818018823,7,0,9,Autumn
2025-09-15 08:00:00,24.4,26.99340411203155,2.59340411203155,2.59340411203155,8,0,9,Autumn
2025-09-15 09:00:00,33.9,33.481112769216914,-0.4188872307830849,0.4188872307830849,9,0,9,Autumn
2025-09-15 10:00:00,39.0,37.50883080179264,-1.4911691982073592,1.4911691982073592,10,0,9,Autumn
2025-09-15 11:00:00,35.1,32.99350903948912,-2.1064909605108824,2.1064909605108824,11,0,9,Autumn
2025-09-15 12:00:00,33.2,33.43661300894093,0.23661300894092818,0.23661300894092818,12,0,9,Autumn
2025-09-15 13:00:00,24.3,27.72254395544203,3.4225439554420305,3.4225439554420305,13,0,9,Autumn
2025-09-15 14:00:00,24.2,27.917522967121595,3.717522967121596,3.717522967121596,14,0,9,Autumn
2025-09-15 15:00:00,31.5,30.034686451825902,-1.4653135481740982,1.4653135481740982,15,0,9,Autumn
2025-09-15 16:00:00,27.9,27.96635004945214,0.06635004945214007,0.06635004945214007,16,0,9,Autumn
2025-09-15 17:00:00,23.0,24.401793084177633,1.4017930841776334,1.4017930841776334,17,0,9,Autumn
2025-09-15 18:00:00,25.6,25.135380381694485,-0.464619618305516,0.464619618305516,18,0,9,Autumn
2025-09-15 19:00:00,23.8,23.456890486029256,-0.3431095139707452,0.3431095139707452,19,0,9,Autumn
2025-09-15 20:00:00,25.1,22.711804508731372,-2.388195491268629,2.388195491268629,20,0,9,Autumn
2025-09-15 21:00:00,20.3,21.478869736960434,1.1788697369604328,1.1788697369604328,21,0,9,Autumn
2025-09-15 22:00:00,23.4,19.472774088442645,-3.927225911557354,3.927225911557354,22,0,9,Autumn
2025-09-15 23:00:00,17.7,17.050388816031166,-0.6496111839688332,0.6496111839688332,23,0,9,Autumn
2025-09-16 00:00:00,16.9,16.879448975343305,-0.020551024656693784,0.020551024656693784,0,1,9,Autumn
2025-09-16 01:00:00,21.9,19.74889408305291,-2.1511059169470883,2.1511059169470883,1,1,9,Autumn
2025-09-16 02:00:00,14.5,16.91027671582743,2.410276715827429,2.410276715827429,2,1,9,Autumn
2025-09-16 03:00:00,30.9,25.178885237619628,-5.72111476238037,5.72111476238037,3,1,9,Autumn
2025-09-16 04:00:00,22.8,23.428594294700876,0.6285942947008749,0.6285942947008749,4,1,9,Autumn
2025-09-16 05:00:00,24.8,25.830508820200087,1.0305088202000867,1.0305088202000867,5,1,9,Autumn
2025-09-16 06:00:00,27.4,26.737777576923147,-0.6622224230768516,0.6622224230768516,6,1,9,Autumn
2025-09-16 07:00:00,34.9,30.777221269296255,-4.122778730703743,4.122778730703743,7,1,9,Autumn
2025-09-16 08:00:00,32.5,31.948274476198083,-0.5517255238019168,0.5517255238019168,8,1,9,Autumn
2025-09-16 09:00:00,24.6,29.92368642791313,5.3236864279131275,5.3236864279131275,9,1,9,Autumn
2025-09-16 10:00:00,37.9,37.24002003620749,-0.6599799637925088,0.6599799637925088,10,1,9,Autumn
2025-09-16 11:00:00,31.7,33.800163647642634,2.100163647642635,2.100163647642635,11,1,9,Autumn
2025-09-16 12:00:00,33.7,34.86273010939032,1.162730109390317,1.162730109390317,12,1,9,Autumn
2025-09-16 13:00:00,27.9,30.50387235357784,2.6038723535778416,2.6038723535778416,13,1,9,Autumn
2025-09-16 14:00:00,34.4,33.23177902897792,-1.1682209710220803,1.1682209710220803,14,1,9,Autumn
2025-09-16 15:00:00,28.4,29.93094817472635,1.5309481747263511,1.5309481747263511,15,1,9,Autumn
2025-09-16 16:00:00,29.7,28.49993942741217,-1.2000605725878302,1.2000605725878302,16,1,9,Autumn
2025-09-16 17:00:00,26.3,27.511687208887263,1.2116872088872626,1.2116872088872626,17,1,9,Autumn
2025-09-16 18:00:00,33.0,28.809837673709858,-4.190162326290142,4.190162326290142,18,1,9,Autumn
2025-09-16 19:00:00,31.2,26.70836661984856,-4.491633380151438,4.491633380151438,19,1,9,Autumn
2025-09-16 20:00:00,21.5,22.806993244466014,1.306993244466014,1.306993244466014,20,1,9,Autumn
2025-09-16 21:00:00,19.9,20.219093619141205,0.3190936191412064,0.3190936191412064,21,1,9,Autumn
2025-09-16 22:00:00,16.9,18.584116425669464,1.6841164256694654,1.6841164256694654,22,1,9,Autumn
2025-09-16 23:00:00,22.0,19.08526058928,-2.9147394107199993,2.9147394107199993,23,1,9,Autumn
2025-09-17 00:00:00,16.0,17.01509183848452,1.0150918384845191,1.0150918384845191,0,2,9,Autumn
2025-09-17 01:00:00,15.9,18.08765269269456,2.187652692694561,2.187652692694561,1,2,9,Autumn
2025-09-17 02:00:00,22.3,20.265057899547614,-2.034942100452387,2.034942100452387,2,2,9,Autumn
2025-09-17 03:00:00,17.5,20.107184650650282,2.6071846506502823,2.6071846506502823,3,2,9,Autumn
2025-09-17 04:00:00,21.1,20.23043085568223,-0.8695691443177722,0.8695691443177722,4,2,9,Autumn
2025-09-17 05:00:00,16.9,21.09391237981668,4.19391237981668,4.19391237981668,5,2,9,Autumn
2025-09-17 06:00:00,28.1,26.644085700849615,-1.4559142991503862,1.4559142991503862,6,2,9,Autumn
2025-09-17 07:00:00,35.1,30.3674003458544,-4.732599654145602,4.732599654145602,7,2,9,Autumn
2025-09-17 08:00:00,32.2,30.647621301440623,-1.5523786985593802,1.5523786985593802,8,2,9,Autumn
2025-09-17 09:00:00,36.8,34.82197346839307,-1.978026531606929,1.978026531606929,9,2,9,Autumn
2025-09-17 10:00:00,28.8,30.726637037644952,1.9266370376449515,1.9266370376449515,10,2,9,Autumn
2025-09-17 11:00:00,34.0,32.16317278502778,-1.8368272149722173,1.8368272149722173,11,2,9,Autumn
2025-09-17 12:00:00,29.5,32.869025973336456,3.3690259733364556,3.3690259733364556,12,2,9,Autumn
2025-09-17 13:00:00,32.1,30.999920469853418,-1.1000795301465836,1.1000795301465836,13,2,9,Autumn
2025-09-17 14:00:00,35.3,33.611196091042814,-1.6888039089571834,1.6888039089571834,14,2,9,Autumn
2025-09-17 15:00:00,31.3,30.967222336047243,-0.33277766395275776,0.33277766395275776,15,2,9,Autumn
2025-09-17 16:00:00,23.6,26.58406646983351,2.9840664698335075,2.9840664698335075,16,2,9,Autumn
2025-09-17 17:00:00,22.1,24.36686274638407,2.266862746384067,2.266862746384067,17,2,9,Autumn
2025-09-17 18:00:00,19.8,23.654139344802434,3.8541393448024337,3.8541393448024337,18,2,9,Autumn
2025-09-17 19:00:00,25.2,25.407834892582727,0.2078348925827278,0.2078348925827278,19,2,9,Autumn
2025-09-17 20:00:00,29.5,24.291043755333302,-5.208956244666698,5.208956244666698,20,2,9,Autumn
2025-09-17 21:00:00,25.1,20.946912829556066,-4.153087170443936,4.153087170443936,21,2,9,Autumn
2025-09-17 22:00:00,10.8,16.515950434578333,5.715950434578332,5.715950434578332,22,2,9,Autumn
2025-09-17 23:00:00,23.2,20.345378581390342,-2.854621418609657,2.854621418609657,23,2,9,Autumn
2025-09-18 00:00:00,21.0,18.46497288969317,-2.5350271103068316,2.5350271103068316,0,3,9,Autumn
2025-09-18 01:00:00,11.3,14.942824661147027,3.642824661147026,3.642824661147026,1,3,9,Autumn
2025-09-18 02:00:00,17.1,18.127969416523914,1.0279694165239128,1.0279694165239128,2,3,9,Autumn
2025-09-18 03:00:00,24.0,22.11466902379306,-1.8853309762069408,1.8853309762069408,3,3,9,Autumn
2025-09-18 04:00:00,23.4,21.141538256017807,-2.258461743982192,2.258461743982192,4,3,9,Autumn
2025-09-18 05:00:00,17.9,21.796361241141778,3.896361241141779,3.896361241141779,5,3,9,Autumn
2025-09-18 06:00:00,27.7,26.495830779019467,-1.204169220980532,1.204169220980532,6,3,9,Autumn
2025-09-18 07:00:00,18.8,23.888153540602776,5.088153540602775,5.088153540602775,7,3,9,Autumn
2025-09-18 08:00:00,28.3,28.51995024413317,0.21995024413316955,0.21995024413316955,8,3,9,Autumn
2025-09-18 09:00:00,35.4,33.356912251041614,-2.043087748958385,2.043087748958385,9,3,9,Autumn
2025-09-18 10:00:00,32.2,32.438762555232934,0.2387625552329311,0.2387625552329311,10,3,9,Autumn
2025-09-18 11:00:00,31.0,32.93825593475899,1.9382559347589918,1.9382559347589918,11,3,9,Autumn
2025-09-18 12:00:00,36.8,34.86027703896616,-1.9397229610338371,1.9397229610338371,12,3,9,Autumn
2025-09-18 13:00:00,36.9,34.203414667902415,-2.696585332097584,2.696585332097584,13,3,9,Autumn
2025-09-18 14:00:00,37.4,35.6855636015585,-1.7144363984414994,1.7144363984414994,14,3,9,Autumn
2025-09-18 15:00:00,34.4,33.23353276563605,-1.1664672343639495,1.1664672343639495,15,3,9,Autumn
2025-09-18 16:00:00,33.6,31.453728129742345,-2.1462718702576566,2.1462718702576566,16,3,9,Autumn
2025-09-18 17:00:00,30.2,28.70202906738935,-1.4979709326106487,1.4979709326106487,17,3,9,Autumn
2025-09-18 18:00:00,26.3,26.686849299231483,0.38684929923148204,0.38684929923148204,18,3,9,Autumn
2025-09-18 19:00:00,23.5,23.280474085673443,-0.21952591432655666,0.21952591432655666,19,3,9,Autumn
2025-09-18 20:00:00,20.3,20.983592789306012,0.6835927893060116,0.6835927893060116,20,3,9,Autumn
2025-09-18 21:00:00,14.7,19.206027715023335,4.506027715023336,4.506027715023336,21,3,9,Autumn
2025-09-18 22:00:00,14.5,16.871996931564322,2.371996931564322,2.371996931564322,22,3,9,Autumn
2025-09-18 23:00:00,16.4,17.154936844393678,0.7549368443936793,0.7549368443936793,23,3,9,Autumn
2025-09-19 00:00:00,18.2,18.91382462528359,0.7138246252835891,0.7138246252835891,0,4,9,Autumn
2025-09-19 01:00:00,23.2,19.927586027529916,-3.2724139724700834,3.2724139724700834,1,4,9,Autumn
2025-09-19 02:00:00,18.1,18.951074009883932,0.8510740098839307,0.8510740098839307,2,4,9,Autumn
2025-09-19 03:00:00,23.6,21.73293901765703,-1.86706098234297,1.86706098234297,3,4,9,Autumn
2025-09-19 04:00:00,25.5,23.326491584453706,-2.1735084155462943,2.1735084155462943,4,4,9,Autumn
2025-09-19 05:00:00,22.2,24.008605057034664,1.808605057034665,1.808605057034665,5,4,9,Autumn
2025-09-19 06:00:00,27.6,26.82854571759514,-0.7714542824048607,0.7714542824048607,6,4,9,Autumn
2025-09-19 07:00:00,26.3,27.107129234325846,0.8071292343258456,0.8071292343258456,7,4,9,Autumn
2025-09-19 08:00:00,34.5,31.293733610290662,-3.206266389709338,3.206266389709338,8,4,9,Autumn
2025-09-19 09:00:00,33.4,31.14243243004013,-2.2575675699598676,2.2575675699598676,9,4,9,Autumn
2025-09-19 10:00:00,27.4,31.59672089496904,4.19672089496904,4.19672089496904,10,4,9,Autumn
2025-09-19 11:00:00,33.6,33.68831300048748,0.08831300048748147,0.08831300048748147,11,4,9,Autumn
2025-09-19 12:00:00,39.8,34.84960569078962,-4.950394309210374,4.950394309210374,12,4,9,Autumn
2025-09-19 13:00:00,32.2,32.84094627263454,0.6409462726345367,0.6409462726345367,13,4,9,Autumn
2025-09-19 14:00:00,33.9,33.58384393190896,-0.3161560680910398,0.3161560680910398,14,4,9,Autumn
2025-09-19 15:00:00,33.0,32.86734850308231,-0.1326514969176884,0.1326514969176884,15,4,9,Autumn
2025-09-19 16:00:00,25.1,28.055944263798487,2.955944263798486,2.955944263798486,16,4,9,Autumn
2025-09-19 17:00:00,29.3,27.909159288904423,-1.3908407110955778,1.3908407110955778,17,4,9,Autumn
2025-09-19 18:00:00,19.6,22.897479293820012,3.297479293820011,3.297479293820011,18,4,9,Autumn
2025-09-19 19:00:00,20.6,21.03515072352695,0.4351507235269487,0.4351507235269487,19,4,9,Autumn
2025-09-19 20:00:00,25.5,22.916963796431563,-2.5830362035684367,2.5830362035684367,20,4,9,Autumn
2025-09-19 21:00:00,21.0,20.03004090428769,-0.9699590957123085,0.9699590957123085,21,4,9,Autumn
2025-09-19 22:00:00,17.1,16.804464628481472,-0.29553537151852893,0.29553537151852893,22,4,9,Autumn
2025-09-19 23:00:00,19.3,19.89002877841811,0.5900287784181089,0.5900287784181089,23,4,9,Autumn
2025-09-20 00:00:00,11.9,11.949507925366667,0.04950792536666704,0.04950792536666704,0,5,9,Autumn
2025-09-20 01:00:00,12.5,12.507848559369174,0.007848559369174168,0.007848559369174168,1,5,9,Autumn
2025-09-20 02:00:00,15.9,14.390850344854844,-1.5091496551451566,1.5091496551451566,2,5,9,Autumn
2025-09-20 03:00:00,11.6,14.759933336887174,3.1599333368871747,3.1599333368871747,3,5,9,Autumn
2025-09-20 04:00:00,16.3,15.703215988587548,-0.5967840114124527,0.5967840114124527,4,5,9,Autumn
2025-09-20 05:00:00,16.9,17.707175743725937,0.8071757437259386,0.8071757437259386,5,5,9,Autumn
2025-09-20 06:00:00,13.8,16.47898593437286,2.678985934372861,2.678985934372861,6,5,9,Autumn
2025-09-20 07:00:00,18.6,19.85019188711244,1.2501918871124396,1.2501918871124396,7,5,9,Autumn
2025-09-20 08:00:00,30.4,27.458372811363244,-2.9416271886367547,2.9416271886367547,8,5,9,Autumn
2025-09-20 09:00:00,27.4,26.524376746480034,-0.8756232535199651,0.8756232535199651,9,5,9,Autumn
2025-09-20 10:00:00,21.8,25.485724164514778,3.6857241645147774,3.6857241645147774,10,5,9,Autumn
2025-09-20 11:00:00,21.7,24.4324886794497,2.732488679449702,2.732488679449702,11,5,9,Autumn
2025-09-20 12:00:00,27.7,27.877163043184556,0.17716304318455656,0.17716304318455656,12,5,9,Autumn
2025-09-20 13:00:00,34.1,29.67224847806934,-4.427751521930663,4.427751521930663,13,5,9,Autumn
2025-09-20 14:00:00,26.4,26.628087350183208,0.22808735018320903,0.22808735018320903,14,5,9,Autumn
2025-09-20 15:00:00,31.1,29.493620180527802,-1.606379819472199,1.606379819472199,15,5,9,Autumn
2025-09-20 16:00:00,25.6,26.368181958526687,0.7681819585266858,0.7681819585266858,16,5,9,Autumn
2025-09-20 17:00:00,24.1,22.23768130827827,-1.8623186917217325,1.8623186917217325,17,5,9,Autumn
2025-09-20 18:00:00,14.8,17.320653558881993,2.5206535588819925,2.5206535588819925,18,5,9,Autumn
2025-09-20 19:00:00,21.9,19.84001533729714,-2.0599846627028597,2.0599846627028597,19,5,9,Autumn
2025-09-20 20:00:00,14.8,16.113443274596847,1.313443274596846,1.313443274596846,20,5,9,Autumn
2025-09-20 21:00:00,18.0,15.73622929899571,-2.2637707010042902,2.2637707010042902,21,5,9,Autumn
2025-09-20 22:00:00,10.0,12.364490868539693,2.3644908685396935,2.3644908685396935,22,5,9,Autumn
2025-09-20 23:00:00,13.2,12.794347507216292,-0.4056524927837071,0.4056524927837071,23,5,9,Autumn
2025-09-21 00:00:00,13.5,13.05391751045043,-0.4460824895495694,0.4460824895495694,0,6,9,Autumn
2025-09-21 01:00:00,11.8,12.745414249432457,0.9454142494324564,0.9454142494324564,1,6,9,Autumn
2025-09-21 02:00:00,14.8,14.216780200026202,-0.5832197999737989,0.5832197999737989,2,6,9,Autumn
2025-09-21 03:00:00,13.4,15.06528574673018,1.665285746730179,1.665285746730179,3,6,9,Autumn
2025-09-21 04:00:00,13.5,15.478364099386049,1.9783640993860487,1.9783640993860487,4,6,9,Autumn
2025-09-21 05:00:00,24.5,20.526802195034083,-3.973197804965917,3.973197804965917,5,6,9,Autumn
2025-09-21 06:00:00,24.3,22.882120639016524,-1.417879360983477,1.417879360983477,6,6,9,Autumn
2025-09-21 07:00:00,19.2,20.35283414682468,1.1528341468246808,1.1528341468246808,7,6,9,Autumn
2025-09-21 08:00:00,26.4,26.62298083188578,0.22298083188578133,0.22298083188578133,8,6,9,Autumn
2025-09-21 09:00:00,22.8,25.324470923478938,2.524470923478937,2.524470923478937,9,6,9,Autumn
2025-09-21 10:00:00,22.3,25.663672081204993,3.3636720812049923,3.3636720812049923,10,6,9,Autumn
2025-09-21 11:00:00,32.0,29.53642754420708,-2.463572455792921,2.463572455792921,11,6,9,Autumn
2025-09-21 12:00:00,21.3,25.025953767138475,3.725953767138474,3.725953767138474,12,6,9,Autumn
2025-09-21 13:00:00,31.6,29.13158852186035,-2.4684114781396502,2.4684114781396502,13,6,9,Autumn
2025-09-21 14:00:00,26.1,27.16117082643895,1.0611708264389499,1.0611708264389499,14,6,9,Autumn
2025-09-21 15:00:00,25.0,26.136383515508726,1.1363835155087258,1.1363835155087258,15,6,9,Autumn
2025-09-21 16:00:00,25.8,25.0009356538929,-0.7990643461071016,0.7990643461071016,16,6,9,Autumn
2025-09-21 17:00:00,24.5,23.047622977022595,-1.4523770229774051,1.4523770229774051,17,6,9,Autumn
2025-09-21 18:00:00,16.8,18.50206273629783,1.7020627362978296,1.7020627362978296,18,6,9,Autumn
2025-09-21 19:00:00,20.9,17.707708089699256,-3.1922919103007423,3.1922919103007423,19,6,9,Autumn
2025-09-21 20:00:00,16.6,16.071821214553957,-0.5281787854460447,0.5281787854460447,20,6,9,Autumn
2025-09-21 21:00:00,9.5,13.1519010583197,3.6519010583197,3.6519010583197,21,6,9,Autumn
2025-09-21 22:00:00,12.5,14.172997730146518,1.672997730146518,1.672997730146518,22,6,9,Autumn
2025-09-21 23:00:00,17.9,14.121746376795043,-3.7782536232049555,3.7782536232049555,23,6,9,Autumn
2025-09-22 00:00:00,23.8,19.985164917889392,-3.8148350821106085,3.8148350821106085,0,0,9,Autumn
2025-09-22 01:00:00,20.3,18.700828259037667,-1.5991717409623334,1.5991717409623334,1,0,9,Autumn
2025-09-22 02:00:00,13.4,16.631813549607774,3.2318135496077733,3.2318135496077733,2,0,9,Autumn
2025-09-22 03:00:00,21.4,20.485541357816764,-0.9144586421832344,0.9144586421832344,3,0,9,Autumn
2025-09-22 04:00:00,24.5,22.963858953975695,-1.536141046024305,1.536141046024305,4,0,9,Autumn
2025-09-22 05:00:00,25.9,25.8822369784958,-0.01776302150419795,0.01776302150419795,5,0,9,Autumn
2025-09-22 06:00:00,28.3,27.875342258998174,-0.42465774100182685,0.42465774100182685,6,0,9,Autumn
2025-09-22 07:00:00,28.6,27.542863089251185,-1.0571369107488167,1.0571369107488167,7,0,9,Autumn
2025-09-22 08:00:00,28.8,29.644470720514434,0.8444707205144333,0.8444707205144333,8,0,9,Autumn
2025-09-22 09:00:00,28.3,29.128160196782535,0.8281601967825338,0.8281601967825338,9,0,9,Autumn
2025-09-22 10:00:00,24.4,28.50444561785315,4.104445617853152,4.104445617853152,10,0,9,Autumn
2025-09-22 11:00:00,34.2,34.19678829075018,-0.0032117092498253896,0.0032117092498253896,11,0,9,Autumn
2025-09-22 12:00:00,33.9,34.5884014833764,0.6884014833764027,0.6884014833764027,12,0,9,Autumn
2025-09-22 13:00:00,35.1,33.95144296883419,-1.148557031165808,1.148557031165808,13,0,9,Autumn
2025-09-22 14:00:00,26.7,29.2570939368346,2.557093936834601,2.557093936834601,14,0,9,Autumn
2025-09-22 15:00:00,33.4,31.94524299926289,-1.4547570007371071,1.4547570007371071,15,0,9,Autumn
2025-09-22 16:00:00,37.3,31.32973476560672,-5.970265234393278,5.970265234393278,16,0,9,Autumn
2025-09-22 17:00:00,27.5,27.587719282287793,0.08771928228779302,0.08771928228779302,17,0,9,Autumn
2025-09-22 18:00:00,24.9,25.805396167993905,0.9053961679939064,0.9053961679939064,18,0,9,Autumn
2025-09-22 19:00:00,24.3,23.399118699653645,-0.9008813003463558,0.9008813003463558,19,0,9,Autumn
2025-09-22 20:00:00,29.2,23.54679051821979,-5.653209481780209,5.653209481780209,20,0,9,Autumn
2025-09-22 21:00:00,15.4,20.13507482960864,4.7350748296086405,4.7350748296086405,21,0,9,Autumn
2025-09-22 22:00:00,19.0,18.81491995259046,-0.18508004740953865,0.18508004740953865,22,0,9,Autumn
2025-09-22 23:00:00,14.2,16.73256880971228,2.5325688097122807,2.5325688097122807,23,0,9,Autumn
2025-09-23 00:00:00,14.9,16.9180061229698,2.0180061229697994,2.0180061229697994,0,1,9,Autumn
2025-09-23 01:00:00,17.2,16.450665470774897,-0.7493345292251021,0.7493345292251021,1,1,9,Autumn
2025-09-23 02:00:00,23.5,19.75223645023375,-3.747763549766251,3.747763549766251,2,1,9,Autumn
2025-09-23 03:00:00,26.6,22.54456877716028,-4.055431222839722,4.055431222839722,3,1,9,Autumn
2025-09-23 04:00:00,22.9,22.372642472475707,-0.5273575275242912,0.5273575275242912,4,1,9,Autumn
2025-09-23 05:00:00,21.5,24.01162449709254,2.5116244970925408,2.5116244970925408,5,1,9,Autumn
2025-09-23 06:00:00,35.1,28.318088043740005,-6.7819119562599965,6.7819119562599965,6,1,9,Autumn
2025-09-23 07:00:00,25.4,26.83010828398205,1.430108283982051,1.430108283982051,7,1,9,Autumn
2025-09-23 08:00:00,26.8,27.98818693665923,1.1881869366592284,1.1881869366592284,8,1,9,Autumn
2025-09-23 09:00:00,23.6,28.026228196993294,4.426228196993293,4.426228196993293,9,1,9,Autumn
2025-09-23 10:00:00,37.6,34.69348462900818,-2.9065153709918192,2.9065153709918192,10,1,9,Autumn
2025-09-23 11:00:00,36.7,35.079187091308675,-1.6208129086913274,1.6208129086913274,11,1,9,Autumn
2025-09-23 12:00:00,42.8,38.46294065255273,-4.337059347447266,4.337059347447266,12,1,9,Autumn
2025-09-23 13:00:00,27.3,29.48009114040074,2.180091140400741,2.180091140400741,13,1,9,Autumn
2025-09-23 14:00:00,37.8,33.67126809893291,-4.128731901067084,4.128731901067084,14,1,9,Autumn
2025-09-23 15:00:00,31.0,31.636400985969725,0.6364009859697255,0.6364009859697255,15,1,9,Autumn
2025-09-23 16:00:00,32.3,30.970775731592774,-1.3292242684072235,1.3292242684072235,16,1,9,Autumn
2025-09-23 17:00:00,20.6,25.94258207374093,5.342582073740928,5.342582073740928,17,1,9,Autumn
2025-09-23 18:00:00,31.0,27.732112275867966,-3.2678877241320343,3.2678877241320343,18,1,9,Autumn
2025-09-23 19:00:00,26.2,23.657375071529533,-2.5426249284704667,2.5426249284704667,19,1,9,Autumn
2025-09-23 20:00:00,20.9,21.70370495843204,0.8037049584320428,0.8037049584320428,20,1,9,Autumn
2025-09-23 21:00:00,22.0,20.39177373435297,-1.6082262656470299,1.6082262656470299,21,1,9,Autumn
2025-09-23 22:00:00,15.1,17.590998105979562,2.4909981059795623,2.4909981059795623,22,1,9,Autumn
2025-09-23 23:00:00,15.0,15.7865408871226,0.7865408871225998,0.7865408871225998,23,1,9,Autumn
2025-09-24 00:00:00,15.2,16.007682258191007,0.8076822581910079,0.8076822581910079,0,2,9,Autumn
2025-09-24 01:00:00,9.9,14.440741741620181,4.540741741620181,4.540741741620181,1,2,9,Autumn
2025-09-24 02:00:00,21.6,19.243430369605818,-2.3565696303941834,2.3565696303941834,2,2,9,Autumn
2025-09-24 03:00:00,24.2,22.708742123794487,-1.4912578762055126,1.4912578762055126,3,2,9,Autumn
2025-09-24 04:00:00,18.3,21.120331034780655,2.8203310347806543,2.8203310347806543,4,2,9,Autumn
2025-09-24 05:00:00,24.4,22.72212927742194,-1.67787072257806,1.67787072257806,5,2,9,Autumn
2025-09-24 06:00:00,24.0,26.386097990113477,2.386097990113477,2.386097990113477,6,2,9,Autumn
2025-09-24 07:00:00,28.5,27.91167463915121,-0.5883253608487884,0.5883253608487884,7,2,9,Autumn
2025-09-24 08:00:00,26.6,29.402456408004277,2.802456408004275,2.802456408004275,8,2,9,Autumn
2025-09-24 09:00:00,27.2,30.691859560800307,3.4918595608003073,3.4918595608003073,9,2,9,Autumn
2025-09-24 10:00:00,36.2,34.27176461801424,-1.9282353819857647,1.9282353819857647,10,2,9,Autumn
2025-09-24 11:00:00,32.5,33.34939401403222,0.8493940140322209,0.8493940140322209,11,2,9,Autumn
2025-09-24 12:00:00,41.2,37.63765030557136,-3.56234969442864,3.56234969442864,12,2,9,Autumn
2025-09-24 13:00:00,33.0,31.83730270218484,-1.1626972978151606,1.1626972978151606,13,2,9,Autumn
2025-09-24 14:00:00,28.3,32.42215980812222,4.122159808122216,4.122159808122216,14,2,9,Autumn
2025-09-24 15:00:00,35.6,34.18524425540493,-1.4147557445950696,1.4147557445950696,15,2,9,Autumn
2025-09-24 16:00:00,31.6,31.725087500177633,0.12508750017763148,0.12508750017763148,16,2,9,Autumn
2025-09-24 17:00:00,30.0,28.184523839777576,-1.815476160222424,1.815476160222424,17,2,9,Autumn
2025-09-24 18:00:00,29.8,27.987828645479855,-1.8121713545201459,1.8121713545201459,18,2,9,Autumn
2025-09-24 19:00:00,20.4,21.403106683308838,1.0031066833088396,1.0031066833088396,19,2,9,Autumn
2025-09-24 20:00:00,20.6,22.41350559648951,1.8135055964895095,1.8135055964895095,20,2,9,Autumn
2025-09-24 21:00:00,18.7,20.663613529930597,1.9636135299305977,1.9636135299305977,21,2,9,Autumn
2025-09-24 22:00:00,13.0,15.5313692513895,2.531369251389499,2.531369251389499,22,2,9,Autumn
2025-09-24 23:00:00,16.3,17.39089488023697,1.09089488023697,1.09089488023697,23,2,9,Autumn
2025-09-25 00:00:00,22.4,18.64160274138957,-3.7583972586104295,3.7583972586104295,0,3,9,Autumn
2025-09-25 01:00:00,18.3,16.857362972217768,-1.442637027782233,1.442637027782233,1,3,9,Autumn
2025-09-25 02:00:00,12.7,15.085050778785432,2.3850507787854323,2.3850507787854323,2,3,9,Autumn
2025-09-25 03:00:00,13.2,17.17066308522449,3.9706630852244906,3.9706630852244906,3,3,9,Autumn
2025-09-25 04:00:00,27.7,23.674355790914653,-4.025644209085346,4.025644209085346,4,3,9,Autumn
2025-09-25 05:00:00,22.6,22.965949685909308,0.36594968590930677,0.36594968590930677,5,3,9,Autumn
2025-09-25 06:00:00,22.5,24.73679936952968,2.236799369529681,2.236799369529681,6,3,9,Autumn
2025-09-25 07:00:00,26.0,26.374842914841803,0.3748429148418033,0.3748429148418033,7,3,9,Autumn
2025-09-25 08:00:00,23.1,27.15842439417626,4.05842439417626,4.05842439417626,8,3,9,Autumn
2025-09-25 09:00:00,36.4,33.485494269311296,-2.9145057306887026,2.9145057306887026,9,3,9,Autumn
2025-09-25 10:00:00,30.4,32.073554586472056,1.6735545864720578,1.6735545864720578,10,3,9,Autumn
2025-09-25 11:00:00,38.2,34.66096417824943,-3.5390358217505735,3.5390358217505735,11,3,9,Autumn
2025-09-25 12:00:00,33.3,32.75490687656643,-0.545093123433567,0.545093123433567,12,3,9,Autumn
2025-09-25 13:00:00,38.5,35.061678527141474,-3.438321472858526,3.438321472858526,13,3,9,Autumn
2025-09-25 14:00:00,33.0,31.825014104880985,-1.1749858951190149,1.1749858951190149,14,3,9,Autumn
2025-09-25 15:00:00,34.1,33.21295241410922,-0.8870475858907838,0.8870475858907838,15,3,9,Autumn
2025-09-25 16:00:00,31.9,30.269420455241356,-1.6305795447586426,1.6305795447586426,16,3,9,Autumn
2025-09-25 17:00:00,29.6,28.07499321513456,-1.5250067848654432,1.5250067848654432,17,3,9,Autumn
2025-09-25 18:00:00,26.4,26.798046315069858,0.398046315069859,0.398046315069859,18,3,9,Autumn
2025-09-25 19:00:00,22.0,22.128991260040173,0.12899126004017347,0.12899126004017347,19,3,9,Autumn
2025-09-25 20:00:00,28.7,23.872771283602937,-4.827228716397062,4.827228716397062,20,3,9,Autumn
2025-09-25 21:00:00,15.8,18.46071731756243,2.6607173175624297,2.6607173175624297,21,3,9,Autumn
2025-09-25 22:00:00,18.1,18.006234482393236,-0.09376551760676577,0.09376551760676577,22,3,9,Autumn
2025-09-25 23:00:00,17.4,16.259348191306596,-1.140651808693402,1.140651808693402,23,3,9,Autumn
2025-09-26 00:00:00,18.6,17.429963304553286,-1.170036695446715,1.170036695446715,0,4,9,Autumn
2025-09-26 01:00:00,15.6,15.266107451875277,-0.333892548124723,0.333892548124723,1,4,9,Autumn
2025-09-26 02:00:00,19.4,18.767514580692986,-0.6324854193070131,0.6324854193070131,2,4,9,Autumn
2025-09-26 03:00:00,18.7,18.681364260396716,-0.01863573960328324,0.01863573960328324,3,4,9,Autumn
2025-09-26 04:00:00,14.7,20.561695287268194,5.861695287268194,5.861695287268194,4,4,9,Autumn
2025-09-26 05:00:00,23.0,22.80412492031923,-0.19587507968077134,0.19587507968077134,5,4,9,Autumn
2025-09-26 06:00:00,20.6,22.858523036827258,2.258523036827256,2.258523036827256,6,4,9,Autumn
2025-09-26 07:00:00,20.2,23.39358372755282,3.19358372755282,3.19358372755282,7,4,9,Autumn
2025-09-26 08:00:00,29.6,28.882387438467667,-0.7176125615323343,0.7176125615323343,8,4,9,Autumn
2025-09-26 09:00:00,32.6,31.78290533789539,-0.817094662104612,0.817094662104612,9,4,9,Autumn
2025-09-26 10:00:00,34.1,33.831326827787734,-0.2686731722122673,0.2686731722122673,10,4,9,Autumn
2025-09-26 11:00:00,35.0,34.74290889139806,-0.25709110860194073,0.25709110860194073,11,4,9,Autumn
2025-09-26 12:00:00,25.3,30.77000208068731,5.470002080687308,5.470002080687308,12,4,9,Autumn
2025-09-26 13:00:00,27.3,29.850855215963524,2.550855215963523,2.550855215963523,13,4,9,Autumn
2025-09-26 14:00:00,39.9,34.69878690959392,-5.201213090406078,5.201213090406078,14,4,9,Autumn
2025-09-26 15:00:00,26.5,28.981887344583555,2.481887344583555,2.481887344583555,15,4,9,Autumn
2025-09-26 16:00:00,31.5,29.275367049385398,-2.224632950614602,2.224632950614602,16,4,9,Autumn
2025-09-26 17:00:00,24.4,25.88646540040835,1.4864654004083526,1.4864654004083526,17,4,9,Autumn
2025-09-26 18:00:00,25.4,24.967672771850058,-0.4323272281499406,0.4323272281499406,18,4,9,Autumn
2025-09-26 19:00:00,20.4,21.101422942596685,0.701422942596686,0.701422942596686,19,4,9,Autumn
2025-09-26 20:00:00,23.3,22.26174931975058,-1.0382506802494191,1.0382506802494191,20,4,9,Autumn
2025-09-26 21:00:00,19.9,19.91879332150033,0.018793321500332638,0.018793321500332638,21,4,9,Autumn
2025-09-26 22:00:00,16.3,16.428795657120133,0.12879565712013274,0.12879565712013274,22,4,9,Autumn
2025-09-26 23:00:00,13.1,16.301102534006723,3.201102534006724,3.201102534006724,23,4,9,Autumn
2025-09-27 00:00:00,13.1,13.33060753210486,0.23060753210486062,0.23060753210486062,0,5,9,Autumn
2025-09-27 01:00:00,7.4,12.279769604126537,4.879769604126537,4.879769604126537,1,5,9,Autumn
2025-09-27 02:00:00,14.8,15.363624017663025,0.5636240176630238,0.5636240176630238,2,5,9,Autumn
2025-09-27 03:00:00,24.9,18.66740725079511,-6.232592749204887,6.232592749204887,3,5,9,Autumn
2025-09-27 04:00:00,21.4,19.092922995154066,-2.307077004845933,2.307077004845933,4,5,9,Autumn
2025-09-27 05:00:00,20.8,20.79124368608988,-0.008756313910119218,0.008756313910119218,5,5,9,Autumn
2025-09-27 06:00:00,19.7,19.501754743722177,-0.19824525627782208,0.19824525627782208,6,5,9,Autumn
2025-09-27 07:00:00,14.3,18.37318921293788,4.07318921293788,4.07318921293788,7,5,9,Autumn
2025-09-27 08:00:00,18.7,20.402316424106886,1.7023164241068862,1.7023164241068862,8,5,9,Autumn
2025-09-27 09:00:00,30.8,27.763227005247533,-3.036772994752468,3.036772994752468,9,5,9,Autumn
2025-09-27 10:00:00,23.8,24.47051751726478,0.6705175172647806,0.6705175172647806,10,5,9,Autumn
2025-09-27 11:00:00,25.0,25.649348784442203,0.6493487844422035,0.6493487844422035,11,5,9,Autumn
2025-09-27 12:00:00,27.4,26.208591243886815,-1.1914087561131836,1.1914087561131836,12,5,9,Autumn
2025-09-27 13:00:00,23.5,24.797043530222865,1.2970435302228651,1.2970435302228651,13,5,9,Autumn
2025-09-27 14:00:00,22.0,24.28833892872782,2.2883389287278213,2.2883389287278213,14,5,9,Autumn
2025-09-27 15:00:00,25.5,24.424593924104133,-1.0754060758958666,1.0754060758958666,15,5,9,Autumn
2025-09-27 16:00:00,20.5,23.275047951917795,2.775047951917795,2.775047951917795,16,5,9,Autumn
2025-09-27 17:00:00,19.1,21.172401449745852,2.0724014497458505,2.0724014497458505,17,5,9,Autumn
2025-09-27 18:00:00,16.9,17.0432343796116,0.14323437961160224,0.14323437961160224,18,5,9,Autumn
2025-09-27 19:00:00,20.0,18.885292105596797,-1.1147078944032032,1.1147078944032032,19,5,9,Autumn
2025-09-27 20:00:00,15.1,15.659193116225742,0.5591931162257424,0.5591931162257424,20,5,9,Autumn
2025-09-27 21:00:00,13.6,14.198629006794041,0.5986290067940416,0.5986290067940416,21,5,9,Autumn
2025-09-27 22:00:00,15.5,14.224617963609814,-1.2753820363901855,1.2753820363901855,22,5,9,Autumn
2025-09-27 23:00:00,11.7,11.839080541326213,0.13908054132621395,0.13908054132621395,23,5,9,Autumn
2025-09-28 00:00:00,10.9,11.835582845926654,0.9355828459266533,0.9355828459266533,0,6,9,Autumn
2025-09-28 01:00:00,14.2,14.066874147028853,-0.13312585297114587,0.13312585297114587,1,6,9,Autumn
2025-09-28 02:00:00,15.8,14.223976509325322,-1.5760234906746788,1.5760234906746788,2,6,9,Autumn
2025-09-28 03:00:00,13.8,15.430774371859982,1.6307743718599816,1.6307743718599816,3,6,9,Autumn
2025-09-28 04:00:00,16.3,16.51074264070328,0.21074264070328041,0.21074264070328041,4,6,9,Autumn
2025-09-28 05:00:00,14.8,17.242740602371004,2.4427406023710034,2.4427406023710034,5,6,9,Autumn
2025-09-28 06:00:00,16.6,17.853970804725538,1.2539708047255367,1.2539708047255367,6,6,9,Autumn
2025-09-28 07:00:00,25.2,22.263176360077225,-2.9368236399227747,2.9368236399227747,7,6,9,Autumn
2025-09-28 08:00:00,25.8,24.52823419505011,-1.27176580494989,1.27176580494989,8,6,9,Autumn
2025-09-28 09:00:00,27.5,26.170758363320914,-1.329241636679086,1.329241636679086,9,6,9,Autumn
2025-09-28 10:00:00,28.1,29.27616573367799,1.176165733677987,1.176165733677987,10,6,9,Autumn
2025-09-28 11:00:00,27.9,29.35468653955126,1.4546865395512611,1.4546865395512611,11,6,9,Autumn
2025-09-28 12:00:00,30.8,29.491369523950336,-1.3086304760496645,1.3086304760496645,12,6,9,Autumn
2025-09-28 13:00:00,31.5,31.06630608185249,-0.4336939181475117,0.4336939181475117,13,6,9,Autumn
2025-09-28 14:00:00,30.6,29.93904576171662,-0.6609542382833808,0.6609542382833808,14,6,9,Autumn
2025-09-28 15:00:00,25.3,25.657506992434676,0.35750699243467565,0.35750699243467565,15,6,9,Autumn
2025-09-28 16:00:00,29.6,26.81681138333602,-2.783188616663981,2.783188616663981,16,6,9,Autumn
2025-09-28 17:00:00,23.0,22.80833787491186,-0.19166212508813985,0.19166212508813985,17,6,9,Autumn
2025-09-28 18:00:00,22.5,20.57516063846651,-1.9248393615334898,1.9248393615334898,18,6,9,Autumn
2025-09-28 19:00:00,19.1,20.511353714021855,1.4113537140218533,1.4113537140218533,19,6,9,Autumn
2025-09-28 20:00:00,17.0,17.28010417633303,0.28010417633302964,0.28010417633302964,20,6,9,Autumn
2025-09-28 21:00:00,11.4,13.241457106534176,1.8414571065341754,1.8414571065341754,21,6,9,Autumn
2025-09-28 22:00:00,15.9,14.33921639655559,-1.5607836034444098,1.5607836034444098,22,6,9,Autumn
2025-09-28 23:00:00,23.7,17.142133627299273,-6.557866372700726,6.557866372700726,23,6,9,Autumn
2025-09-29 00:00:00,15.5,17.58477208293701,2.084772082937011,2.084772082937011,0,0,9,Autumn
2025-09-29 01:00:00,17.6,17.187276587323502,-0.4127234126764989,0.4127234126764989,1,0,9,Autumn
2025-09-29 02:00:00,16.3,17.773117835512277,1.4731178355122765,1.4731178355122765,2,0,9,Autumn
2025-09-29 03:00:00,17.4,19.680322586316027,2.2803225863160286,2.2803225863160286,3,0,9,Autumn
2025-09-29 04:00:00,27.2,24.174085759631282,-3.025914240368717,3.025914240368717,4,0,9,Autumn
2025-09-29 05:00:00,20.2,21.68491274812315,1.4849127481231505,1.4849127481231505,5,0,9,Autumn
2025-09-29 06:00:00,23.1,24.206259091625856,1.106259091625855,1.106259091625855,6,0,9,Autumn
2025-09-29 07:00:00,20.7,23.98612151916943,3.2861215191694306,3.2861215191694306,7,0,9,Autumn
2025-09-29 08:00:00,26.0,26.813889418822278,0.8138894188222778,0.8138894188222778,8,0,9,Autumn
2025-09-29 09:00:00,23.8,28.44874015000754,4.648740150007541,4.648740150007541,9,0,9,Autumn
2025-09-29 10:00:00,34.5,33.790791323420635,-0.7092086765793653,0.7092086765793653,10,0,9,Autumn
2025-09-29 11:00:00,43.9,37.84044768636292,-6.059552313637077,6.059552313637077,11,0,9,Autumn
2025-09-29 12:00:00,31.5,31.41061391617234,-0.08938608382765878,0.08938608382765878,12,0,9,Autumn
2025-09-29 13:00:00,26.1,29.664056020069268,3.564056020069266,3.564056020069266,13,0,9,Autumn
2025-09-29 14:00:00,35.5,33.9823946841637,-1.517605315836299,1.517605315836299,14,0,9,Autumn
2025-09-29 15:00:00,27.8,30.308742818029042,2.5087428180290416,2.5087428180290416,15,0,9,Autumn
2025-09-29 16:00:00,34.2,32.106832911338756,-2.0931670886612466,2.0931670886612466,16,0,9,Autumn
2025-09-29 17:00:00,25.9,26.94019361454055,1.0401936145405521,1.0401936145405521,17,0,9,Autumn
2025-09-29 18:00:00,22.5,24.927586281952163,2.4275862819521628,2.4275862819521628,18,0,9,Autumn
2025-09-29 19:00:00,22.2,22.237930897486986,0.03793089748698719,0.03793089748698719,19,0,9,Autumn
2025-09-29 20:00:00,24.0,23.664842494883256,-0.3351575051167437,0.3351575051167437,20,0,9,Autumn
2025-09-29 21:00:00,18.4,18.92534696394502,0.5253469639450223,0.5253469639450223,21,0,9,Autumn
2025-09-29 22:00:00,16.1,16.932696646479947,0.8326966464799455,0.8326966464799455,22,0,9,Autumn
2025-09-29 23:00:00,16.5,17.014488837035646,0.5144888370356462,0.5144888370356462,23,0,9,Autumn
2025-09-30 00:00:00,11.9,14.593008235862,2.693008235861999,2.693008235861999,0,1,9,Autumn
2025-09-30 01:00:00,18.9,18.460036194132847,-0.43996380586715134,0.43996380586715134,1,1,9,Autumn
2025-09-30 02:00:00,10.9,15.276088715403219,4.376088715403219,4.376088715403219,2,1,9,Autumn
2025-09-30 03:00:00,17.6,19.586415531954913,1.9864155319549113,1.9864155319549113,3,1,9,Autumn
2025-09-30 04:00:00,24.0,24.247472369293575,0.2474723692935754,0.2474723692935754,4,1,9,Autumn
2025-09-30 05:00:00,24.1,24.62093198809378,0.5209319880937784,0.5209319880937784,5,1,9,Autumn
2025-09-30 06:00:00,27.4,26.305169773116454,-1.0948302268835448,1.0948302268835448,6,1,9,Autumn
2025-09-30 07:00:00,26.8,26.683571088538518,-0.11642891146148315,0.11642891146148315,7,1,9,Autumn
2025-09-30 08:00:00,33.7,31.2536292361132,-2.4463707638868044,2.4463707638868044,8,1,9,Autumn
2025-09-30 09:00:00,34.4,31.907085901528994,-2.4929140984710045,2.4929140984710045,9,1,9,Autumn
2025-09-30 10:00:00,33.7,34.23802768915699,0.5380276891569906,0.5380276891569906,10,1,9,Autumn
2025-09-30 11:00:00,36.4,36.41639075505568,0.01639075505568144,0.01639075505568144,11,1,9,Autumn
2025-09-30 12:00:00,36.0,33.59207718682493,-2.4079228131750696,2.4079228131750696,12,1,9,Autumn
2025-09-30 13:00:00,31.0,30.98801857857862,-0.011981421421378258,0.011981421421378258,13,1,9,Autumn
2025-09-30 14:00:00,26.6,31.969288436314137,5.369288436314136,5.369288436314136,14,1,9,Autumn
2025-09-30 15:00:00,32.3,30.0933348768006,-2.2066651231993966,2.2066651231993966,15,1,9,Autumn
2025-09-30 16:00:00,31.2,30.722814177519208,-0.47718582248079144,0.47718582248079144,16,1,9,Autumn
2025-09-30 17:00:00,31.4,28.727190092350888,-2.6728099076491105,2.6728099076491105,17,1,9,Autumn
2025-09-30 18:00:00,21.3,23.85133437671148,2.5513343767114804,2.5513343767114804,18,1,9,Autumn
2025-09-30 19:00:00,19.3,22.56737365769367,3.2673736576936676,3.2673736576936676,19,1,9,Autumn
2025-09-30 20:00:00,22.8,22.045481244929217,-0.7545187550707837,0.7545187550707837,20,1,9,Autumn
2025-09-30 21:00:00,19.1,18.750623981583992,-0.3493760184160095,0.3493760184160095,21,1,9,Autumn
2025-09-30 22:00:00,10.5,14.286862981219342,3.7868629812193415,3.7868629812193415,22,1,9,Autumn
2025-09-30 23:00:00,18.8,16.763341028317576,-2.0366589716824244,2.0366589716824244,23,1,9,Autumn
2025-10-01 00:00:00,9.6,13.976817638831653,4.376817638831653,4.376817638831653,0,2,10,Autumn
2025-10-01 01:00:00,13.5,14.956229254994199,1.4562292549941986,1.4562292549941986,1,2,10,Autumn
2025-10-01 02:00:00,23.5,21.077519671239287,-2.422480328760713,2.422480328760713,2,2,10,Autumn
2025-10-01 03:00:00,26.6,22.970160095068646,-3.629839904931355,3.629839904931355,3,2,10,Autumn
2025-10-01 04:00:00,16.1,19.368127995665613,3.268127995665612,3.268127995665612,4,2,10,Autumn
2025-10-01 05:00:00,21.6,22.73850503427759,1.138505034277589,1.138505034277589,5,2,10,Autumn
2025-10-01 06:00:00,25.2,26.00012803043238,0.8001280304323792,0.8001280304323792,6,2,10,Autumn
2025-10-01 07:00:00,34.2,30.73764802634261,-3.462351973657391,3.462351973657391,7,2,10,Autumn
2025-10-01 08:00:00,27.0,28.901275413244324,1.9012754132443241,1.9012754132443241,8,2,10,Autumn
2025-10-01 09:00:00,28.7,30.257754872666105,1.5577548726661057,1.5577548726661057,9,2,10,Autumn
2025-10-01 10:00:00,38.1,33.937352980494346,-4.1626470195056555,4.1626470195056555,10,2,10,Autumn
2025-10-01 11:00:00,31.2,30.129462218513936,-1.0705377814860633,1.0705377814860633,11,2,10,Autumn
2025-10-01 12:00:00,35.9,33.5335834714299,-2.366416528570099,2.366416528570099,12,2,10,Autumn
2025-10-01 13:00:00,26.8,29.79244666001129,2.9924466600112893,2.9924466600112893,13,2,10,Autumn
2025-10-01 14:00:00,31.2,30.63461078575093,-0.5653892142490697,0.5653892142490697,14,2,10,Autumn
2025-10-01 15:00:00,24.0,27.91395112645995,3.913951126459949,3.913951126459949,15,2,10,Autumn
2025-10-01 16:00:00,24.8,28.47802343985336,3.6780234398533587,3.6780234398533587,16,2,10,Autumn
2025-10-01 17:00:00,30.4,27.507191393286583,-2.892808606713416,2.892808606713416,17,2,10,Autumn
2025-10-01 18:00:00,24.8,24.520014600433388,-0.2799853995666126,0.2799853995666126,18,2,10,Autumn
2025-10-01 19:00:00,21.7,23.230022907685722,1.5300229076857228,1.5300229076857228,19,2,10,Autumn
2025-10-01 20:00:00,18.0,20.064853933255044,2.064853933255044,2.064853933255044,20,2,10,Autumn
2025-10-01 21:00:00,18.5,18.804169638844627,0.3041696388446269,0.3041696388446269,21,2,10,Autumn
2025-10-01 22:00:00,19.3,16.79431684794386,-2.5056831520561396,2.5056831520561396,22,2,10,Autumn
2025-10-01 23:00:00,21.2,19.010292953319954,-2.189707046680045,2.189707046680045,23,2,10,Autumn
2025-10-02 00:00:00,6.5,12.471768427860983,5.971768427860983,5.971768427860983,0,3,10,Autumn
2025-10-02 01:00:00,13.9,16.59311750053015,2.693117500530148,2.693117500530148,1,3,10,Autumn
2025-10-02 02:00:00,18.7,17.931945453471727,-0.7680545465282727,0.7680545465282727,2,3,10,Autumn
2025-10-02 03:00:00,19.0,20.397064082847443,1.397064082847443,1.397064082847443,3,3,10,Autumn
2025-10-02 04:00:00,22.6,23.15137612501433,0.551376125014329,0.551376125014329,4,3,10,Autumn
2025-10-02 05:00:00,24.0,23.582690119349408,-0.41730988065059194,0.41730988065059194,5,3,10,Autumn
2025-10-02 06:00:00,23.8,24.74684559020047,0.9468455902004678,0.9468455902004678,6,3,10,Autumn
2025-10-02 07:00:00,25.0,26.591513442515513,1.591513442515513,1.591513442515513,7,3,10,Autumn
2025-10-02 08:00:00,28.0,28.743105232205608,0.7431052322056075,0.7431052322056075,8,3,10,Autumn
2025-10-02 09:00:00,35.3,32.55518395906754,-2.744816040932456,2.744816040932456,9,3,10,Autumn
2025-10-02 10:00:00,29.0,32.194561514177835,3.1945615141778347,3.1945615141778347,10,3,10,Autumn
2025-10-02 11:00:00,32.5,32.89525765758948,0.3952576575894824,0.3952576575894824,11,3,10,Autumn
2025-10-02 12:00:00,33.7,33.61079470757776,-0.08920529242224262,0.08920529242224262,12,3,10,Autumn
2025-10-02 13:00:00,39.0,36.32550493571963,-2.6744950642803715,2.6744950642803715,13,3,10,Autumn
2025-10-02 14:00:00,30.7,31.474726673521907,0.7747266735219078,0.7747266735219078,14,3,10,Autumn
2025-10-02 15:00:00,34.5,33.07904655918337,-1.420953440816632,1.420953440816632,15,3,10,Autumn
2025-10-02 16:00:00,33.9,31.533806816241206,-2.366193183758792,2.366193183758792,16,3,10,Autumn
2025-10-02 17:00:00,26.8,28.975405909653105,2.1754059096531044,2.1754059096531044,17,3,10,Autumn
2025-10-02 18:00:00,24.2,26.436392882282608,2.2363928822826082,2.2363928822826082,18,3,10,Autumn
2025-10-02 19:00:00,21.6,22.405853443416543,0.8058534434165416,0.8058534434165416,19,3,10,Autumn
2025-10-02 20:00:00,20.0,22.074960009090987,2.0749600090909865,2.0749600090909865,20,3,10,Autumn
2025-10-02 21:00:00,22.8,20.112416633004596,-2.687583366995405,2.687583366995405,21,3,10,Autumn
2025-10-02 22:00:00,19.0,18.666712609025677,-0.33328739097432347,0.33328739097432347,22,3,10,Autumn
2025-10-02 23:00:00,18.2,17.16798982619002,-1.0320101738099794,1.0320101738099794,23,3,10,Autumn
2025-10-03 00:00:00,12.5,14.607727160623732,2.1077271606237318,2.1077271606237318,0,4,10,Autumn
2025-10-03 01:00:00,13.4,15.817019313509832,2.4170193135098312,2.4170193135098312,1,4,10,Autumn
2025-10-03 02:00:00,26.7,20.97463697151356,-5.725363028486438,5.725363028486438,2,4,10,Autumn
2025-10-03 03:00:00,18.6,20.26252247785467,1.6625224778546688,1.6625224778546688,3,4,10,Autumn
2025-10-03 04:00:00,17.9,20.38338871458075,2.4833887145807516,2.4833887145807516,4,4,10,Autumn
2025-10-03 05:00:00,28.7,25.260523397173234,-3.4394766028267654,3.4394766028267654,5,4,10,Autumn
2025-10-03 06:00:00,26.1,25.64361442997697,-0.4563855700230306,0.4563855700230306,6,4,10,Autumn
2025-10-03 07:00:00,29.4,28.259786611816725,-1.1402133881832732,1.1402133881832732,7,4,10,Autumn
2025-10-03 08:00:00,28.5,29.06511435237107,0.5651143523710687,0.5651143523710687,8,4,10,Autumn
2025-10-03 09:00:00,29.4,29.976400484776104,0.5764004847761051,0.5764004847761051,9,4,10,Autumn
2025-10-03 10:00:00,31.3,30.77656653540799,-0.52343346459201,0.52343346459201,10,4,10,Autumn
2025-10-03 11:00:00,27.2,32.204192509598684,5.004192509598685,5.004192509598685,11,4,10,Autumn
2025-10-03 12:00:00,32.7,33.91159574637621,1.2115957463762044,1.2115957463762044,12,4,10,Autumn
2025-10-03 13:00:00,33.9,33.74313588726947,-0.15686411273053125,0.15686411273053125,13,4,10,Autumn
2025-10-03 14:00:00,39.3,34.62968120667638,-4.6703187933236165,4.6703187933236165,14,4,10,Autumn
2025-10-03 15:00:00,31.0,30.252137596772403,-0.7478624032275967,0.7478624032275967,15,4,10,Autumn
2025-10-03 16:00:00,19.7,27.563743381519256,7.863743381519257,7.863743381519257,16,4,10,Autumn
2025-10-03 17:00:00,26.7,26.305443359399767,-0.3945566406002321,0.3945566406002321,17,4,10,Autumn
2025-10-03 18:00:00,36.0,27.088093316051342,-8.911906683948658,8.911906683948658,18,4,10,Autumn
2025-10-03 19:00:00,26.4,24.910180048583765,-1.4898199514162336,1.4898199514162336,19,4,10,Autumn
2025-10-03 20:00:00,17.8,19.941784886136556,2.1417848861365556,2.1417848861365556,20,4,10,Autumn
2025-10-03 21:00:00,21.7,20.996621636840825,-0.7033783631591746,0.7033783631591746,21,4,10,Autumn
2025-10-03 22:00:00,15.1,16.934657564875252,1.8346575648752523,1.8346575648752523,22,4,10,Autumn
2025-10-03 23:00:00,11.9,14.589746739148778,2.6897467391487773,2.6897467391487773,23,4,10,Autumn
2025-10-04 00:00:00,10.6,11.598204116398438,0.9982041163984388,0.9982041163984388,0,5,10,Autumn
2025-10-04 01:00:00,12.7,12.590126790640154,-0.10987320935984535,0.10987320935984535,1,5,10,Autumn
2025-10-04 02:00:00,5.6,10.00353525034663,4.40353525034663,4.40353525034663,2,5,10,Autumn
2025-10-04 03:00:00,9.8,12.233280099004064,2.4332800990040635,2.4332800990040635,3,5,10,Autumn
2025-10-04 04:00:00,16.1,17.045863132858294,0.9458631328582925,0.9458631328582925,4,5,10,Autumn
2025-10-04 05:00:00,16.3,17.753533232618068,1.4535332326180672,1.4535332326180672,5,5,10,Autumn
2025-10-04 06:00:00,21.6,19.404965266037983,-2.195034733962018,2.195034733962018,6,5,10,Autumn
2025-10-04 07:00:00,17.2,19.455422185888697,2.2554221858886976,2.2554221858886976,7,5,10,Autumn
2025-10-04 08:00:00,26.9,24.98069003774239,-1.919309962257607,1.919309962257607,8,5,10,Autumn
2025-10-04 09:00:00,20.9,21.6963453476922,0.7963453476922027,0.7963453476922027,9,5,10,Autumn
2025-10-04 10:00:00,33.5,30.241345681640126,-3.2586543183598735,3.2586543183598735,10,5,10,Autumn
2025-10-04 11:00:00,20.9,24.247626022890227,3.3476260228902284,3.3476260228902284,11,5,10,Autumn
2025-10-04 12:00:00,23.6,26.482285085853416,2.8822850858534146,2.8822850858534146,12,5,10,Autumn
2025-10-04 13:00:00,29.4,27.377904532075426,-2.022095467924572,2.022095467924572,13,5,10,Autumn
2025-10-04 14:00:00,33.6,30.526102953124237,-3.0738970468757643,3.0738970468757643,14,5,10,Autumn
2025-10-04 15:00:00,26.9,26.843493763011676,-0.05650623698832291,0.05650623698832291,15,5,10,Autumn
2025-10-04 16:00:00,26.3,25.656425279869897,-0.6435747201301041,0.6435747201301041,16,5,10,Autumn
2025-10-04 17:00:00,22.2,20.868669178561735,-1.3313308214382644,1.3313308214382644,17,5,10,Autumn
2025-10-04 18:00:00,15.9,17.906055476181486,2.0060554761814853,2.0060554761814853,18,5,10,Autumn
2025-10-04 19:00:00,16.0,17.534002603136397,1.534002603136397,1.534002603136397,19,5,10,Autumn
2025-10-04 20:00:00,11.2,11.701237564836763,0.5012375648367637,0.5012375648367637,20,5,10,Autumn
2025-10-04 21:00:00,9.2,12.395328409366273,3.195328409366274,3.195328409366274,21,5,10,Autumn
2025-10-04 22:00:00,14.7,12.430420149842961,-2.2695798501570383,2.2695798501570383,22,5,10,Autumn
2025-10-04 23:00:00,7.8,9.722372584023944,1.922372584023944,1.922372584023944,23,5,10,Autumn
2025-10-05 00:00:00,13.3,12.685770621933631,-0.6142293780663692,0.6142293780663692,0,6,10,Autumn
2025-10-05 01:00:00,7.1,9.768535046061164,2.668535046061164,2.668535046061164,1,6,10,Autumn
2025-10-05 02:00:00,14.3,12.92413131942266,-1.3758686805773408,1.3758686805773408,2,6,10,Autumn
2025-10-05 03:00:00,12.4,13.402042380785582,1.002042380785582,1.002042380785582,3,6,10,Autumn
2025-10-05 04:00:00,21.7,17.900316329494945,-3.799683670505054,3.799683670505054,4,6,10,Autumn
2025-10-05 05:00:00,19.3,17.49768101678599,-1.8023189832140112,1.8023189832140112,5,6,10,Autumn
2025-10-05 06:00:00,25.0,20.965346252593726,-4.034653747406274,4.034653747406274,6,6,10,Autumn
2025-10-05 07:00:00,19.1,20.763837486775035,1.6638374867750336,1.6638374867750336,7,6,10,Autumn
2025-10-05 08:00:00,24.3,25.07826671926648,0.7782667192664796,0.7782667192664796,8,6,10,Autumn
2025-10-05 09:00:00,21.8,23.90532782262661,2.1053278226266094,2.1053278226266094,9,6,10,Autumn
2025-10-05 10:00:00,25.3,25.742921210275288,0.4429212102752871,0.4429212102752871,10,6,10,Autumn
2025-10-05 11:00:00,26.7,25.23467965319553,-1.465320346804468,1.465320346804468,11,6,10,Autumn
2025-10-05 12:00:00,25.1,25.84684045989705,0.7468404598970473,0.7468404598970473,12,6,10,Autumn
2025-10-05 13:00:00,22.9,23.975124003868114,1.0751240038681154,1.0751240038681154,13,6,10,Autumn
2025-10-05 14:00:00,21.3,23.244588689442534,1.9445886894425328,1.9445886894425328,14,6,10,Autumn
2025-10-05 15:00:00,16.3,22.423192633951977,6.123192633951977,6.123192633951977,15,6,10,Autumn
2025-10-05 16:00:00,19.8,20.160161931250517,0.36016193125051643,0.36016193125051643,16,6,10,Autumn
2025-10-05 17:00:00,24.6,21.621735205824955,-2.978264794175047,2.978264794175047,17,6,10,Autumn
2025-10-05 18:00:00,13.6,16.71632833622029,3.11632833622029,3.11632833622029,18,6,10,Autumn
2025-10-05 19:00:00,12.5,15.24195558277831,2.74195558277831,2.74195558277831,19,6,10,Autumn
2025-10-05 20:00:00,23.2,19.375797141922526,-3.8242028580774736,3.8242028580774736,20,6,10,Autumn
2025-10-05 21:00:00,11.8,12.602859203930937,0.8028592039309359,0.8028592039309359,21,6,10,Autumn
2025-10-05 22:00:00,14.4,13.67261903651846,-0.72738096348154,0.72738096348154,22,6,10,Autumn
2025-10-05 23:00:00,14.9,13.79742652483157,-1.1025734751684304,1.1025734751684304,23,6,10,Autumn
2025-10-06 00:00:00,19.7,16.289458344674674,-3.410541655325325,3.410541655325325,0,0,10,Autumn
2025-10-06 01:00:00,11.2,14.175204926068075,2.9752049260680753,2.9752049260680753,1,0,10,Autumn
2025-10-06 02:00:00,17.2,17.6951644634178,0.49516446341780096,0.49516446341780096,2,0,10,Autumn
2025-10-06 03:00:00,12.9,17.233904622262347,4.333904622262347,4.333904622262347,3,0,10,Autumn
2025-10-06 04:00:00,30.8,27.66089504607828,-3.13910495392172,3.13910495392172,4,0,10,Autumn
2025-10-06 05:00:00,16.6,20.062044006890545,3.462044006890544,3.462044006890544,5,0,10,Autumn
2025-10-06 06:00:00,20.8,22.86873269150997,2.068732691509968,2.068732691509968,6,0,10,Autumn
2025-10-06 07:00:00,22.9,23.090191326003485,0.19019132600348598,0.19019132600348598,7,0,10,Autumn
2025-10-06 08:00:00,23.1,25.355573929386054,2.2555739293860526,2.2555739293860526,8,0,10,Autumn
2025-10-06 09:00:00,36.1,33.06080572429095,-3.0391942757090504,3.0391942757090504,9,0,10,Autumn
2025-10-06 10:00:00,41.7,37.0281230168521,-4.671876983147904,4.671876983147904,10,0,10,Autumn
2025-10-06 11:00:00,30.9,32.60734088907758,1.707340889077578,1.707340889077578,11,0,10,Autumn
2025-10-06 12:00:00,27.8,29.328934183735992,1.5289341837359913,1.5289341837359913,12,0,10,Autumn
2025-10-06 13:00:00,23.8,27.192896585356777,3.3928965853567767,3.3928965853567767,13,0,10,Autumn
2025-10-06 14:00:00,31.0,30.421714683045707,-0.5782853169542932,0.5782853169542932,14,0,10,Autumn
2025-10-06 15:00:00,29.4,29.606799338468864,0.20679933846886556,0.20679933846886556,15,0,10,Autumn
2025-10-06 16:00:00,26.4,27.641004555761683,1.241004555761684,1.241004555761684,16,0,10,Autumn
2025-10-06 17:00:00,28.0,26.748937946683508,-1.2510620533164918,1.2510620533164918,17,0,10,Autumn
2025-10-06 18:00:00,26.6,26.170201387741116,-0.42979861225888527,0.42979861225888527,18,0,10,Autumn
2025-10-06 19:00:00,24.3,23.924083247767957,-0.3759167522320439,0.3759167522320439,19,0,10,Autumn
2025-10-06 20:00:00,19.8,21.208998764982493,1.408998764982492,1.408998764982492,20,0,10,Autumn
2025-10-06 21:00:00,15.0,18.65416653942602,3.6541665394260185,3.6541665394260185,21,0,10,Autumn
2025-10-06 22:00:00,20.8,20.107636074529726,-0.6923639254702749,0.6923639254702749,22,0,10,Autumn
2025-10-06 23:00:00,17.4,18.16058182098794,0.7605818209879409,0.7605818209879409,23,0,10,Autumn
2025-10-07 00:00:00,20.6,18.736843410566895,-1.8631565894331068,1.8631565894331068,0,1,10,Autumn
2025-10-07 01:00:00,20.5,16.7615592107495,-3.7384407892505003,3.7384407892505003,1,1,10,Autumn
2025-10-07 02:00:00,12.4,15.732194926727034,3.332194926727034,3.332194926727034,2,1,10,Autumn
2025-10-07 03:00:00,13.7,18.26758451406411,4.567584514064112,4.567584514064112,3,1,10,Autumn
2025-10-07 04:00:00,18.0,20.301590374507626,2.301590374507626,2.301590374507626,4,1,10,Autumn
2025-10-07 05:00:00,18.8,20.419377790966937,1.6193777909669365,1.6193777909669365,5,1,10,Autumn
2025-10-07 06:00:00,28.1,24.931478754568538,-3.1685212454314637,3.1685212454314637,6,1,10,Autumn
2025-10-07 07:00:00,28.5,28.040552708639456,-0.45944729136054363,0.45944729136054363,7,1,10,Autumn
2025-10-07 08:00:00,33.5,31.84951101857701,-1.6504889814229884,1.6504889814229884,8,1,10,Autumn
2025-10-07 09:00:00,32.3,32.65504921934678,0.3550492193467818,0.3550492193467818,9,1,10,Autumn
2025-10-07 10:00:00,32.8,33.0590061326976,0.25900613269759987,0.25900613269759987,10,1,10,Autumn
2025-10-07 11:00:00,37.6,36.34591632966145,-1.2540836703385523,1.2540836703385523,11,1,10,Autumn
2025-10-07 12:00:00,34.9,34.91854251855169,0.018542518551690534,0.018542518551690534,12,1,10,Autumn
2025-10-07 13:00:00,33.1,33.91067279203612,0.8106727920361152,0.8106727920361152,13,1,10,Autumn
2025-10-07 14:00:00,37.9,33.93003843677998,-3.969961563220018,3.969961563220018,14,1,10,Autumn
2025-10-07 15:00:00,31.2,31.244233685362744,0.044233685362744524,0.044233685362744524,15,1,10,Autumn
2025-10-07 16:00:00,27.8,29.176445061745166,1.3764450617451658,1.3764450617451658,16,1,10,Autumn
2025-10-07 17:00:00,23.8,26.029103816863895,2.229103816863894,2.229103816863894,17,1,10,Autumn
2025-10-07 18:00:00,27.9,26.690431346267154,-1.2095686537328447,1.2095686537328447,18,1,10,Autumn
2025-10-07 19:00:00,27.9,25.15572829430046,-2.744271705699539,2.744271705699539,19,1,10,Autumn
2025-10-07 20:00:00,20.9,22.089526883260827,1.1895268832608288,1.1895268832608288,20,1,10,Autumn
2025-10-07 21:00:00,24.6,21.024522698632456,-3.5754773013675454,3.5754773013675454,21,1,10,Autumn
2025-10-07 22:00:00,10.2,16.211221863699528,6.011221863699529,6.011221863699529,22,1,10,Autumn
2025-10-07 23:00:00,17.1,17.95210516945566,0.8521051694556583,0.8521051694556583,23,1,10,Autumn
2025-10-08 00:00:00,16.9,17.133639120929615,0.2336391209296167,0.2336391209296167,0,2,10,Autumn
2025-10-08 01:00:00,14.4,15.101922336875711,0.701922336875711,0.701922336875711,1,2,10,Autumn
2025-10-08 02:00:00,27.7,22.796523514238846,-4.9034764857611535,4.9034764857611535,2,2,10,Autumn
2025-10-08 03:00:00,19.2,19.873640305815336,0.6736403058153364,0.6736403058153364,3,2,10,Autumn
2025-10-08 04:00:00,19.4,19.3284067538529,-0.07159324614709917,0.07159324614709917,4,2,10,Autumn
2025-10-08 05:00:00,23.1,23.382652538175886,0.28265253817588487,0.28265253817588487,5,2,10,Autumn
2025-10-08 06:00:00,17.1,22.304928275379673,5.204928275379672,5.204928275379672,6,2,10,Autumn
2025-10-08 07:00:00,24.1,25.07784227603539,0.9778422760353891,0.9778422760353891,7,2,10,Autumn
2025-10-08 08:00:00,33.0,29.367230195596317,-3.632769804403683,3.632769804403683,8,2,10,Autumn
2025-10-08 09:00:00,28.2,28.654157817266647,0.4541578172666476,0.4541578172666476,9,2,10,Autumn
2025-10-08 10:00:00,28.7,29.830873579688554,1.1308735796885543,1.1308735796885543,10,2,10,Autumn
2025-10-08 11:00:00,38.0,35.895691158060835,-2.104308841939165,2.104308841939165,11,2,10,Autumn
2025-10-08 12:00:00,38.4,34.509189924978145,-3.8908100750218537,3.8908100750218537,12,2,10,Autumn
2025-10-08 13:00:00,34.9,33.99028758201289,-0.9097124179871088,0.9097124179871088,13,2,10,Autumn
2025-10-08 14:00:00,30.2,31.926345656654785,1.726345656654786,1.726345656654786,14,2,10,Autumn
2025-10-08 15:00:00,29.8,31.18110616518502,1.3811061651850203,1.3811061651850203,15,2,10,Autumn
2025-10-08 16:00:00,25.9,27.053860178624753,1.153860178624754,1.153860178624754,16,2,10,Autumn
2025-10-08 17:00:00,23.2,24.909178484453335,1.7091784844533358,1.7091784844533358,17,2,10,Autumn
2025-10-08 18:00:00,20.9,22.99986131894238,2.0998613189423807,2.0998613189423807,18,2,10,Autumn
2025-10-08 19:00:00,20.5,22.63629022417007,2.1362902241700716,2.1362902241700716,19,2,10,Autumn
2025-10-08 20:00:00,16.9,19.733003639688622,2.8330036396886236,2.8330036396886236,20,2,10,Autumn
2025-10-08 21:00:00,13.2,17.6107994315038,4.410799431503801,4.410799431503801,21,2,10,Autumn
2025-10-08 22:00:00,19.0,18.978421377935366,-0.021578622064634345,0.021578622064634345,22,2,10,Autumn
2025-10-08 23:00:00,18.3,19.493435713813465,1.1934357138134644,1.1934357138134644,23,2,10,Autumn
2025-10-09 00:00:00,23.9,19.766832761513076,-4.133167238486923,4.133167238486923,0,3,10,Autumn
2025-10-09 01:00:00,14.7,16.894989031809672,2.1949890318096728,2.1949890318096728,1,3,10,Autumn
2025-10-09 02:00:00,19.4,18.525325409641162,-0.8746745903588362,0.8746745903588362,2,3,10,Autumn
2025-10-09 03:00:00,20.7,20.415324150259746,-0.2846758497402533,0.2846758497402533,3,3,10,Autumn
2025-10-09 04:00:00,20.1,21.960485261463457,1.860485261463456,1.860485261463456,4,3,10,Autumn
2025-10-09 05:00:00,26.0,23.902321018810472,-2.097678981189528,2.097678981189528,5,3,10,Autumn
2025-10-09 06:00:00,28.2,25.098913078615603,-3.101086921384397,3.101086921384397,6,3,10,Autumn
2025-10-09 07:00:00,28.5,27.820301667115668,-0.6796983328843318,0.6796983328843318,7,3,10,Autumn
2025-10-09 08:00:00,28.1,30.032045318901847,1.9320453189018458,1.9320453189018458,8,3,10,Autumn
2025-10-09 09:00:00,29.3,31.04018800678209,1.7401880067820876,1.7401880067820876,9,3,10,Autumn
2025-10-09 10:00:00,26.6,30.344768100648945,3.744768100648944,3.744768100648944,10,3,10,Autumn
2025-10-09 11:00:00,29.6,30.321412643025354,0.7214126430253529,0.7214126430253529,11,3,10,Autumn
2025-10-09 12:00:00,30.6,33.05640050815276,2.456400508152761,2.456400508152761,12,3,10,Autumn
2025-10-09 13:00:00,28.3,31.17063893156294,2.87063893156294,2.87063893156294,13,3,10,Autumn
2025-10-09 14:00:00,33.8,32.692505302300646,-1.1074946976993516,1.1074946976993516,14,3,10,Autumn
2025-10-09 15:00:00,35.5,33.08771097505703,-2.4122890249429716,2.4122890249429716,15,3,10,Autumn
2025-10-09 16:00:00,25.5,27.76247685480921,2.2624768548092113,2.2624768548092113,16,3,10,Autumn
2025-10-09 17:00:00,28.3,28.187463448972643,-0.11253655102735749,0.11253655102735749,17,3,10,Autumn
2025-10-09 18:00:00,21.0,22.721109937264224,1.7211099372642238,1.7211099372642238,18,3,10,Autumn
2025-10-09 19:00:00,21.8,22.178357339665748,0.37835733966574736,0.37835733966574736,19,3,10,Autumn
2025-10-09 20:00:00,18.3,20.781927777823398,2.4819277778233975,2.4819277778233975,20,3,10,Autumn
2025-10-09 21:00:00,21.9,19.666461874720355,-2.233538125279644,2.233538125279644,21,3,10,Autumn
2025-10-09 22:00:00,15.5,16.841886935307414,1.3418869353074143,1.3418869353074143,22,3,10,Autumn
2025-10-09 23:00:00,21.4,20.774017253589903,-0.6259827464100951,0.6259827464100951,23,3,10,Autumn
2025-10-10 00:00:00,16.1,17.213592691819386,1.1135926918193846,1.1135926918193846,0,4,10,Autumn
2025-10-10 01:00:00,14.8,15.81412163908143,1.014121639081429,1.014121639081429,1,4,10,Autumn
2025-10-10 02:00:00,13.2,16.302874388115388,3.1028743881153886,3.1028743881153886,2,4,10,Autumn
2025-10-10 03:00:00,20.5,20.463374954639217,-0.03662504536078259,0.03662504536078259,3,4,10,Autumn
2025-10-10 04:00:00,24.7,22.62715646675232,-2.072843533247678,2.072843533247678,4,4,10,Autumn
2025-10-10 05:00:00,24.1,24.107230960890508,0.007230960890506566,0.007230960890506566,5,4,10,Autumn
2025-10-10 06:00:00,34.1,31.29932329717817,-2.800676702821832,2.800676702821832,6,4,10,Autumn
2025-10-10 07:00:00,32.9,30.24619107837556,-2.6538089216244387,2.6538089216244387,7,4,10,Autumn
2025-10-10 08:00:00,27.9,30.139419166862734,2.239419166862735,2.239419166862735,8,4,10,Autumn
2025-10-10 09:00:00,29.5,30.854475300897516,1.3544753008975157,1.3544753008975157,9,4,10,Autumn
2025-10-10 10:00:00,33.9,33.98572264712553,0.0857226471255288,0.0857226471255288,10,4,10,Autumn
2025-10-10 11:00:00,29.5,32.62152635660319,3.1215263566031908,3.1215263566031908,11,4,10,Autumn
2025-10-10 12:00:00,37.8,35.271180408518305,-2.5288195914816924,2.5288195914816924,12,4,10,Autumn
2025-10-10 13:00:00,34.3,33.57699413373511,-0.7230058662648844,0.7230058662648844,13,4,10,Autumn
2025-10-10 14:00:00,33.1,31.837621391943056,-1.2623786080569452,1.2623786080569452,14,4,10,Autumn
2025-10-10 15:00:00,33.5,33.13186607377013,-0.3681339262298735,0.3681339262298735,15,4,10,Autumn
2025-10-10 16:00:00,36.0,32.21692254858194,-3.783077451418059,3.783077451418059,16,4,10,Autumn
2025-10-10 17:00:00,27.9,26.614975693039725,-1.285024306960274,1.285024306960274,17,4,10,Autumn
2025-10-10 18:00:00,24.7,26.277303781967667,1.577303781967668,1.577303781967668,18,4,10,Autumn
2025-10-10 19:00:00,29.1,24.930462433834087,-4.169537566165914,4.169537566165914,19,4,10,Autumn
2025-10-10 20:00:00,25.0,22.009575055491023,-2.990424944508977,2.990424944508977,20,4,10,Autumn
2025-10-10 21:00:00,18.2,20.52292330613942,2.322923306139419,2.322923306139419,21,4,10,Autumn
2025-10-10 22:00:00,18.2,17.467833589661875,-0.7321664103381238,0.7321664103381238,22,4,10,Autumn
2025-10-10 23:00:00,18.2,17.139160310335775,-1.060839689664224,1.060839689664224,23,4,10,Autumn
2025-10-11 00:00:00,13.6,12.169954806069185,-1.4300451939308143,1.4300451939308143,0,5,10,Autumn
2025-10-11 01:00:00,7.0,9.768430239433387,2.7684302394333873,2.7684302394333873,1,5,10,Autumn
2025-10-11 02:00:00,7.1,10.753668992799016,3.653668992799016,3.653668992799016,2,5,10,Autumn
2025-10-11 03:00:00,10.9,12.435251657080775,1.5352516570807744,1.5352516570807744,3,5,10,Autumn
2025-10-11 04:00:00,12.3,15.27305041920079,2.9730504192007885,2.9730504192007885,4,5,10,Autumn
2025-10-11 05:00:00,15.5,16.154139713318177,0.6541397133181768,0.6541397133181768,5,5,10,Autumn
2025-10-11 06:00:00,22.7,21.29321687098259,-1.406783129017409,1.406783129017409,6,5,10,Autumn
2025-10-11 07:00:00,21.6,20.809516664063764,-0.7904833359362371,0.7904833359362371,7,5,10,Autumn
2025-10-11 08:00:00,24.9,23.38224141006709,-1.5177585899329102,1.5177585899329102,8,5,10,Autumn
2025-10-11 09:00:00,20.9,22.8578088698638,1.9578088698638005,1.9578088698638005,9,5,10,Autumn
2025-10-11 10:00:00,25.2,26.033318701348072,0.8333187013480732,0.8333187013480732,10,5,10,Autumn
2025-10-11 11:00:00,30.2,27.92903437231846,-2.270965627681541,2.270965627681541,11,5,10,Autumn
2025-10-11 12:00:00,30.5,29.47650589775643,-1.0234941022435713,1.0234941022435713,12,5,10,Autumn
2025-10-11 13:00:00,25.0,28.05143143795089,3.051431437950889,3.051431437950889,13,5,10,Autumn
2025-10-11 14:00:00,27.7,27.81807873104035,0.11807873104035238,0.11807873104035238,14,5,10,Autumn
2025-10-11 15:00:00,34.6,29.95650297177858,-4.643497028221422,4.643497028221422,15,5,10,Autumn
2025-10-11 16:00:00,24.1,25.067814782605755,0.9678147826057533,0.9678147826057533,16,5,10,Autumn
2025-10-11 17:00:00,19.5,21.456045563607795,1.9560455636077947,1.9560455636077947,17,5,10,Autumn
2025-10-11 18:00:00,19.5,18.728797741461015,-0.7712022585389846,0.7712022585389846,18,5,10,Autumn
2025-10-11 19:00:00,18.5,17.359962895511163,-1.1400371044888367,1.1400371044888367,19,5,10,Autumn
2025-10-11 20:00:00,15.6,14.881859581005031,-0.7181404189949685,0.7181404189949685,20,5,10,Autumn
2025-10-11 21:00:00,14.4,13.737221153473985,-0.6627788465260149,0.6627788465260149,21,5,10,Autumn
2025-10-11 22:00:00,7.5,10.486229948275719,2.986229948275719,2.986229948275719,22,5,10,Autumn
2025-10-11 23:00:00,8.6,11.337521615004617,2.737521615004617,2.737521615004617,23,5,10,Autumn
2025-10-12 00:00:00,11.6,12.393753004225477,0.7937530042254775,0.7937530042254775,0,6,10,Autumn
2025-10-12 01:00:00,11.8,11.499754686497706,-0.30024531350229466,0.30024531350229466,1,6,10,Autumn
2025-10-12 02:00:00,11.0,10.792119498045235,-0.20788050195476515,0.20788050195476515,2,6,10,Autumn
2025-10-12 03:00:00,13.8,13.543230383811913,-0.25676961618808747,0.25676961618808747,3,6,10,Autumn
2025-10-12 04:00:00,16.4,16.527918977498054,0.12791897749805514,0.12791897749805514,4,6,10,Autumn
2025-10-12 05:00:00,21.7,19.483997320687397,-2.216002679312602,2.216002679312602,5,6,10,Autumn
2025-10-12 06:00:00,19.8,20.240744963901168,0.44074496390116735,0.44074496390116735,6,6,10,Autumn
2025-10-12 07:00:00,23.9,22.560535596674733,-1.339464403325266,1.339464403325266,7,6,10,Autumn
2025-10-12 08:00:00,22.0,22.989521303893586,0.9895213038935857,0.9895213038935857,8,6,10,Autumn
2025-10-12 09:00:00,28.1,26.410031632187106,-1.6899683678128952,1.6899683678128952,9,6,10,Autumn
2025-10-12 10:00:00,28.6,27.76377128666073,-0.8362287133392705,0.8362287133392705,10,6,10,Autumn
2025-10-12 11:00:00,31.4,30.473986630443825,-0.9260133695561734,0.9260133695561734,11,6,10,Autumn
2025-10-12 12:00:00,31.0,29.779288601409142,-1.2207113985908578,1.2207113985908578,12,6,10,Autumn
2025-10-12 13:00:00,30.3,28.734964973929127,-1.5650350260708734,1.5650350260708734,13,6,10,Autumn
2025-10-12 14:00:00,26.7,27.139084018479554,0.439084018479555,0.439084018479555,14,6,10,Autumn
2025-10-12 15:00:00,26.8,27.509888052674864,0.709888052674863,0.709888052674863,15,6,10,Autumn
2025-10-12 16:00:00,28.4,27.34331875790697,-1.0566812420930276,1.0566812420930276,16,6,10,Autumn
2025-10-12 17:00:00,19.6,21.39848055220773,1.798480552207728,1.798480552207728,17,6,10,Autumn
2025-10-12 18:00:00,17.7,17.18007949496135,-0.5199205050386482,0.5199205050386482,18,6,10,Autumn
2025-10-12 19:00:00,18.8,17.6154103615181,-1.1845896384818992,1.1845896384818992,19,6,10,Autumn
2025-10-12 20:00:00,17.8,17.84824742156968,0.048247421569680427,0.048247421569680427,20,6,10,Autumn
2025-10-12 21:00:00,11.2,12.152412469497852,0.9524124694978529,0.9524124694978529,21,6,10,Autumn
2025-10-12 22:00:00,13.0,12.072958968718238,-0.9270410312817621,0.9270410312817621,22,6,10,Autumn
2025-10-12 23:00:00,12.1,12.49348268630219,0.39348268630219074,0.39348268630219074,23,6,10,Autumn
2025-10-13 00:00:00,8.4,13.052219490400706,4.6522194904007055,4.6522194904007055,0,0,10,Autumn
2025-10-13 01:00:00,16.6,16.67889619823788,0.07889619823787797,0.07889619823787797,1,0,10,Autumn
2025-10-13 02:00:00,17.7,17.279562263245413,-0.42043773675458596,0.42043773675458596,2,0,10,Autumn
2025-10-13 03:00:00,18.9,18.290895611163247,-0.6091043888367516,0.6091043888367516,3,0,10,Autumn
2025-10-13 04:00:00,26.9,23.862482072275093,-3.037517927724906,3.037517927724906,4,0,10,Autumn
2025-10-13 05:00:00,18.3,21.00903047431284,2.70903047431284,2.70903047431284,5,0,10,Autumn
2025-10-13 06:00:00,21.9,21.733101472497623,-0.16689852750237577,0.16689852750237577,6,0,10,Autumn
2025-10-13 07:00:00,16.8,20.990428672773533,4.190428672773532,4.190428672773532,7,0,10,Autumn
2025-10-13 08:00:00,27.3,27.015647164358857,-0.284352835641144,0.284352835641144,8,0,10,Autumn
2025-10-13 09:00:00,29.3,30.261560082340353,0.9615600823403518,0.9615600823403518,9,0,10,Autumn
2025-10-13 10:00:00,30.1,31.52989864549104,1.4298986454910398,1.4298986454910398,10,0,10,Autumn
2025-10-13 11:00:00,37.4,35.3252170585048,-2.074782941495201,2.074782941495201,11,0,10,Autumn
2025-10-13 12:00:00,36.7,33.92101591957552,-2.778984080424486,2.778984080424486,12,0,10,Autumn
2025-10-13 13:00:00,33.3,33.680539313278146,0.38053931327814894,0.38053931327814894,13,0,10,Autumn
2025-10-13 14:00:00,30.7,31.307529558202006,0.6075295582020068,0.6075295582020068,14,0,10,Autumn
2025-10-13 15:00:00,35.0,34.092884211143044,-0.9071157888569559,0.9071157888569559,15,0,10,Autumn
2025-10-13 16:00:00,29.1,29.5108707886129,0.41087078861289683,0.41087078861289683,16,0,10,Autumn
2025-10-13 17:00:00,24.0,25.047035860957443,1.0470358609574433,1.0470358609574433,17,0,10,Autumn
2025-10-13 18:00:00,18.4,22.571749441670775,4.1717494416707765,4.1717494416707765,18,0,10,Autumn
2025-10-13 19:00:00,21.4,21.767951172357424,0.3679511723574258,0.3679511723574258,19,0,10,Autumn
2025-10-13 20:00:00,24.2,22.655903153771675,-1.5440968462283244,1.5440968462283244,20,0,10,Autumn
2025-10-13 21:00:00,28.7,23.437028218380334,-5.262971781619665,5.262971781619665,21,0,10,Autumn
2025-10-13 22:00:00,18.5,19.540810485133296,1.0408104851332958,1.0408104851332958,22,0,10,Autumn
2025-10-13 23:00:00,14.4,15.318205043103289,0.9182050431032884,0.9182050431032884,23,0,10,Autumn
2025-10-14 00:00:00,12.5,14.862158436840415,2.3621584368404154,2.3621584368404154,0,1,10,Autumn
2025-10-14 01:00:00,19.7,18.06527751905091,-1.6347224809490903,1.6347224809490903,1,1,10,Autumn
2025-10-14 02:00:00,11.3,14.553346755343208,3.253346755343207,3.253346755343207,2,1,10,Autumn
2025-10-14 03:00:00,21.8,19.75267897292761,-2.047321027072389,2.047321027072389,3,1,10,Autumn
2025-10-14 04:00:00,24.5,23.569614132395575,-0.930385867604425,0.930385867604425,4,1,10,Autumn
2025-10-14 05:00:00,24.9,25.430215125814012,0.5302151258140135,0.5302151258140135,5,1,10,Autumn
2025-10-14 06:00:00,24.4,26.538938292911187,2.138938292911188,2.138938292911188,6,1,10,Autumn
2025-10-14 07:00:00,29.6,27.95077234826505,-1.6492276517349502,1.6492276517349502,7,1,10,Autumn
2025-10-14 08:00:00,29.9,29.242755824131194,-0.6572441758688043,0.6572441758688043,8,1,10,Autumn
2025-10-14 09:00:00,27.8,29.931883728863077,2.1318837288630768,2.1318837288630768,9,1,10,Autumn
2025-10-14 10:00:00,39.6,35.954748578011284,-3.6452514219887178,3.6452514219887178,10,1,10,Autumn
2025-10-14 11:00:00,31.6,33.328700940480076,1.7287009404800742,1.7287009404800742,11,1,10,Autumn
2025-10-14 12:00:00,36.4,34.27946116094896,-2.1205388390510365,2.1205388390510365,12,1,10,Autumn
2025-10-14 13:00:00,23.3,27.638117624632272,4.338117624632272,4.338117624632272,13,1,10,Autumn
2025-10-14 14:00:00,37.3,34.90663139469696,-2.3933686053030385,2.3933686053030385,14,1,10,Autumn
2025-10-14 15:00:00,36.8,33.69561295635926,-3.1043870436407346,3.1043870436407346,15,1,10,Autumn
2025-10-14 16:00:00,29.4,29.28489252591504,-0.11510747408495803,0.11510747408495803,16,1,10,Autumn
2025-10-14 17:00:00,29.6,28.34726988894582,-1.2527301110541806,1.2527301110541806,17,1,10,Autumn
2025-10-14 18:00:00,27.5,26.631449131007603,-0.8685508689923971,0.8685508689923971,18,1,10,Autumn
2025-10-14 19:00:00,20.6,22.262939842284304,1.6629398422843025,1.6629398422843025,19,1,10,Autumn
2025-10-14 20:00:00,23.4,21.309493774085226,-2.0905062259147726,2.0905062259147726,20,1,10,Autumn
2025-10-14 21:00:00,16.4,18.216538438121095,1.8165384381210963,1.8165384381210963,21,1,10,Autumn
2025-10-14 22:00:00,15.9,16.311126189143216,0.4111261891432161,0.4111261891432161,22,1,10,Autumn
2025-10-14 23:00:00,22.0,18.654307980541827,-3.3456920194581734,3.3456920194581734,23,1,10,Autumn
2025-10-15 00:00:00,21.2,18.082013034785746,-3.1179869652142536,3.1179869652142536,0,2,10,Autumn
2025-10-15 01:00:00,14.7,15.000654788757611,0.30065478875761187,0.30065478875761187,1,2,10,Autumn
2025-10-15 02:00:00,15.4,16.55158406234868,1.1515840623486806,1.1515840623486806,2,2,10,Autumn
2025-10-15 03:00:00,17.1,17.915522183526058,0.8155221835260562,0.8155221835260562,3,2,10,Autumn
2025-10-15 04:00:00,24.2,22.610265713557936,-1.589734286442063,1.589734286442063,4,2,10,Autumn
2025-10-15 05:00:00,19.2,21.776742465157565,2.576742465157565,2.576742465157565,5,2,10,Autumn
2025-10-15 06:00:00,26.7,23.70940142546669,-2.9905985745333084,2.9905985745333084,6,2,10,Autumn
2025-10-15 07:00:00,30.4,28.60703389245702,-1.792966107542977,1.792966107542977,7,2,10,Autumn
2025-10-15 08:00:00,28.9,28.603844839797144,-0.29615516020285426,0.29615516020285426,8,2,10,Autumn
2025-10-15 09:00:00,35.0,33.0095972294576,-1.9904027705424028,1.9904027705424028,9,2,10,Autumn
2025-10-15 10:00:00,31.0,32.22349761768766,1.2234976176876629,1.2234976176876629,10,2,10,Autumn
2025-10-15 11:00:00,32.2,32.7330177770898,0.5330177770897961,0.5330177770897961,11,2,10,Autumn
2025-10-15 12:00:00,29.4,32.30322548825024,2.903225488250243,2.903225488250243,12,2,10,Autumn
2025-10-15 13:00:00,37.1,35.41210934081513,-1.6878906591848732,1.6878906591848732,13,2,10,Autumn
2025-10-15 14:00:00,29.2,32.28599971336984,3.0859997133698407,3.0859997133698407,14,2,10,Autumn
2025-10-15 15:00:00,32.4,31.971137939183496,-0.4288620608165026,0.4288620608165026,15,2,10,Autumn
2025-10-15 16:00:00,29.0,28.78754406760078,-0.21245593239921945,0.21245593239921945,16,2,10,Autumn
2025-10-15 17:00:00,23.2,25.533931432818004,2.333931432818005,2.333931432818005,17,2,10,Autumn
2025-10-15 18:00:00,22.9,24.149826779035692,1.2498267790356934,1.2498267790356934,18,2,10,Autumn
2025-10-15 19:00:00,28.8,24.376601455017706,-4.423398544982295,4.423398544982295,19,2,10,Autumn
2025-10-15 20:00:00,22.1,20.765681019369566,-1.3343189806304352,1.3343189806304352,20,2,10,Autumn
2025-10-15 21:00:00,15.6,18.979842120522708,3.3798421205227083,3.3798421205227083,21,2,10,Autumn
2025-10-15 22:00:00,19.6,19.21862165174663,-0.3813783482533708,0.3813783482533708,22,2,10,Autumn
2025-10-15 23:00:00,17.0,17.662145816582424,0.6621458165824237,0.6621458165824237,23,2,10,Autumn
2025-10-16 00:00:00,31.2,22.35286410873015,-8.84713589126985,8.84713589126985,0,3,10,Autumn
2025-10-16 01:00:00,18.8,18.78950480996281,-0.010495190037190127,0.010495190037190127,1,3,10,Autumn
2025-10-16 02:00:00,16.9,17.02633975190557,0.12633975190557223,0.12633975190557223,2,3,10,Autumn
2025-10-16 03:00:00,25.4,22.206561217885163,-3.1934387821148356,3.1934387821148356,3,3,10,Autumn
2025-10-16 04:00:00,14.0,19.544315894010865,5.5443158940108646,5.5443158940108646,4,3,10,Autumn
2025-10-16 05:00:00,23.6,23.23669238506718,-0.3633076149328218,0.3633076149328218,5,3,10,Autumn
2025-10-16 06:00:00,33.3,27.784636970002232,-5.515363029997765,5.515363029997765,6,3,10,Autumn
2025-10-16 07:00:00,26.9,26.264942232532718,-0.6350577674672806,0.6350577674672806,7,3,10,Autumn
2025-10-16 08:00:00,22.4,26.9149968958198,4.514996895819802,4.514996895819802,8,3,10,Autumn
2025-10-16 09:00:00,29.4,29.631161407817856,0.23116140781785788,0.23116140781785788,9,3,10,Autumn
2025-10-16 10:00:00,38.1,34.892344237622524,-3.2076557623774775,3.2076557623774775,10,3,10,Autumn
2025-10-16 11:00:00,34.6,33.84149151067893,-0.7585084893210734,0.7585084893210734,11,3,10,Autumn
2025-10-16 12:00:00,30.0,31.228756966935002,1.228756966935002,1.228756966935002,12,3,10,Autumn
2025-10-16 13:00:00,30.3,30.438904796275366,0.13890479627536578,0.13890479627536578,13,3,10,Autumn
2025-10-16 14:00:00,30.0,30.942207423591682,0.9422074235916824,0.9422074235916824,14,3,10,Autumn
2025-10-16 15:00:00,32.4,31.56515800018267,-0.8348419998173284,0.8348419998173284,15,3,10,Autumn
2025-10-16 16:00:00,34.7,29.728774713605482,-4.971225286394521,4.971225286394521,16,3,10,Autumn
2025-10-16 17:00:00,31.6,28.94613677875492,-2.653863221245082,2.653863221245082,17,3,10,Autumn
2025-10-16 18:00:00,27.2,25.647221435180906,-1.5527785648190928,1.5527785648190928,18,3,10,Autumn
2025-10-16 19:00:00,17.9,22.14672922596994,4.24672922596994,4.24672922596994,19,3,10,Autumn
2025-10-16 20:00:00,16.0,17.723472060698846,1.723472060698846,1.723472060698846,20,3,10,Autumn
2025-10-16 21:00:00,21.8,20.686077697427102,-1.1139223025728988,1.1139223025728988,21,3,10,Autumn
2025-10-16 22:00:00,13.0,15.605886021379236,2.605886021379236,2.605886021379236,22,3,10,Autumn
2025-10-16 23:00:00,16.7,17.39291502709881,0.6929150270988096,0.6929150270988096,23,3,10,Autumn
2025-10-17 00:00:00,18.6,16.996162152405702,-1.6038378475942991,1.6038378475942991,0,4,10,Autumn
2025-10-17 01:00:00,13.1,14.358832780071953,1.2588327800719536,1.2588327800719536,1,4,10,Autumn
2025-10-17 02:00:00,14.4,16.72034568737711,2.3203456873771113,2.3203456873771113,2,4,10,Autumn
2025-10-17 03:00:00,19.4,20.212047691747134,0.8120476917471358,0.8120476917471358,3,4,10,Autumn
2025-10-17 04:00:00,23.4,23.089874579350685,-0.3101254206493138,0.3101254206493138,4,4,10,Autumn
2025-10-17 05:00:00,27.6,24.653497054178956,-2.946502945821045,2.946502945821045,5,4,10,Autumn
2025-10-17 06:00:00,27.8,27.3335214045622,-0.466478595437799,0.466478595437799,6,4,10,Autumn
2025-10-17 07:00:00,27.8,27.940042909395093,0.1400429093950919,0.1400429093950919,7,4,10,Autumn
2025-10-17 08:00:00,26.4,27.999970740364187,1.5999707403641885,1.5999707403641885,8,4,10,Autumn
2025-10-17 09:00:00,26.8,29.11527384072077,2.3152738407207707,2.3152738407207707,9,4,10,Autumn
2025-10-17 10:00:00,30.3,31.554335129985223,1.254335129985222,1.254335129985222,10,4,10,Autumn
2025-10-17 11:00:00,34.8,32.76171313501336,-2.038286864986638,2.038286864986638,11,4,10,Autumn
2025-10-17 12:00:00,34.7,33.41499086936175,-1.285009130638251,1.285009130638251,12,4,10,Autumn
2025-10-17 13:00:00,24.7,30.226315024409097,5.526315024409097,5.526315024409097,13,4,10,Autumn
2025-10-17 14:00:00,29.2,30.45350044949977,1.2535004494997715,1.2535004494997715,14,4,10,Autumn
2025-10-17 15:00:00,35.9,32.00555961675042,-3.894440383249581,3.894440383249581,15,4,10,Autumn
2025-10-17 16:00:00,29.7,29.601793266952708,-0.09820673304729155,0.09820673304729155,16,4,10,Autumn
2025-10-17 17:00:00,21.8,24.618224009960997,2.8182240099609963,2.8182240099609963,17,4,10,Autumn
2025-10-17 18:00:00,34.8,27.346722755090344,-7.453277244909653,7.453277244909653,18,4,10,Autumn
2025-10-17 19:00:00,23.2,23.92030306103988,0.720303061039882,0.720303061039882,19,4,10,Autumn
2025-10-17 20:00:00,22.9,21.67520134190709,-1.224798658092908,1.224798658092908,20,4,10,Autumn
2025-10-17 21:00:00,21.3,21.584057540444007,0.28405754044400666,0.28405754044400666,21,4,10,Autumn
2025-10-17 22:00:00,17.0,17.818379081518888,0.8183790815188878,0.8183790815188878,22,4,10,Autumn
2025-10-17 23:00:00,14.8,16.78470011331571,1.9847001133157107,1.9847001133157107,23,4,10,Autumn
2025-10-18 00:00:00,20.9,17.140223535484786,-3.7597764645152125,3.7597764645152125,0,5,10,Autumn
2025-10-18 01:00:00,16.7,15.228682324462742,-1.4713176755372572,1.4713176755372572,1,5,10,Autumn
2025-10-18 02:00:00,16.8,15.350713331465503,-1.4492866685344978,1.4492866685344978,2,5,10,Autumn
2025-10-18 03:00:00,17.1,16.510220189082283,-0.5897798109177188,0.5897798109177188,3,5,10,Autumn
2025-10-18 04:00:00,12.4,15.65805739661734,3.258057396617339,3.258057396617339,4,5,10,Autumn
2025-10-18 05:00:00,23.5,19.198116917580823,-4.301883082419177,4.301883082419177,5,5,10,Autumn
2025-10-18 06:00:00,17.1,19.770620519624817,2.6706205196248156,2.6706205196248156,6,5,10,Autumn
2025-10-18 07:00:00,23.6,22.28065570774859,-1.3193442922514116,1.3193442922514116,7,5,10,Autumn
2025-10-18 08:00:00,17.9,21.104847525832586,3.2048475258325873,3.2048475258325873,8,5,10,Autumn
2025-10-18 09:00:00,17.9,21.848335821691908,3.9483358216919093,3.9483358216919093,9,5,10,Autumn
2025-10-18 10:00:00,28.6,26.774387567572738,-1.8256124324272633,1.8256124324272633,10,5,10,Autumn
2025-10-18 11:00:00,24.9,25.733970919397276,0.8339709193972773,0.8339709193972773,11,5,10,Autumn
2025-10-18 12:00:00,20.5,24.048081887630104,3.5480818876301043,3.5480818876301043,12,5,10,Autumn
2025-10-18 13:00:00,30.3,29.1997684896249,-1.1002315103750995,1.1002315103750995,13,5,10,Autumn
2025-10-18 14:00:00,35.8,30.710064566335227,-5.08993543366477,5.08993543366477,14,5,10,Autumn
2025-10-18 15:00:00,31.7,29.786981445615318,-1.9130185543846814,1.9130185543846814,15,5,10,Autumn
2025-10-18 16:00:00,23.4,25.853817619067662,2.4538176190676637,2.4538176190676637,16,5,10,Autumn
2025-10-18 17:00:00,22.5,21.804881219437906,-0.695118780562094,0.695118780562094,17,5,10,Autumn
2025-10-18 18:00:00,24.0,22.0347015939396,-1.9652984060603984,1.9652984060603984,18,5,10,Autumn
2025-10-18 19:00:00,22.9,20.548044583019013,-2.351955416980985,2.351955416980985,19,5,10,Autumn
2025-10-18 20:00:00,15.1,15.941917967270317,0.8419179672703176,0.8419179672703176,20,5,10,Autumn
2025-10-18 21:00:00,14.9,15.49207071490453,0.5920707149045299,0.5920707149045299,21,5,10,Autumn
2025-10-18 22:00:00,14.7,13.982447461572098,-0.7175525384279009,0.7175525384279009,22,5,10,Autumn
2025-10-18 23:00:00,14.9,13.939688185230438,-0.9603118147695628,0.9603118147695628,23,5,10,Autumn
2025-10-19 00:00:00,12.0,11.362596476677263,-0.6374035233227371,0.6374035233227371,0,6,10,Autumn
2025-10-19 01:00:00,12.3,13.123076875992671,0.8230768759926708,0.8230768759926708,1,6,10,Autumn
2025-10-19 02:00:00,19.1,16.08957203467665,-3.010427965323352,3.010427965323352,2,6,10,Autumn
2025-10-19 03:00:00,19.7,17.295916390112637,-2.404083609887362,2.404083609887362,3,6,10,Autumn
2025-10-19 04:00:00,18.4,18.97717922194304,0.5771792219430409,0.5771792219430409,4,6,10,Autumn
2025-10-19 05:00:00,25.3,22.25974937466111,-3.040250625338892,3.040250625338892,5,6,10,Autumn
2025-10-19 06:00:00,18.9,20.320359941652388,1.4203599416523893,1.4203599416523893,6,6,10,Autumn
2025-10-19 07:00:00,29.1,24.934333228308244,-4.1656667716917575,4.1656667716917575,7,6,10,Autumn
2025-10-19 08:00:00,26.7,26.623624000748606,-0.07637599925139327,0.07637599925139327,8,6,10,Autumn
2025-10-19 09:00:00,39.2,32.674245748797155,-6.525754251202848,6.525754251202848,9,6,10,Autumn
2025-10-19 10:00:00,22.6,26.17516327093208,3.57516327093208,3.57516327093208,10,6,10,Autumn
2025-10-19 11:00:00,25.5,28.67816446467292,3.1781644646729212,3.1781644646729212,11,6,10,Autumn
2025-10-19 12:00:00,30.2,29.078955176477102,-1.1210448235228974,1.1210448235228974,12,6,10,Autumn
2025-10-19 13:00:00,29.8,28.962876279936584,-0.837123720063417,0.837123720063417,13,6,10,Autumn
2025-10-19 14:00:00,35.2,30.90131668640206,-4.2986833135979445,4.2986833135979445,14,6,10,Autumn
2025-10-19 15:00:00,23.5,27.195429899848154,3.695429899848154,3.695429899848154,15,6,10,Autumn
2025-10-19 16:00:00,28.1,26.52630882681381,-1.573691173186191,1.573691173186191,16,6,10,Autumn
2025-10-19 17:00:00,27.2,24.49540841397854,-2.7045915860214578,2.7045915860214578,17,6,10,Autumn
2025-10-19 18:00:00,23.3,22.724679532847077,-0.575320467152924,0.575320467152924,18,6,10,Autumn
2025-10-19 19:00:00,14.6,17.94740649957804,3.3474064995780406,3.3474064995780406,19,6,10,Autumn
2025-10-19 20:00:00,22.1,19.436817992165576,-2.6631820078344255,2.6631820078344255,20,6,10,Autumn
2025-10-19 21:00:00,19.7,15.16857872124366,-4.531421278756339,4.531421278756339,21,6,10,Autumn
2025-10-19 22:00:00,16.0,14.97987649735535,-1.0201235026446493,1.0201235026446493,22,6,10,Autumn
2025-10-19 23:00:00,13.6,14.5065430670358,0.9065430670358001,0.9065430670358001,23,6,10,Autumn
2025-10-20 00:00:00,18.4,17.62563461504548,-0.7743653849545176,0.7743653849545176,0,0,10,Autumn
2025-10-20 01:00:00,17.5,17.690087247257306,0.1900872472573063,0.1900872472573063,1,0,10,Autumn
2025-10-20 02:00:00,21.2,19.93806424606761,-1.2619357539323879,1.2619357539323879,2,0,10,Autumn
2025-10-20 03:00:00,20.0,20.784131367039837,0.7841313670398371,0.7841313670398371,3,0,10,Autumn
2025-10-20 04:00:00,18.1,20.26233064330348,2.162330643303477,2.162330643303477,4,0,10,Autumn
2025-10-20 05:00:00,19.3,21.0331514037264,1.7331514037263993,1.7331514037263993,5,0,10,Autumn
2025-10-20 06:00:00,22.5,24.093434639061773,1.5934346390617726,1.5934346390617726,6,0,10,Autumn
2025-10-20 07:00:00,28.5,26.366817558149428,-2.133182441850572,2.133182441850572,7,0,10,Autumn
2025-10-20 08:00:00,29.4,29.945580784546255,0.5455807845462566,0.5455807845462566,8,0,10,Autumn
2025-10-20 09:00:00,32.1,33.383455231739525,1.2834552317395236,1.2834552317395236,9,0,10,Autumn
2025-10-20 10:00:00,34.5,32.82839021577711,-1.6716097842228876,1.6716097842228876,10,0,10,Autumn
2025-10-20 11:00:00,30.8,33.38022786425656,2.5802278642565604,2.5802278642565604,11,0,10,Autumn
2025-10-20 12:00:00,39.4,34.9684704346108,-4.431529565389198,4.431529565389198,12,0,10,Autumn
2025-10-20 13:00:00,32.2,32.22029758712399,0.02029758712398433,0.02029758712398433,13,0,10,Autumn
2025-10-20 14:00:00,30.7,33.19676203633475,2.4967620363347542,2.4967620363347542,14,0,10,Autumn
2025-10-20 15:00:00,33.1,32.682162621994536,-0.4178373780054656,0.4178373780054656,15,0,10,Autumn
2025-10-20 16:00:00,22.2,26.86970263661563,4.669702636615632,4.669702636615632,16,0,10,Autumn
2025-10-20 17:00:00,24.5,25.196273035660443,0.6962730356604432,0.6962730356604432,17,0,10,Autumn
2025-10-20 18:00:00,29.5,25.65261407178688,-3.8473859282131215,3.8473859282131215,18,0,10,Autumn
2025-10-20 19:00:00,16.5,20.51649131987151,4.016491319871509,4.016491319871509,19,0,10,Autumn
2025-10-20 20:00:00,26.0,24.763334773690293,-1.2366652263097073,1.2366652263097073,20,0,10,Autumn
2025-10-20 21:00:00,25.9,23.11216672307424,-2.7878332769257597,2.7878332769257597,21,0,10,Autumn
2025-10-20 22:00:00,17.1,18.455043958696724,1.3550439586967222,1.3550439586967222,22,0,10,Autumn
2025-10-20 23:00:00,19.0,18.882621300276593,-0.11737869972340675,0.11737869972340675,23,0,10,Autumn
2025-10-21 00:00:00,22.1,19.516013561925796,-2.5839864380742057,2.5839864380742057,0,1,10,Autumn
2025-10-21 01:00:00,16.0,16.966622134658913,0.9666221346589126,0.9666221346589126,1,1,10,Autumn
2025-10-21 02:00:00,22.1,21.33485235977975,-0.7651476402202526,0.7651476402202526,2,1,10,Autumn
2025-10-21 03:00:00,17.3,19.790806652093334,2.490806652093333,2.490806652093333,3,1,10,Autumn
2025-10-21 04:00:00,19.7,22.183729807568277,2.4837298075682774,2.4837298075682774,4,1,10,Autumn
2025-10-21 05:00:00,20.3,21.656979395745086,1.3569793957450855,1.3569793957450855,5,1,10,Autumn
2025-10-21 06:00:00,27.0,25.090108957608614,-1.9098910423913864,1.9098910423913864,6,1,10,Autumn
2025-10-21 07:00:00,32.3,28.79323194764589,-3.506768052354108,3.506768052354108,7,1,10,Autumn
2025-10-21 08:00:00,28.9,29.709135771665355,0.8091357716653569,0.8091357716653569,8,1,10,Autumn
2025-10-21 09:00:00,26.2,29.760308011046426,3.560308011046427,3.560308011046427,9,1,10,Autumn
2025-10-21 10:00:00,28.2,31.24475993533611,3.04475993533611,3.04475993533611,10,1,10,Autumn
2025-10-21 11:00:00,34.9,34.039102241503926,-0.8608977584960726,0.8608977584960726,11,1,10,Autumn
2025-10-21 12:00:00,41.0,37.830261265121166,-3.169738734878834,3.169738734878834,12,1,10,Autumn
2025-10-21 13:00:00,34.9,33.461057371788634,-1.4389426282113646,1.4389426282113646,13,1,10,Autumn
2025-10-21 14:00:00,31.0,32.65922557853708,1.6592255785370824,1.6592255785370824,14,1,10,Autumn
2025-10-21 15:00:00,34.3,32.57741017614108,-1.7225898238589181,1.7225898238589181,15,1,10,Autumn
2025-10-21 16:00:00,28.6,29.876364016184482,1.2763640161844805,1.2763640161844805,16,1,10,Autumn
2025-10-21 17:00:00,26.2,26.080642102021685,-0.11935789797831475,0.11935789797831475,17,1,10,Autumn
2025-10-21 18:00:00,21.8,24.29736354895254,2.4973635489525385,2.4973635489525385,18,1,10,Autumn
2025-10-21 19:00:00,29.2,26.865893688544293,-2.334106311455706,2.334106311455706,19,1,10,Autumn
2025-10-21 20:00:00,11.4,18.294182505120695,6.894182505120694,6.894182505120694,20,1,10,Autumn
2025-10-21 21:00:00,23.1,21.476326850443428,-1.6236731495565735,1.6236731495565735,21,1,10,Autumn
2025-10-21 22:00:00,16.8,18.33998017148464,1.5399801714846397,1.5399801714846397,22,1,10,Autumn
2025-10-21 23:00:00,16.2,17.995322935712373,1.795322935712374,1.795322935712374,23,1,10,Autumn
2025-10-22 00:00:00,24.4,20.60353624381344,-3.796463756186558,3.796463756186558,0,2,10,Autumn
2025-10-22 01:00:00,15.1,17.58470285643426,2.484702856434259,2.484702856434259,1,2,10,Autumn
2025-10-22 02:00:00,16.0,17.25028145958611,1.250281459586109,1.250281459586109,2,2,10,Autumn
2025-10-22 03:00:00,19.5,21.25714198604564,1.7571419860456388,1.7571419860456388,3,2,10,Autumn
2025-10-22 04:00:00,23.3,22.389789161482092,-0.9102108385179086,0.9102108385179086,4,2,10,Autumn
2025-10-22 05:00:00,21.8,22.44425250962084,0.6442525096208378,0.6442525096208378,5,2,10,Autumn
2025-10-22 06:00:00,19.4,24.000465378718204,4.600465378718205,4.600465378718205,6,2,10,Autumn
2025-10-22 07:00:00,24.3,26.25381827653288,1.9538182765328784,1.9538182765328784,7,2,10,Autumn
2025-10-22 08:00:00,34.8,31.337973285174872,-3.462026714825125,3.462026714825125,8,2,10,Autumn
2025-10-22 09:00:00,31.6,31.181281295022572,-0.41871870497742947,0.41871870497742947,9,2,10,Autumn
2025-10-22 10:00:00,34.4,33.41330895302103,-0.9866910469789687,0.9866910469789687,10,2,10,Autumn
2025-10-22 11:00:00,32.3,33.20463476017385,0.904634760173856,0.904634760173856,11,2,10,Autumn
2025-10-22 12:00:00,31.0,32.78774640515248,1.7877464051524825,1.7877464051524825,12,2,10,Autumn
2025-10-22 13:00:00,40.1,36.23974804113903,-3.860251958860971,3.860251958860971,13,2,10,Autumn
2025-10-22 14:00:00,31.8,31.991406816865382,0.1914068168653813,0.1914068168653813,14,2,10,Autumn
2025-10-22 15:00:00,29.5,31.846952107850452,2.346952107850452,2.346952107850452,15,2,10,Autumn
2025-10-22 16:00:00,34.0,30.6558191558538,-3.3441808441462015,3.3441808441462015,16,2,10,Autumn
2025-10-22 17:00:00,24.8,25.68738330847368,0.8873833084736802,0.8873833084736802,17,2,10,Autumn
2025-10-22 18:00:00,23.3,23.907038735231623,0.6070387352316224,0.6070387352316224,18,2,10,Autumn
2025-10-22 19:00:00,23.6,25.291142394813825,1.6911423948138236,1.6911423948138236,19,2,10,Autumn
2025-10-22 20:00:00,21.7,21.920902749931876,0.2209027499318772,0.2209027499318772,20,2,10,Autumn
2025-10-22 21:00:00,21.0,19.971622821969525,-1.0283771780304747,1.0283771780304747,21,2,10,Autumn
2025-10-22 22:00:00,27.1,20.43330515189949,-6.666694848100512,6.666694848100512,22,2,10,Autumn
2025-10-22 23:00:00,19.3,17.886192131811953,-1.413807868188048,1.413807868188048,23,2,10,Autumn
2025-10-23 00:00:00,8.2,15.2661771344606,7.066177134460601,7.066177134460601,0,3,10,Autumn
2025-10-23 01:00:00,19.3,18.581498737072664,-0.7185012629273366,0.7185012629273366,1,3,10,Autumn
2025-10-23 02:00:00,18.9,18.759630613904,-0.14036938609599758,0.14036938609599758,2,3,10,Autumn
2025-10-23 03:00:00,20.2,20.858778103648916,0.6587781036489169,0.6587781036489169,3,3,10,Autumn
2025-10-23 04:00:00,22.7,21.557879939912915,-1.142120060087084,1.142120060087084,4,3,10,Autumn
2025-10-23 05:00:00,23.5,23.595250148194634,0.09525014819463351,0.09525014819463351,5,3,10,Autumn
2025-10-23 06:00:00,25.5,25.480752055140957,-0.019247944859042576,0.019247944859042576,6,3,10,Autumn
2025-10-23 07:00:00,30.2,28.512897632347048,-1.687102367652951,1.687102367652951,7,3,10,Autumn
2025-10-23 08:00:00,27.6,28.86529322736126,1.2652932273612585,1.2652932273612585,8,3,10,Autumn
2025-10-23 09:00:00,27.6,30.053618380200227,2.4536183802002256,2.4536183802002256,9,3,10,Autumn
2025-10-23 10:00:00,44.7,36.659538239286924,-8.040461760713079,8.040461760713079,10,3,10,Autumn
2025-10-23 11:00:00,30.6,32.003114233063826,1.4031142330638247,1.4031142330638247,11,3,10,Autumn
2025-10-23 12:00:00,34.1,32.23369498530489,-1.866305014695108,1.866305014695108,12,3,10,Autumn
2025-10-23 13:00:00,27.5,29.341576925937336,1.8415769259373356,1.8415769259373356,13,3,10,Autumn
2025-10-23 14:00:00,33.1,33.29391088494372,0.193910884943719,0.193910884943719,14,3,10,Autumn
2025-10-23 15:00:00,27.6,29.51328188375887,1.91328188375887,1.91328188375887,15,3,10,Autumn
2025-10-23 16:00:00,28.0,29.483304686367863,1.4833046863678625,1.4833046863678625,16,3,10,Autumn
2025-10-23 17:00:00,32.0,29.736433882429814,-2.2635661175701856,2.2635661175701856,17,3,10,Autumn
2025-10-23 18:00:00,27.6,25.506788525073915,-2.093211474926086,2.093211474926086,18,3,10,Autumn
2025-10-23 19:00:00,25.9,24.46951751485535,-1.4304824851446476,1.4304824851446476,19,3,10,Autumn
2025-10-23 20:00:00,14.6,18.07043183641243,3.4704318364124287,3.4704318364124287,20,3,10,Autumn
2025-10-23 21:00:00,27.4,22.708802128786854,-4.691197871213145,4.691197871213145,21,3,10,Autumn
2025-10-23 22:00:00,14.0,17.595397147167755,3.5953971471677555,3.5953971471677555,22,3,10,Autumn
2025-10-23 23:00:00,24.1,22.624937878529032,-1.4750621214709696,1.4750621214709696,23,3,10,Autumn
2025-10-24 00:00:00,21.9,18.740507167124804,-3.159492832875195,3.159492832875195,0,4,10,Autumn
2025-10-24 01:00:00,20.4,18.276243840366252,-2.1237561596337464,2.1237561596337464,1,4,10,Autumn
2025-10-24 02:00:00,15.4,17.019155745936626,1.6191557459366255,1.6191557459366255,2,4,10,Autumn
2025-10-24 03:00:00,20.7,20.745724951447972,0.04572495144797273,0.04572495144797273,3,4,10,Autumn
2025-10-24 04:00:00,19.9,21.03023466390162,1.1302346639016214,1.1302346639016214,4,4,10,Autumn
2025-10-24 05:00:00,23.8,22.888074504217144,-0.9119254957828566,0.9119254957828566,5,4,10,Autumn
2025-10-24 06:00:00,24.8,24.824802529761637,0.02480252976163655,0.02480252976163655,6,4,10,Autumn
2025-10-24 07:00:00,19.7,25.352960623683302,5.6529606236833025,5.6529606236833025,7,4,10,Autumn
2025-10-24 08:00:00,34.3,30.908132110874842,-3.3918678891251552,3.3918678891251552,8,4,10,Autumn
2025-10-24 09:00:00,31.1,30.147392239447633,-0.9526077605523682,0.9526077605523682,9,4,10,Autumn
2025-10-24 10:00:00,30.8,31.7834516070995,0.9834516070995001,0.9834516070995001,10,4,10,Autumn
2025-10-24 11:00:00,31.3,33.737018467696714,2.4370184676967135,2.4370184676967135,11,4,10,Autumn
2025-10-24 12:00:00,35.2,34.693563042674285,-0.5064369573257181,0.5064369573257181,12,4,10,Autumn
2025-10-24 13:00:00,29.9,30.424406682252403,0.5244066822524047,0.5244066822524047,13,4,10,Autumn
2025-10-24 14:00:00,23.7,30.7659037344671,7.065903734467099,7.065903734467099,14,4,10,Autumn
2025-10-24 15:00:00,33.1,32.045455703707006,-1.0545442962929954,1.0545442962929954,15,4,10,Autumn
2025-10-24 16:00:00,31.9,31.12557375169763,-0.774426248302369,0.774426248302369,16,4,10,Autumn
2025-10-24 17:00:00,27.1,27.12154493848866,0.021544938488659682,0.021544938488659682,17,4,10,Autumn
2025-10-24 18:00:00,21.2,24.731861463692137,3.531861463692138,3.531861463692138,18,4,10,Autumn
2025-10-24 19:00:00,24.1,22.55940020048046,-1.5405997995195406,1.5405997995195406,19,4,10,Autumn
2025-10-24 20:00:00,15.9,19.43100015675037,3.531000156750368,3.531000156750368,20,4,10,Autumn
2025-10-24 21:00:00,16.0,18.289895572063486,2.289895572063486,2.289895572063486,21,4,10,Autumn
2025-10-24 22:00:00,15.9,17.818839913809445,1.9188399138094443,1.9188399138094443,22,4,10,Autumn
2025-10-24 23:00:00,21.4,18.722166714470678,-2.6778332855293208,2.6778332855293208,23,4,10,Autumn
2025-10-25 00:00:00,11.4,12.207586920346763,0.8075869203467629,0.8075869203467629,0,5,10,Autumn
2025-10-25 01:00:00,11.3,13.54578006277857,2.24578006277857,2.24578006277857,1,5,10,Autumn
2025-10-25 02:00:00,21.7,17.44138031673266,-4.258619683267341,4.258619683267341,2,5,10,Autumn
2025-10-25 03:00:00,16.6,16.353645871351546,-0.24635412864845563,0.24635412864845563,3,5,10,Autumn
2025-10-25 04:00:00,18.2,16.822679747795085,-1.377320252204914,1.377320252204914,4,5,10,Autumn
2025-10-25 05:00:00,17.3,17.074605773044595,-0.22539422695540523,0.22539422695540523,5,5,10,Autumn
2025-10-25 06:00:00,18.5,19.884615110593487,1.3846151105934865,1.3846151105934865,6,5,10,Autumn
2025-10-25 07:00:00,14.2,17.069048820420793,2.869048820420794,2.869048820420794,7,5,10,Autumn
2025-10-25 08:00:00,28.7,26.057711312034865,-2.6422886879651344,2.6422886879651344,8,5,10,Autumn
2025-10-25 09:00:00,28.3,27.47841783564902,-0.821582164350982,0.821582164350982,9,5,10,Autumn
2025-10-25 10:00:00,27.1,26.579144907205155,-0.5208550927948465,0.5208550927948465,10,5,10,Autumn
2025-10-25 11:00:00,28.0,28.06463898159686,0.0646389815968611,0.0646389815968611,11,5,10,Autumn
2025-10-25 12:00:00,31.8,30.0781525161039,-1.7218474838961022,1.7218474838961022,12,5,10,Autumn
2025-10-25 13:00:00,22.4,26.059124084373895,3.6591240843738966,3.6591240843738966,13,5,10,Autumn
2025-10-25 14:00:00,25.4,26.50225337658864,1.1022533765886422,1.1022533765886422,14,5,10,Autumn
2025-10-25 15:00:00,22.0,24.011752093133925,2.011752093133925,2.011752093133925,15,5,10,Autumn
2025-10-25 16:00:00,31.9,28.78310807435557,-3.1168919256444276,3.1168919256444276,16,5,10,Autumn
2025-10-25 17:00:00,26.4,24.79725498407146,-1.6027450159285372,1.6027450159285372,17,5,10,Autumn
2025-10-25 18:00:00,12.0,17.848874289910665,5.848874289910665,5.848874289910665,18,5,10,Autumn
2025-10-25 19:00:00,12.7,16.96937623111206,4.269376231112062,4.269376231112062,19,5,10,Autumn
2025-10-25 20:00:00,16.3,15.291482160156987,-1.0085178398430141,1.0085178398430141,20,5,10,Autumn
2025-10-25 21:00:00,13.3,14.155489775087132,0.8554897750871309,0.8554897750871309,21,5,10,Autumn
2025-10-25 22:00:00,8.6,12.080425073788664,3.4804250737886644,3.4804250737886644,22,5,10,Autumn
2025-10-25 23:00:00,20.9,16.394559582400237,-4.505440417599761,4.505440417599761,23,5,10,Autumn
2025-10-26 00:00:00,14.2,13.70985663463009,-0.4901433653699101,0.4901433653699101,0,6,10,Autumn
2025-10-26 01:00:00,15.1,13.420911318380758,-1.6790886816192412,1.6790886816192412,1,6,10,Autumn
2025-10-26 02:00:00,11.2,14.777300561818386,3.5773005618183866,3.5773005618183866,2,6,10,Autumn
2025-10-26 03:00:00,18.2,17.829543153158895,-0.3704568468411047,0.3704568468411047,3,6,10,Autumn
2025-10-26 04:00:00,15.4,17.222420484771664,1.8224204847716639,1.8224204847716639,4,6,10,Autumn
2025-10-26 05:00:00,17.7,18.92748352259466,1.2274835225946603,1.2274835225946603,5,6,10,Autumn
2025-10-26 06:00:00,23.4,21.918880931698553,-1.481119068301446,1.481119068301446,6,6,10,Autumn
2025-10-26 07:00:00,16.5,20.118759681896577,3.6187596818965773,3.6187596818965773,7,6,10,Autumn
2025-10-26 08:00:00,31.3,28.023226687334848,-3.276773312665153,3.276773312665153,8,6,10,Autumn
2025-10-26 09:00:00,27.3,27.79570635460591,0.49570635460591106,0.49570635460591106,9,6,10,Autumn
2025-10-26 10:00:00,33.0,31.32375216592824,-1.6762478340717593,1.6762478340717593,10,6,10,Autumn
2025-10-26 11:00:00,24.4,26.07901134996262,1.6790113499626216,1.6790113499626216,11,6,10,Autumn
2025-10-26 12:00:00,25.2,27.74460737771776,2.5446073777177602,2.5446073777177602,12,6,10,Autumn
2025-10-26 13:00:00,24.0,25.157970113350224,1.157970113350224,1.157970113350224,13,6,10,Autumn
2025-10-26 14:00:00,28.9,28.004471640214245,-0.8955283597857537,0.8955283597857537,14,6,10,Autumn
2025-10-26 15:00:00,26.9,27.038738866682564,0.13873886668256574,0.13873886668256574,15,6,10,Autumn
2025-10-26 16:00:00,23.1,25.05738321369876,1.9573832136987583,1.9573832136987583,16,6,10,Autumn
2025-10-26 17:00:00,18.9,21.46187898075209,2.561878980752091,2.561878980752091,17,6,10,Autumn
2025-10-26 18:00:00,15.9,17.593230057803456,1.693230057803456,1.693230057803456,18,6,10,Autumn
2025-10-26 19:00:00,18.7,17.552819361436274,-1.147180638563725,1.147180638563725,19,6,10,Autumn
2025-10-26 20:00:00,15.1,17.20831392524449,2.10831392524449,2.10831392524449,20,6,10,Autumn
2025-10-26 21:00:00,12.5,14.632660818759142,2.132660818759142,2.132660818759142,21,6,10,Autumn
2025-10-26 22:00:00,20.2,16.599805767933574,-3.600194232066425,3.600194232066425,22,6,10,Autumn
2025-10-26 23:00:00,12.9,12.99621096923617,0.09621096923616967,0.09621096923616967,23,6,10,Autumn
2025-10-27 00:00:00,23.1,20.725286003925046,-2.3747139960749557,2.3747139960749557,0,0,10,Autumn
2025-10-27 01:00:00,16.1,16.362551243733275,0.26255124373327376,0.26255124373327376,1,0,10,Autumn
2025-10-27 02:00:00,20.1,19.936121859116007,-0.16387814088399466,0.16387814088399466,2,0,10,Autumn
2025-10-27 03:00:00,20.1,20.20075452572785,0.10075452572784727,0.10075452572784727,3,0,10,Autumn
2025-10-27 04:00:00,15.2,19.877927906419366,4.677927906419367,4.677927906419367,4,0,10,Autumn
2025-10-27 05:00:00,29.6,26.66361450816565,-2.9363854918343506,2.9363854918343506,5,0,10,Autumn
2025-10-27 06:00:00,25.5,25.553451867586553,0.05345186758655274,0.05345186758655274,6,0,10,Autumn
2025-10-27 07:00:00,31.1,29.950611858469134,-1.149388141530867,1.149388141530867,7,0,10,Autumn
2025-10-27 08:00:00,27.0,30.320681425202523,3.3206814252025225,3.3206814252025225,8,0,10,Autumn
2025-10-27 09:00:00,31.0,30.46755187389714,-0.5324481261028602,0.5324481261028602,9,0,10,Autumn
2025-10-27 10:00:00,29.5,32.49483752416018,2.9948375241601823,2.9948375241601823,10,0,10,Autumn
2025-10-27 11:00:00,38.7,36.2205216465779,-2.4794783534221025,2.4794783534221025,11,0,10,Autumn
2025-10-27 12:00:00,35.2,35.18629936539582,-0.013700634604184359,0.013700634604184359,12,0,10,Autumn
2025-10-27 13:00:00,35.2,34.2088374840366,-0.9911625159634028,0.9911625159634028,13,0,10,Autumn
2025-10-27 14:00:00,38.4,35.064922748087035,-3.3350772519129634,3.3350772519129634,14,0,10,Autumn
2025-10-27 15:00:00,36.3,34.06708165170796,-2.2329183482920385,2.2329183482920385,15,0,10,Autumn
2025-10-27 16:00:00,33.1,31.238010865103824,-1.8619891348961772,1.8619891348961772,16,0,10,Autumn
2025-10-27 17:00:00,22.4,25.316825068026642,2.916825068026643,2.916825068026643,17,0,10,Autumn
2025-10-27 18:00:00,23.2,24.750143768860497,1.5501437688604973,1.5501437688604973,18,0,10,Autumn
2025-10-27 19:00:00,19.9,22.790106433207008,2.890106433207009,2.890106433207009,19,0,10,Autumn
2025-10-27 20:00:00,24.9,22.70300864132839,-2.1969913586716103,2.1969913586716103,20,0,10,Autumn
2025-10-27 21:00:00,21.0,21.119146598109406,0.1191465981094062,0.1191465981094062,21,0,10,Autumn
2025-10-27 22:00:00,13.5,15.919272640396546,2.419272640396546,2.419272640396546,22,0,10,Autumn
2025-10-27 23:00:00,17.5,17.066728716836867,-0.43327128316313335,0.43327128316313335,23,0,10,Autumn
2025-10-28 00:00:00,12.1,15.191024814118856,3.0910248141188568,3.0910248141188568,0,1,10,Autumn
2025-10-28 01:00:00,18.1,17.7144342090946,-0.3855657909054031,0.3855657909054031,1,1,10,Autumn
2025-10-28 02:00:00,12.5,15.332022228796319,2.832022228796319,2.832022228796319,2,1,10,Autumn
2025-10-28 03:00:00,22.5,22.11970457389286,-0.3802954261071392,0.3802954261071392,3,1,10,Autumn
2025-10-28 04:00:00,23.6,24.041615281059432,0.4416152810594305,0.4416152810594305,4,1,10,Autumn
2025-10-28 05:00:00,31.6,27.533427602104343,-4.0665723978956585,4.0665723978956585,5,1,10,Autumn
2025-10-28 06:00:00,29.5,28.05606393399812,-1.4439360660018785,1.4439360660018785,6,1,10,Autumn
2025-10-28 07:00:00,26.5,28.769969109992566,2.269969109992566,2.269969109992566,7,1,10,Autumn
2025-10-28 08:00:00,33.4,32.171763035471834,-1.2282369645281648,1.2282369645281648,8,1,10,Autumn
2025-10-28 09:00:00,26.1,29.341810073704046,3.2418100737040447,3.2418100737040447,9,1,10,Autumn
2025-10-28 10:00:00,29.2,30.7032956353499,1.5032956353499003,1.5032956353499003,10,1,10,Autumn
2025-10-28 11:00:00,35.1,34.7274863216092,-0.37251367839080274,0.37251367839080274,11,1,10,Autumn
2025-10-28 12:00:00,25.4,29.17445225918599,3.774452259185992,3.774452259185992,12,1,10,Autumn
2025-10-28 13:00:00,33.7,33.59459373288224,-0.10540626711776468,0.10540626711776468,13,1,10,Autumn
2025-10-28 14:00:00,28.9,31.576564710015766,2.676564710015768,2.676564710015768,14,1,10,Autumn
2025-10-28 15:00:00,32.1,31.65269301167193,-0.4473069883280729,0.4473069883280729,15,1,10,Autumn
2025-10-28 16:00:00,25.8,27.592583634922953,1.792583634922952,1.792583634922952,16,1,10,Autumn
2025-10-28 17:00:00,29.8,27.268998080734264,-2.531001919265737,2.531001919265737,17,1,10,Autumn
2025-10-28 18:00:00,26.2,26.264386627041432,0.06438662704143283,0.06438662704143283,18,1,10,Autumn
2025-10-28 19:00:00,29.6,25.197178599548263,-4.402821400451739,4.402821400451739,19,1,10,Autumn
2025-10-28 20:00:00,22.1,22.17894410158219,0.0789441015821879,0.0789441015821879,20,1,10,Autumn
2025-10-28 21:00:00,17.3,19.341636771249448,2.041636771249447,2.041636771249447,21,1,10,Autumn
2025-10-28 22:00:00,18.2,19.025146187879255,0.8251461878792554,0.8251461878792554,22,1,10,Autumn
2025-10-28 23:00:00,13.0,16.77918738159031,3.7791873815903116,3.7791873815903116,23,1,10,Autumn
2025-10-29 00:00:00,19.8,19.001993996064737,-0.7980060039352637,0.7980060039352637,0,2,10,Autumn
2025-10-29 01:00:00,20.8,19.880298476366335,-0.9197015236336661,0.9197015236336661,1,2,10,Autumn
2025-10-29 02:00:00,29.1,22.066923711436647,-7.033076288563354,7.033076288563354,2,2,10,Autumn
2025-10-29 03:00:00,18.0,19.155259444410575,1.155259444410575,1.155259444410575,3,2,10,Autumn
2025-10-29 04:00:00,21.1,21.19041148667163,0.09041148667162702,0.09041148667162702,4,2,10,Autumn
2025-10-29 05:00:00,21.8,24.097909074644413,2.297909074644412,2.297909074644412,5,2,10,Autumn
2025-10-29 06:00:00,27.0,25.387286243497314,-1.6127137565026857,1.6127137565026857,6,2,10,Autumn
2025-10-29 07:00:00,29.8,30.11942488953584,0.3194248895358385,0.3194248895358385,7,2,10,Autumn
2025-10-29 08:00:00,29.9,30.75452677450646,0.8545267745064606,0.8545267745064606,8,2,10,Autumn
2025-10-29 09:00:00,36.2,32.37338065620299,-3.826619343797013,3.826619343797013,9,2,10,Autumn
2025-10-29 10:00:00,30.6,31.06635653653148,0.4663565365314781,0.4663565365314781,10,2,10,Autumn
2025-10-29 11:00:00,37.8,35.373115231406274,-2.426884768593723,2.426884768593723,11,2,10,Autumn
2025-10-29 12:00:00,36.3,35.1241195137861,-1.1758804862138987,1.1758804862138987,12,2,10,Autumn
2025-10-29 13:00:00,33.8,33.85033410815707,0.05033410815707384,0.05033410815707384,13,2,10,Autumn
2025-10-29 14:00:00,31.8,32.64912076297947,0.8491207629794708,0.8491207629794708,14,2,10,Autumn
2025-10-29 15:00:00,41.5,36.402029028147254,-5.097970971852746,5.097970971852746,15,2,10,Autumn
2025-10-29 16:00:00,26.9,29.133720478992917,2.233720478992918,2.233720478992918,16,2,10,Autumn
2025-10-29 17:00:00,29.4,27.6467658266858,-1.7532341733141976,1.7532341733141976,17,2,10,Autumn
2025-10-29 18:00:00,23.2,25.529905807821827,2.3299058078218273,2.3299058078218273,18,2,10,Autumn
2025-10-29 19:00:00,31.2,27.414579925746693,-3.785420074253306,3.785420074253306,19,2,10,Autumn
2025-10-29 20:00:00,25.7,23.306826311869603,-2.393173688130396,2.393173688130396,20,2,10,Autumn
2025-10-29 21:00:00,17.8,20.425464553502216,2.6254645535022156,2.6254645535022156,21,2,10,Autumn
2025-10-29 22:00:00,21.3,21.466006536692362,0.1660065366923611,0.1660065366923611,22,2,10,Autumn
2025-10-29 23:00:00,19.5,18.84617842952744,-0.6538215704725587,0.6538215704725587,23,2,10,Autumn
2025-10-30 00:00:00,16.2,16.862271024728994,0.6622710247289945,0.6622710247289945,0,3,10,Autumn
2025-10-30 01:00:00,21.5,20.162180346890086,-1.3378196531099142,1.3378196531099142,1,3,10,Autumn
2025-10-30 02:00:00,20.9,20.1637031197208,-0.7362968802791983,0.7362968802791983,2,3,10,Autumn
2025-10-30 03:00:00,21.4,20.365868839932862,-1.0341311600671368,1.0341311600671368,3,3,10,Autumn
2025-10-30 04:00:00,22.1,21.627992398650193,-0.4720076013498087,0.4720076013498087,4,3,10,Autumn
2025-10-30 05:00:00,25.9,25.419424935221837,-0.4805750647781615,0.4805750647781615,5,3,10,Autumn
2025-10-30 06:00:00,27.2,27.953019603777363,0.7530196037773642,0.7530196037773642,6,3,10,Autumn
2025-10-30 07:00:00,28.5,27.3383934256516,-1.1616065743484008,1.1616065743484008,7,3,10,Autumn
2025-10-30 08:00:00,27.7,29.37135121213406,1.6713512121340592,1.6713512121340592,8,3,10,Autumn
2025-10-30 09:00:00,38.7,34.678381793655284,-4.021618206344719,4.021618206344719,9,3,10,Autumn
2025-10-30 10:00:00,29.0,30.428765342056124,1.4287653420561242,1.4287653420561242,10,3,10,Autumn
2025-10-30 11:00:00,35.7,35.68768461089227,-0.012315389107733665,0.012315389107733665,11,3,10,Autumn
2025-10-30 12:00:00,33.0,33.93434132167525,0.9343413216752481,0.9343413216752481,12,3,10,Autumn
2025-10-30 13:00:00,41.0,35.307796239720425,-5.692203760279575,5.692203760279575,13,3,10,Autumn
2025-10-30 14:00:00,29.6,29.75902601604176,0.15902601604175715,0.15902601604175715,14,3,10,Autumn
2025-10-30 15:00:00,29.0,32.42623174303013,3.4262317430301295,3.4262317430301295,15,3,10,Autumn
2025-10-30 16:00:00,26.4,28.550640811113784,2.150640811113785,2.150640811113785,16,3,10,Autumn
2025-10-30 17:00:00,29.6,27.21875627482259,-2.381243725177413,2.381243725177413,17,3,10,Autumn
2025-10-30 18:00:00,20.7,23.763067077830982,3.0630670778309828,3.0630670778309828,18,3,10,Autumn
2025-10-30 19:00:00,22.3,23.48481497698543,1.1848149769854288,1.1848149769854288,19,3,10,Autumn
2025-10-30 20:00:00,13.6,17.855564569752413,4.255564569752414,4.255564569752414,20,3,10,Autumn
2025-10-30 21:00:00,21.5,20.20390214230402,-1.2960978576959796,1.2960978576959796,21,3,10,Autumn
2025-10-30 22:00:00,17.3,17.350052223471614,0.050052223471613644,0.050052223471613644,22,3,10,Autumn
2025-10-30 23:00:00,12.6,15.943191949198555,3.3431919491985553,3.3431919491985553,23,3,10,Autumn
2025-10-31 00:00:00,22.7,20.428798525300447,-2.271201474699552,2.271201474699552,0,4,10,Autumn
2025-10-31 01:00:00,13.4,16.72006760370898,3.3200676037089796,3.3200676037089796,1,4,10,Autumn
2025-10-31 02:00:00,22.6,20.20231632512485,-2.39768367487515,2.39768367487515,2,4,10,Autumn
2025-10-31 03:00:00,17.9,20.81133034215457,2.911330342154571,2.911330342154571,3,4,10,Autumn
2025-10-31 04:00:00,28.7,25.5059947305474,-3.1940052694525995,3.1940052694525995,4,4,10,Autumn
2025-10-31 05:00:00,27.3,25.90138634981148,-1.3986136501885191,1.3986136501885191,5,4,10,Autumn
2025-10-31 06:00:00,22.3,25.336573450108432,3.036573450108431,3.036573450108431,6,4,10,Autumn
2025-10-31 07:00:00,24.7,26.970410525850745,2.270410525850746,2.270410525850746,7,4,10,Autumn
2025-10-31 08:00:00,32.7,30.842972684498914,-1.8570273155010888,1.8570273155010888,8,4,10,Autumn
2025-10-31 09:00:00,30.9,31.178504147411687,0.27850414741168805,0.27850414741168805,9,4,10,Autumn
2025-10-31 10:00:00,32.6,32.64844213200389,0.04844213200389191,0.04844213200389191,10,4,10,Autumn
2025-10-31 11:00:00,39.1,35.27609983685738,-3.823900163142625,3.823900163142625,11,4,10,Autumn
2025-10-31 12:00:00,31.3,32.218486001116126,0.9184860011161255,0.9184860011161255,12,4,10,Autumn
2025-10-31 13:00:00,34.4,34.96067113403707,0.5606711340370722,0.5606711340370722,13,4,10,Autumn
2025-10-31 14:00:00,37.1,33.296818361085876,-3.8031816389141255,3.8031816389141255,14,4,10,Autumn
2025-10-31 15:00:00,35.2,32.91647958405291,-2.2835204159470948,2.2835204159470948,15,4,10,Autumn
2025-10-31 16:00:00,29.7,29.399395809265403,-0.300604190734596,0.300604190734596,16,4,10,Autumn
2025-10-31 17:00:00,27.2,26.89009959856996,-0.3099004014300384,0.3099004014300384,17,4,10,Autumn
2025-10-31 18:00:00,19.4,22.437238104859688,3.0372381048596893,3.0372381048596893,18,4,10,Autumn
2025-10-31 19:00:00,20.0,22.857280201343958,2.8572802013439578,2.8572802013439578,19,4,10,Autumn
2025-10-31 20:00:00,23.6,21.822726094579142,-1.7772739054208593,1.7772739054208593,20,4,10,Autumn
2025-10-31 21:00:00,20.1,19.311964405252333,-0.7880355947476687,0.7880355947476687,21,4,10,Autumn
2025-10-31 22:00:00,19.7,17.780756565892137,-1.9192434341078624,1.9192434341078624,22,4,10,Autumn
2025-10-31 23:00:00,22.8,19.18892903637316,-3.6110709636268403,3.6110709636268403,23,4,10,Autumn
2025-11-01 00:00:00,8.7,10.07145163399884,1.3714516339988414,1.3714516339988414,0,5,11,Autumn
2025-11-01 01:00:00,12.7,13.328912125172252,0.6289121251722527,0.6289121251722527,1,5,11,Autumn
2025-11-01 02:00:00,15.2,15.433670046787599,0.23367004678759962,0.23367004678759962,2,5,11,Autumn
2025-11-01 03:00:00,12.9,16.214867824481615,3.314867824481615,3.314867824481615,3,5,11,Autumn
2025-11-01 04:00:00,23.1,20.418614258787287,-2.681385741212715,2.681385741212715,4,5,11,Autumn
2025-11-01 05:00:00,23.0,22.360314055324046,-0.6396859446759535,0.6396859446759535,5,5,11,Autumn
2025-11-01 06:00:00,22.6,22.82746729090002,0.2274672909000195,0.2274672909000195,6,5,11,Autumn
2025-11-01 07:00:00,30.7,26.499418377978756,-4.200581622021243,4.200581622021243,7,5,11,Autumn
2025-11-01 08:00:00,19.4,23.95666106281624,4.556661062816243,4.556661062816243,8,5,11,Autumn
2025-11-01 09:00:00,27.0,27.90812130916388,0.9081213091638816,0.9081213091638816,9,5,11,Autumn
2025-11-01 10:00:00,29.8,28.17725744199725,-1.6227425580027521,1.6227425580027521,10,5,11,Autumn
2025-11-01 11:00:00,25.5,27.84525095473398,2.345250954733981,2.345250954733981,11,5,11,Autumn
2025-11-01 12:00:00,30.6,29.516085085708365,-1.0839149142916362,1.0839149142916362,12,5,11,Autumn
2025-11-01 13:00:00,24.7,27.409949688189602,2.709949688189603,2.709949688189603,13,5,11,Autumn
2025-11-01 14:00:00,31.1,28.845514264457776,-2.254485735542225,2.254485735542225,14,5,11,Autumn
2025-11-01 15:00:00,31.3,29.201375098216577,-2.098624901783424,2.098624901783424,15,5,11,Autumn
2025-11-01 16:00:00,26.5,26.262580659000506,-0.23741934099949447,0.23741934099949447,16,5,11,Autumn
2025-11-01 17:00:00,16.1,20.705946967139425,4.605946967139424,4.605946967139424,17,5,11,Autumn
2025-11-01 18:00:00,17.5,17.537196086173907,0.037196086173906906,0.037196086173906906,18,5,11,Autumn
2025-11-01 19:00:00,21.6,18.492456675672635,-3.1075433243273665,3.1075433243273665,19,5,11,Autumn
2025-11-01 20:00:00,17.5,17.31210066383166,-0.1878993361683392,0.1878993361683392,20,5,11,Autumn
2025-11-01 21:00:00,5.0,11.458250346134252,6.4582503461342515,6.4582503461342515,21,5,11,Autumn
2025-11-01 22:00:00,19.5,15.333178686132632,-4.166821313867368,4.166821313867368,22,5,11,Autumn
2025-11-01 23:00:00,14.2,15.0618809645101,0.8618809645101013,0.8618809645101013,23,5,11,Autumn
2025-11-02 00:00:00,10.2,10.566822570088318,0.36682257008831876,0.36682257008831876,0,6,11,Autumn
2025-11-02 01:00:00,17.8,16.32035794115083,-1.4796420588491692,1.4796420588491692,1,6,11,Autumn
2025-11-02 02:00:00,11.9,14.021530355284165,2.1215303552841647,2.1215303552841647,2,6,11,Autumn
2025-11-02 03:00:00,13.1,14.617084677014384,1.5170846770143847,1.5170846770143847,3,6,11,Autumn
2025-11-02 04:00:00,18.9,19.017904380756477,0.11790438075647813,0.11790438075647813,4,6,11,Autumn
2025-11-02 05:00:00,26.6,23.08592717385614,-3.514072826143863,3.514072826143863,5,6,11,Autumn
2025-11-02 06:00:00,28.0,24.340528658971344,-3.659471341028656,3.659471341028656,6,6,11,Autumn
2025-11-02 07:00:00,25.0,25.120267983781225,0.1202679837812255,0.1202679837812255,7,6,11,Autumn
2025-11-02 08:00:00,27.4,26.176409032411257,-1.2235909675887413,1.2235909675887413,8,6,11,Autumn
2025-11-02 09:00:00,30.3,29.15486693446672,-1.1451330655332796,1.1451330655332796,9,6,11,Autumn
2025-11-02 10:00:00,23.4,26.419084745263916,3.0190847452639176,3.0190847452639176,10,6,11,Autumn
2025-11-02 11:00:00,31.8,30.354054812800065,-1.4459451871999356,1.4459451871999356,11,6,11,Autumn
2025-11-02 12:00:00,26.6,27.678377675561357,1.0783776755613559,1.0783776755613559,12,6,11,Autumn
2025-11-02 13:00:00,30.5,29.831924340536528,-0.6680756594634722,0.6680756594634722,13,6,11,Autumn
2025-11-02 14:00:00,27.5,28.42096016413439,0.9209601641343887,0.9209601641343887,14,6,11,Autumn
2025-11-02 15:00:00,29.2,28.549232827266266,-0.6507671727337332,0.6507671727337332,15,6,11,Autumn
2025-11-02 16:00:00,26.0,25.988679222247043,-0.011320777752956701,0.011320777752956701,16,6,11,Autumn
2025-11-02 17:00:00,11.3,18.751683558604668,7.4516835586046675,7.4516835586046675,17,6,11,Autumn
2025-11-02 18:00:00,22.2,20.507264308332793,-1.692735691667206,1.692735691667206,18,6,11,Autumn
2025-11-02 19:00:00,22.0,21.24732701843467,-0.752672981565329,0.752672981565329,19,6,11,Autumn
2025-11-02 20:00:00,19.3,18.804150740723195,-0.495849259276806,0.495849259276806,20,6,11,Autumn
2025-11-02 21:00:00,15.4,14.885827786963823,-0.5141722130361774,0.5141722130361774,21,6,11,Autumn
2025-11-02 22:00:00,21.1,18.699242862105493,-2.4007571378945087,2.4007571378945087,22,6,11,Autumn
2025-11-02 23:00:00,15.0,15.490813487386541,0.49081348738654107,0.49081348738654107,23,6,11,Autumn
2025-11-03 00:00:00,20.3,20.522423419475174,0.22242341947517374,0.22242341947517374,0,0,11,Autumn
2025-11-03 01:00:00,23.0,21.50088688010402,-1.4991131198959806,1.4991131198959806,1,0,11,Autumn
2025-11-03 02:00:00,21.1,18.700421111622447,-2.3995788883775546,2.3995788883775546,2,0,11,Autumn
2025-11-03 03:00:00,17.3,19.175092216499664,1.875092216499663,1.875092216499663,3,0,11,Autumn
2025-11-03 04:00:00,12.8,17.703961454250013,4.9039614542500125,4.9039614542500125,4,0,11,Autumn
2025-11-03 05:00:00,22.6,23.430626379159296,0.8306263791592947,0.8306263791592947,5,0,11,Autumn
2025-11-03 06:00:00,29.6,27.0344308880746,-2.5655691119254023,2.5655691119254023,6,0,11,Autumn
2025-11-03 07:00:00,27.3,27.48832898233434,0.18832898233434037,0.18832898233434037,7,0,11,Autumn
2025-11-03 08:00:00,33.8,33.16013495810706,-0.6398650418929392,0.6398650418929392,8,0,11,Autumn
2025-11-03 09:00:00,32.8,32.88400417012834,0.08400417012834538,0.08400417012834538,9,0,11,Autumn
2025-11-03 10:00:00,38.7,36.909640383822016,-1.7903596161779873,1.7903596161779873,10,0,11,Autumn
2025-11-03 11:00:00,33.1,34.148134143207855,1.0481341432078537,1.0481341432078537,11,0,11,Autumn
2025-11-03 12:00:00,36.5,35.704593312824706,-0.7954066871752943,0.7954066871752943,12,0,11,Autumn
2025-11-03 13:00:00,36.3,34.95714783867412,-1.3428521613258795,1.3428521613258795,13,0,11,Autumn
2025-11-03 14:00:00,39.5,36.3658888467233,-3.1341111532766988,3.1341111532766988,14,0,11,Autumn
2025-11-03 15:00:00,25.4,30.56026340589037,5.1602634058903725,5.1602634058903725,15,0,11,Autumn
2025-11-03 16:00:00,28.8,28.538606005338504,-0.26139399466149627,0.26139399466149627,16,0,11,Autumn
2025-11-03 17:00:00,32.1,29.553889315114763,-2.546110684885239,2.546110684885239,17,0,11,Autumn
2025-11-03 18:00:00,32.8,29.25897054900498,-3.5410294509950155,3.5410294509950155,18,0,11,Autumn
2025-11-03 19:00:00,25.5,25.508788084325122,0.008788084325122014,0.008788084325122014,19,0,11,Autumn
2025-11-03 20:00:00,21.4,22.98495338809838,1.5849533880983806,1.5849533880983806,20,0,11,Autumn
2025-11-03 21:00:00,24.0,22.63888733256648,-1.3611126674335203,1.3611126674335203,21,0,11,Autumn
2025-11-03 22:00:00,23.1,21.649772651826883,-1.4502273481731187,1.4502273481731187,22,0,11,Autumn
2025-11-03 23:00:00,17.4,20.824618317156887,3.424618317156888,3.424618317156888,23,0,11,Autumn
2025-11-04 00:00:00,20.0,19.831916774643148,-0.1680832253568525,0.1680832253568525,0,1,11,Autumn
2025-11-04 01:00:00,23.7,21.123635452915877,-2.576364547084122,2.576364547084122,1,1,11,Autumn
2025-11-04 02:00:00,27.3,23.248623419325746,-4.051376580674255,4.051376580674255,2,1,11,Autumn
2025-11-04 03:00:00,24.0,24.857404394842984,0.8574043948429839,0.8574043948429839,3,1,11,Autumn
2025-11-04 04:00:00,22.9,23.76158265463263,0.8615826546326311,0.8615826546326311,4,1,11,Autumn
2025-11-04 05:00:00,24.4,24.847888016234418,0.447888016234419,0.447888016234419,5,1,11,Autumn
2025-11-04 06:00:00,28.9,27.67197207577587,-1.2280279242241292,1.2280279242241292,6,1,11,Autumn
2025-11-04 07:00:00,28.3,28.859851463945912,0.5598514639459111,0.5598514639459111,7,1,11,Autumn
2025-11-04 08:00:00,31.4,31.114929286919697,-0.28507071308030163,0.28507071308030163,8,1,11,Autumn
2025-11-04 09:00:00,28.1,31.73884108713034,3.638841087130338,3.638841087130338,9,1,11,Autumn
2025-11-04 10:00:00,38.8,37.34283419889391,-1.4571658011060862,1.4571658011060862,10,1,11,Autumn
2025-11-04 11:00:00,29.9,32.67360724748399,2.7736072474839943,2.7736072474839943,11,1,11,Autumn
2025-11-04 12:00:00,33.0,33.743318373659044,0.7433183736590436,0.7433183736590436,12,1,11,Autumn
2025-11-04 13:00:00,34.8,34.32011624578034,-0.47988375421965657,0.47988375421965657,13,1,11,Autumn
2025-11-04 14:00:00,41.6,37.71523522083442,-3.884764779165579,3.884764779165579,14,1,11,Autumn
2025-11-04 15:00:00,30.7,31.16544233102355,0.46544233102354937,0.46544233102354937,15,1,11,Autumn
2025-11-04 16:00:00,28.0,28.24618909370129,0.2461890937012896,0.2461890937012896,16,1,11,Autumn
2025-11-04 17:00:00,26.6,28.858797155458646,2.2587971554586446,2.2587971554586446,17,1,11,Autumn
2025-11-04 18:00:00,33.3,28.93718565931225,-4.362814340687748,4.362814340687748,18,1,11,Autumn
2025-11-04 19:00:00,13.4,20.52284137631026,7.1228413763102605,7.1228413763102605,19,1,11,Autumn
2025-11-04 20:00:00,18.7,21.26279162126766,2.5627916212676602,2.5627916212676602,20,1,11,Autumn
2025-11-04 21:00:00,32.0,24.33957873491617,-7.66042126508383,7.66042126508383,21,1,11,Autumn
2025-11-04 22:00:00,22.1,21.080628250697995,-1.0193717493020067,1.0193717493020067,22,1,11,Autumn
2025-11-04 23:00:00,14.5,18.63719281964748,4.137192819647481,4.137192819647481,23,1,11,Autumn
2025-11-05 00:00:00,18.6,18.54294894127944,-0.05705105872056038,0.05705105872056038,0,2,11,Autumn
2025-11-05 01:00:00,19.3,20.145532127918315,0.8455321279183146,0.8455321279183146,1,2,11,Autumn
2025-11-05 02:00:00,23.2,23.271926339617373,0.07192633961737371,0.07192633961737371,2,2,11,Autumn
2025-11-05 03:00:00,28.5,24.637081864301198,-3.862918135698802,3.862918135698802,3,2,11,Autumn
2025-11-05 04:00:00,24.3,24.526097410094994,0.22609741009499373,0.22609741009499373,4,2,11,Autumn
2025-11-05 05:00:00,22.6,24.14973889212995,1.5497388921299482,1.5497388921299482,5,2,11,Autumn
2025-11-05 06:00:00,29.9,28.691604831552354,-1.2083951684476446,1.2083951684476446,6,2,11,Autumn
2025-11-05 07:00:00,26.1,25.901711110864074,-0.19828888913592735,0.19828888913592735,7,2,11,Autumn
2025-11-05 08:00:00,26.7,27.962870021875172,1.2628700218751732,1.2628700218751732,8,2,11,Autumn
2025-11-05 09:00:00,25.4,28.076724816747625,2.676724816747626,2.676724816747626,9,2,11,Autumn
2025-11-05 10:00:00,27.5,28.779475610569143,1.2794756105691434,1.2794756105691434,10,2,11,Autumn
2025-11-05 11:00:00,30.9,30.507632554271044,-0.3923674457289543,0.3923674457289543,11,2,11,Autumn
2025-11-05 12:00:00,30.1,31.50713595494925,1.407135954949247,1.407135954949247,12,2,11,Autumn
2025-11-05 13:00:00,35.8,32.42428548146502,-3.375714518534977,3.375714518534977,13,2,11,Autumn
2025-11-05 14:00:00,28.9,30.288745132824108,1.3887451328241092,1.3887451328241092,14,2,11,Autumn
2025-11-05 15:00:00,19.9,25.717100931269595,5.8171009312695965,5.8171009312695965,15,2,11,Autumn
2025-11-05 16:00:00,26.6,27.13294920521198,0.5329492052119775,0.5329492052119775,16,2,11,Autumn
2025-11-05 17:00:00,27.0,26.897530928258504,-0.10246907174149555,0.10246907174149555,17,2,11,Autumn
2025-11-05 18:00:00,24.4,27.11824743212838,2.7182474321283827,2.7182474321283827,18,2,11,Autumn
2025-11-05 19:00:00,30.8,26.03468142767575,-4.765318572324251,4.765318572324251,19,2,11,Autumn
2025-11-05 20:00:00,20.3,22.569355742568824,2.2693557425688233,2.2693557425688233,20,2,11,Autumn
2025-11-05 21:00:00,24.7,22.294200741536283,-2.4057992584637162,2.4057992584637162,21,2,11,Autumn
2025-11-05 22:00:00,19.8,20.71972367533814,0.9197236753381404,0.9197236753381404,22,2,11,Autumn
2025-11-05 23:00:00,18.9,18.31809551396923,-0.5819044860307692,0.5819044860307692,23,2,11,Autumn
2025-11-06 00:00:00,15.5,17.11193292080938,1.6119329208093802,1.6119329208093802,0,3,11,Autumn
2025-11-06 01:00:00,18.9,18.949306187985137,0.049306187985138195,0.049306187985138195,1,3,11,Autumn
2025-11-06 02:00:00,16.9,18.517061368767948,1.6170613687679491,1.6170613687679491,2,3,11,Autumn
2025-11-06 03:00:00,21.9,22.24177993053751,0.34177993053751266,0.34177993053751266,3,3,11,Autumn
2025-11-06 04:00:00,21.9,21.941218497995834,0.041218497995835435,0.041218497995835435,4,3,11,Autumn
2025-11-06 05:00:00,21.0,22.905750447096963,1.9057504470969633,1.9057504470969633,5,3,11,Autumn
2025-11-06 06:00:00,30.9,27.844985302382735,-3.0550146976172634,3.0550146976172634,6,3,11,Autumn
2025-11-06 07:00:00,30.7,29.27610957809512,-1.4238904219048791,1.4238904219048791,7,3,11,Autumn
2025-11-06 08:00:00,29.1,29.903501245145627,0.8035012451456254,0.8035012451456254,8,3,11,Autumn
2025-11-06 09:00:00,33.1,32.74215238136342,-0.3578476186365833,0.3578476186365833,9,3,11,Autumn
2025-11-06 10:00:00,33.5,33.575669261282094,0.07566926128209417,0.07566926128209417,10,3,11,Autumn
2025-11-06 11:00:00,31.1,32.67065905211288,1.5706590521128803,1.5706590521128803,11,3,11,Autumn
2025-11-06 12:00:00,35.2,33.89584491800564,-1.3041550819943595,1.3041550819943595,12,3,11,Autumn
2025-11-06 13:00:00,32.1,33.77367803182706,1.673678031827059,1.673678031827059,13,3,11,Autumn
2025-11-06 14:00:00,30.0,32.07473677454121,2.0747367745412078,2.0747367745412078,14,3,11,Autumn
2025-11-06 15:00:00,26.1,29.53396340897344,3.4339634089734403,3.4339634089734403,15,3,11,Autumn
2025-11-06 16:00:00,29.5,28.548000064502833,-0.9519999354971667,0.9519999354971667,16,3,11,Autumn
2025-11-06 17:00:00,31.2,27.640477036053838,-3.5595229639461614,3.5595229639461614,17,3,11,Autumn
2025-11-06 18:00:00,24.1,26.100515528088295,2.000515528088293,2.000515528088293,18,3,11,Autumn
2025-11-06 19:00:00,34.9,29.142962777126186,-5.757037222873812,5.757037222873812,19,3,11,Autumn
2025-11-06 20:00:00,26.4,23.920265569280037,-2.4797344307199616,2.4797344307199616,20,3,11,Autumn
2025-11-06 21:00:00,26.4,24.69228112756026,-1.707718872439738,1.707718872439738,21,3,11,Autumn
2025-11-06 22:00:00,23.1,21.346938379749634,-1.7530616202503673,1.7530616202503673,22,3,11,Autumn
2025-11-06 23:00:00,26.6,23.471371202363958,-3.1286287976360434,3.1286287976360434,23,3,11,Autumn
2025-11-07 00:00:00,15.8,16.78207487473871,0.9820748747387107,0.9820748747387107,0,4,11,Autumn
2025-11-07 01:00:00,9.0,14.89366147953254,5.89366147953254,5.89366147953254,1,4,11,Autumn
2025-11-07 02:00:00,18.3,19.575193939666775,1.2751939396667744,1.2751939396667744,2,4,11,Autumn
2025-11-07 03:00:00,23.6,21.784380025957926,-1.8156199740420753,1.8156199740420753,3,4,11,Autumn
2025-11-07 04:00:00,23.6,22.78497454785042,-0.8150254521495803,0.8150254521495803,4,4,11,Autumn
2025-11-07 05:00:00,26.0,25.360705782311676,-0.6392942176883238,0.6392942176883238,5,4,11,Autumn
2025-11-07 06:00:00,32.3,28.901101257735473,-3.3988987422645245,3.3988987422645245,6,4,11,Autumn
2025-11-07 07:00:00,30.6,28.481533846892493,-2.1184661531075086,2.1184661531075086,7,4,11,Autumn
2025-11-07 08:00:00,34.2,31.853856197389906,-2.346143802610097,2.346143802610097,8,4,11,Autumn
2025-11-07 09:00:00,28.9,30.57058293858861,1.6705829385886126,1.6705829385886126,9,4,11,Autumn
2025-11-07 10:00:00,29.5,32.37802477865178,2.8780247786517776,2.8780247786517776,10,4,11,Autumn
2025-11-07 11:00:00,41.2,36.700311431793395,-4.499688568206608,4.499688568206608,11,4,11,Autumn
2025-11-07 12:00:00,35.4,34.327144284331226,-1.0728557156687728,1.0728557156687728,12,4,11,Autumn
2025-11-07 13:00:00,32.2,33.4155536647945,1.2155536647944984,1.2155536647944984,13,4,11,Autumn
2025-11-07 14:00:00,31.4,33.445418628114815,2.045418628114817,2.045418628114817,14,4,11,Autumn
2025-11-07 15:00:00,30.0,31.93625273229197,1.936252732291969,1.936252732291969,15,4,11,Autumn
2025-11-07 16:00:00,28.2,28.469480177254212,0.2694801772542128,0.2694801772542128,16,4,11,Autumn
2025-11-07 17:00:00,23.9,26.91505908017229,3.0150590801722927,3.0150590801722927,17,4,11,Autumn
2025-11-07 18:00:00,21.0,24.81753444059657,3.817534440596571,3.817534440596571,18,4,11,Autumn
2025-11-07 19:00:00,24.1,24.509879809331377,0.40987980933137536,0.40987980933137536,19,4,11,Autumn
2025-11-07 20:00:00,20.6,21.411262984295547,0.8112629842955457,0.8112629842955457,20,4,11,Autumn
2025-11-07 21:00:00,25.8,22.44455692988196,-3.355443070118042,3.355443070118042,21,4,11,Autumn
2025-11-07 22:00:00,21.2,20.85352738682404,-0.34647261317595834,0.34647261317595834,22,4,11,Autumn
2025-11-07 23:00:00,20.3,19.94665141974263,-0.3533485802573715,0.3533485802573715,23,4,11,Autumn
2025-11-08 00:00:00,11.1,12.251413853514586,1.1514138535145868,1.1514138535145868,0,5,11,Autumn
2025-11-08 01:00:00,13.9,14.735042384700069,0.8350423847000688,0.8350423847000688,1,5,11,Autumn
2025-11-08 02:00:00,16.6,16.652652160977176,0.052652160977174844,0.052652160977174844,2,5,11,Autumn
2025-11-08 03:00:00,19.3,17.868984597435567,-1.4310154025644337,1.4310154025644337,3,5,11,Autumn
2025-11-08 04:00:00,17.7,19.028820356398676,1.3288203563986762,1.3288203563986762,4,5,11,Autumn
2025-11-08 05:00:00,24.3,22.347045562097975,-1.9529544379020258,1.9529544379020258,5,5,11,Autumn
2025-11-08 06:00:00,22.1,22.58712286165158,0.4871228616515779,0.4871228616515779,6,5,11,Autumn
2025-11-08 07:00:00,27.3,25.92054130991555,-1.3794586900844514,1.3794586900844514,7,5,11,Autumn
2025-11-08 08:00:00,24.1,26.545241258464454,2.4452412584644527,2.4452412584644527,8,5,11,Autumn
2025-11-08 09:00:00,20.5,24.397534028198102,3.897534028198102,3.897534028198102,9,5,11,Autumn
2025-11-08 10:00:00,30.1,28.134046461202807,-1.9659535387971943,1.9659535387971943,10,5,11,Autumn
2025-11-08 11:00:00,32.7,31.556752034661876,-1.1432479653381264,1.1432479653381264,11,5,11,Autumn
2025-11-08 12:00:00,32.4,30.025919946651136,-2.3740800533488624,2.3740800533488624,12,5,11,Autumn
2025-11-08 13:00:00,31.5,29.96387425373764,-1.5361257462623605,1.5361257462623605,13,5,11,Autumn
2025-11-08 14:00:00,27.6,29.01339835904513,1.4133983590451287,1.4133983590451287,14,5,11,Autumn
2025-11-08 15:00:00,24.5,27.367337146724335,2.867337146724335,2.867337146724335,15,5,11,Autumn
2025-11-08 16:00:00,28.3,27.588021531898058,-0.7119784681019432,0.7119784681019432,16,5,11,Autumn
2025-11-08 17:00:00,25.9,25.73380922175053,-0.1661907782494687,0.1661907782494687,17,5,11,Autumn
2025-11-08 18:00:00,19.8,19.86210471616281,0.06210471616281055,0.06210471616281055,18,5,11,Autumn
2025-11-08 19:00:00,24.5,23.435316144801316,-1.064683855198684,1.064683855198684,19,5,11,Autumn
2025-11-08 20:00:00,14.6,17.2135729004507,2.6135729004507002,2.6135729004507002,20,5,11,Autumn
2025-11-08 21:00:00,14.1,15.441284629515616,1.3412846295156164,1.3412846295156164,21,5,11,Autumn
2025-11-08 22:00:00,21.7,18.345334950941073,-3.3546650490589265,3.3546650490589265,22,5,11,Autumn
2025-11-08 23:00:00,17.8,16.206914518972752,-1.5930854810272486,1.5930854810272486,23,5,11,Autumn
2025-11-09 00:00:00,12.8,12.834541058007067,0.03454105800706664,0.03454105800706664,0,6,11,Autumn
2025-11-09 01:00:00,15.6,15.864962087167791,0.2649620871677918,0.2649620871677918,1,6,11,Autumn
2025-11-09 02:00:00,15.9,14.115274580839015,-1.784725419160985,1.784725419160985,2,6,11,Autumn
2025-11-09 03:00:00,5.6,13.08331274738095,7.48331274738095,7.48331274738095,3,6,11,Autumn
2025-11-09 04:00:00,14.6,17.335105575813515,2.735105575813515,2.735105575813515,4,6,11,Autumn
2025-11-09 05:00:00,19.9,20.190975694576366,0.2909756945763675,0.2909756945763675,5,6,11,Autumn
2025-11-09 06:00:00,20.8,22.25731053812745,1.457310538127448,1.457310538127448,6,6,11,Autumn
2025-11-09 07:00:00,25.3,24.500760269535427,-0.7992397304645742,0.7992397304645742,7,6,11,Autumn
2025-11-09 08:00:00,30.7,29.85017500557622,-0.8498249944237806,0.8498249944237806,8,6,11,Autumn
2025-11-09 09:00:00,26.6,26.162781211174472,-0.437218788825529,0.437218788825529,9,6,11,Autumn
2025-11-09 10:00:00,24.9,26.802264984190963,1.902264984190964,1.902264984190964,10,6,11,Autumn
2025-11-09 11:00:00,31.2,29.119329709313043,-2.0806702906869567,2.0806702906869567,11,6,11,Autumn
2025-11-09 12:00:00,28.9,28.758032873782323,-0.1419671262176756,0.1419671262176756,12,6,11,Autumn
2025-11-09 13:00:00,29.3,28.917961091328426,-0.382038908671575,0.382038908671575,13,6,11,Autumn
2025-11-09 14:00:00,28.0,28.816849516917042,0.816849516917042,0.816849516917042,14,6,11,Autumn
2025-11-09 15:00:00,36.8,31.843583537057327,-4.95641646294267,4.95641646294267,15,6,11,Autumn
2025-11-09 16:00:00,17.2,22.708253157445345,5.5082531574453455,5.5082531574453455,16,6,11,Autumn
2025-11-09 17:00:00,22.7,21.807705753250566,-0.892294246749433,0.892294246749433,17,6,11,Autumn
2025-11-09 18:00:00,22.2,21.495297985180983,-0.7047020148190164,0.7047020148190164,18,6,11,Autumn
2025-11-09 19:00:00,17.0,21.077378231740962,4.077378231740962,4.077378231740962,19,6,11,Autumn
2025-11-09 20:00:00,21.8,18.59310538978111,-3.2068946102188924,3.2068946102188924,20,6,11,Autumn
2025-11-09 21:00:00,19.8,18.15997500376819,-1.640024996231812,1.640024996231812,21,6,11,Autumn
2025-11-09 22:00:00,15.1,15.388216044752616,0.2882160447526161,0.2882160447526161,22,6,11,Autumn
2025-11-09 23:00:00,13.4,14.40330170865351,1.0033017086535096,1.0033017086535096,23,6,11,Autumn
2025-11-10 00:00:00,18.9,18.948265860735432,0.04826586073543382,0.04826586073543382,0,0,11,Autumn
2025-11-10 01:00:00,19.2,18.91168645116469,-0.28831354883530835,0.28831354883530835,1,0,11,Autumn
2025-11-10 02:00:00,20.1,21.262101453320167,1.1621014533201652,1.1621014533201652,2,0,11,Autumn
2025-11-10 03:00:00,20.9,20.35761462436932,-0.5423853756306798,0.5423853756306798,3,0,11,Autumn
2025-11-10 04:00:00,24.3,23.489103542071742,-0.8108964579282585,0.8108964579282585,4,0,11,Autumn
2025-11-10 05:00:00,28.2,25.528704063824865,-2.6712959361751345,2.6712959361751345,5,0,11,Autumn
2025-11-10 06:00:00,22.4,24.410569814480464,2.0105698144804656,2.0105698144804656,6,0,11,Autumn
2025-11-10 07:00:00,25.2,27.279059932250995,2.0790599322509955,2.0790599322509955,7,0,11,Autumn
2025-11-10 08:00:00,24.3,28.61650346310425,4.316503463104251,4.316503463104251,8,0,11,Autumn
2025-11-10 09:00:00,36.4,33.53605280076628,-2.8639471992337207,2.8639471992337207,9,0,11,Autumn
2025-11-10 10:00:00,35.2,35.52625337452424,0.3262533745242351,0.3262533745242351,10,0,11,Autumn
2025-11-10 11:00:00,37.1,36.09245927605841,-1.0075407239415881,1.0075407239415881,11,0,11,Autumn
2025-11-10 12:00:00,29.6,32.67217506950704,3.07217506950704,3.07217506950704,12,0,11,Autumn
2025-11-10 13:00:00,42.2,37.48106425036667,-4.7189357496333315,4.7189357496333315,13,0,11,Autumn
2025-11-10 14:00:00,31.8,33.504904448012745,1.7049044480127442,1.7049044480127442,14,0,11,Autumn
2025-11-10 15:00:00,33.6,33.64097416586174,0.04097416586174063,0.04097416586174063,15,0,11,Autumn
2025-11-10 16:00:00,34.7,32.35373892165131,-2.3462610783486895,2.3462610783486895,16,0,11,Autumn
2025-11-10 17:00:00,25.4,28.08384553138095,2.6838455313809497,2.6838455313809497,17,0,11,Autumn
2025-11-10 18:00:00,25.1,25.55715103746339,0.45715103746339025,0.45715103746339025,18,0,11,Autumn
2025-11-10 19:00:00,26.0,24.14674758038613,-1.8532524196138702,1.8532524196138702,19,0,11,Autumn
2025-11-10 20:00:00,34.7,27.065284491072852,-7.634715508927151,7.634715508927151,20,0,11,Autumn
2025-11-10 21:00:00,22.9,24.02215664414339,1.1221566441433914,1.1221566441433914,21,0,11,Autumn
2025-11-10 22:00:00,26.8,23.370280864828292,-3.429719135171709,3.429719135171709,22,0,11,Autumn
2025-11-10 23:00:00,24.4,21.522314747902872,-2.8776852520971268,2.8776852520971268,23,0,11,Autumn
2025-11-11 00:00:00,20.9,19.299488535460465,-1.600511464539533,1.600511464539533,0,1,11,Autumn
2025-11-11 01:00:00,15.7,19.299463823386436,3.5994638233864364,3.5994638233864364,1,1,11,Autumn
2025-11-11 02:00:00,24.7,22.542273166444836,-2.157726833555163,2.157726833555163,2,1,11,Autumn
2025-11-11 03:00:00,15.8,19.20636463923727,3.406364639237271,3.406364639237271,3,1,11,Autumn
2025-11-11 04:00:00,29.8,27.301537974244567,-2.4984620257554333,2.4984620257554333,4,1,11,Autumn
2025-11-11 05:00:00,26.1,25.4656428542787,-0.6343571457213031,0.6343571457213031,5,1,11,Autumn
2025-11-11 06:00:00,16.8,22.44567495298375,5.64567495298375,5.64567495298375,6,1,11,Autumn
2025-11-11 07:00:00,28.1,27.602514801021268,-0.4974851989787332,0.4974851989787332,7,1,11,Autumn
2025-11-11 08:00:00,34.0,32.81352280307502,-1.186477196924983,1.186477196924983,8,1,11,Autumn
2025-11-11 09:00:00,32.1,32.22957330925932,0.12957330925932098,0.12957330925932098,9,1,11,Autumn
2025-11-11 10:00:00,37.2,35.52850549865931,-1.671494501340696,1.671494501340696,10,1,11,Autumn
2025-11-11 11:00:00,31.7,35.16060282981884,3.4606028298188427,3.4606028298188427,11,1,11,Autumn
2025-11-11 12:00:00,30.2,34.237940530561325,4.037940530561325,4.037940530561325,12,1,11,Autumn
2025-11-11 13:00:00,34.9,36.238175218531715,1.3381752185317168,1.3381752185317168,13,1,11,Autumn
2025-11-11 14:00:00,34.5,35.053892872894245,0.5538928728942452,0.5538928728942452,14,1,11,Autumn
2025-11-11 15:00:00,31.7,33.512160218797426,1.8121602187974268,1.8121602187974268,15,1,11,Autumn
2025-11-11 16:00:00,36.3,33.613445983070264,-2.6865540169297333,2.6865540169297333,16,1,11,Autumn
2025-11-11 17:00:00,26.1,26.440670848374392,0.34067084837439054,0.34067084837439054,17,1,11,Autumn
2025-11-11 18:00:00,28.7,26.692019391938913,-2.007980608061086,2.007980608061086,18,1,11,Autumn
2025-11-11 19:00:00,25.6,24.86746244581541,-0.7325375541845922,0.7325375541845922,19,1,11,Autumn
2025-11-11 20:00:00,17.2,20.8193290038989,3.619329003898901,3.619329003898901,20,1,11,Autumn
2025-11-11 21:00:00,16.5,19.20237092016264,2.7023709201626396,2.7023709201626396,21,1,11,Autumn
2025-11-11 22:00:00,20.5,20.690322532356415,0.19032253235641505,0.19032253235641505,22,1,11,Autumn
2025-11-11 23:00:00,27.6,23.638963118818243,-3.9610368811817587,3.9610368811817587,23,1,11,Autumn
2025-11-12 00:00:00,21.8,20.386995358192923,-1.4130046418070776,1.4130046418070776,0,2,11,Autumn
2025-11-12 01:00:00,12.9,16.052550923654213,3.1525509236542124,3.1525509236542124,1,2,11,Autumn
2025-11-12 02:00:00,8.2,13.559350094662248,5.359350094662249,5.359350094662249,2,2,11,Autumn
2025-11-12 03:00:00,24.8,21.92855260505496,-2.87144739494504,2.87144739494504,3,2,11,Autumn
2025-11-12 04:00:00,23.1,22.61778014282117,-0.48221985717882987,0.48221985717882987,4,2,11,Autumn
2025-11-12 05:00:00,30.0,28.01690705250887,-1.98309294749113,1.98309294749113,5,2,11,Autumn
2025-11-12 06:00:00,24.0,24.527020613159518,0.5270206131595181,0.5270206131595181,6,2,11,Autumn
2025-11-12 07:00:00,31.0,30.005280336174096,-0.9947196638259044,0.9947196638259044,7,2,11,Autumn
2025-11-12 08:00:00,34.9,32.97676026152126,-1.9232397384787419,1.9232397384787419,8,2,11,Autumn
2025-11-12 09:00:00,31.4,32.04086163454922,0.6408616345492248,0.6408616345492248,9,2,11,Autumn
2025-11-12 10:00:00,32.8,33.62681360552704,0.8268136055270432,0.8268136055270432,10,2,11,Autumn
2025-11-12 11:00:00,35.4,34.0751911303221,-1.3248088696779021,1.3248088696779021,11,2,11,Autumn
2025-11-12 12:00:00,37.7,35.470383143653144,-2.2296168563468584,2.2296168563468584,12,2,11,Autumn
2025-11-12 13:00:00,35.2,34.95198198481933,-0.24801801518067634,0.24801801518067634,13,2,11,Autumn
2025-11-12 14:00:00,38.4,35.25928133213443,-3.1407186678655705,3.1407186678655705,14,2,11,Autumn
2025-11-12 15:00:00,31.3,31.72452811203025,0.42452811203024865,0.42452811203024865,15,2,11,Autumn
2025-11-12 16:00:00,26.2,29.92904637513093,3.729046375130931,3.729046375130931,16,2,11,Autumn
2025-11-12 17:00:00,37.5,30.10491456465563,-7.39508543534437,7.39508543534437,17,2,11,Autumn
2025-11-12 18:00:00,25.1,26.291093559083993,1.191093559083992,1.191093559083992,18,2,11,Autumn
2025-11-12 19:00:00,23.2,24.316589083996032,1.1165890839960326,1.1165890839960326,19,2,11,Autumn
2025-11-12 20:00:00,23.3,23.93578879801234,0.6357887980123387,0.6357887980123387,20,2,11,Autumn
2025-11-12 21:00:00,22.1,21.933619714147085,-0.16638028585291664,0.16638028585291664,21,2,11,Autumn
2025-11-12 22:00:00,19.1,20.428400987430408,1.3284009874304061,1.3284009874304061,22,2,11,Autumn
2025-11-12 23:00:00,19.7,20.245003488759522,0.545003488759523,0.545003488759523,23,2,11,Autumn
2025-11-13 00:00:00,19.5,19.340135905837624,-0.15986409416237635,0.15986409416237635,0,3,11,Autumn
2025-11-13 01:00:00,20.6,18.982287786453426,-1.6177122135465751,1.6177122135465751,1,3,11,Autumn
2025-11-13 02:00:00,11.3,17.207922182362104,5.907922182362103,5.907922182362103,2,3,11,Autumn
2025-11-13 03:00:00,29.5,24.9110708015831,-4.588929198416899,4.588929198416899,3,3,11,Autumn
2025-11-13 04:00:00,23.1,23.596013867877957,0.49601386787795576,0.49601386787795576,4,3,11,Autumn
2025-11-13 05:00:00,27.9,25.469665774583817,-2.430334225416182,2.430334225416182,5,3,11,Autumn
2025-11-13 06:00:00,22.1,26.16113879948554,4.061138799485537,4.061138799485537,6,3,11,Autumn
2025-11-13 07:00:00,27.8,27.911930116044836,0.11193011604483516,0.11193011604483516,7,3,11,Autumn
2025-11-13 08:00:00,29.0,30.229525357930832,1.2295253579308323,1.2295253579308323,8,3,11,Autumn
2025-11-13 09:00:00,39.2,34.8906783615523,-4.309321638447706,4.309321638447706,9,3,11,Autumn
2025-11-13 10:00:00,32.2,31.9316859856743,-0.26831401432570345,0.26831401432570345,10,3,11,Autumn
2025-11-13 11:00:00,38.4,36.59270997236822,-1.8072900276317796,1.8072900276317796,11,3,11,Autumn
2025-11-13 12:00:00,33.0,33.41810951795245,0.4181095179524519,0.4181095179524519,12,3,11,Autumn
2025-11-13 13:00:00,33.6,33.998470930933095,0.3984709309330938,0.3984709309330938,13,3,11,Autumn
2025-11-13 14:00:00,33.6,34.25719766336877,0.6571976633687697,0.6571976633687697,14,3,11,Autumn
2025-11-13 15:00:00,38.4,34.53727620423071,-3.8627237957692913,3.8627237957692913,15,3,11,Autumn
2025-11-13 16:00:00,24.1,29.84070723041515,5.740707230415147,5.740707230415147,16,3,11,Autumn
2025-11-13 17:00:00,24.5,27.692505292283286,3.192505292283286,3.192505292283286,17,3,11,Autumn
2025-11-13 18:00:00,19.9,24.131440213244314,4.231440213244316,4.231440213244316,18,3,11,Autumn
2025-11-13 19:00:00,21.2,23.20751418516747,2.0075141851674694,2.0075141851674694,19,3,11,Autumn
2025-11-13 20:00:00,20.4,23.03034494340008,2.6303449434000825,2.6303449434000825,20,3,11,Autumn
2025-11-13 21:00:00,15.5,19.606927180495877,4.106927180495877,4.106927180495877,21,3,11,Autumn
2025-11-13 22:00:00,17.8,17.00636701605994,-0.7936329839400607,0.7936329839400607,22,3,11,Autumn
2025-11-13 23:00:00,11.9,14.791112316407304,2.8911123164073036,2.8911123164073036,23,3,11,Autumn
2025-11-14 00:00:00,15.7,17.942126345083828,2.242126345083829,2.242126345083829,0,4,11,Autumn
2025-11-14 01:00:00,24.8,22.539849660703073,-2.2601503392969278,2.2601503392969278,1,4,11,Autumn
2025-11-14 02:00:00,22.4,22.493918259951247,0.09391825995124847,0.09391825995124847,2,4,11,Autumn
2025-11-14 03:00:00,22.9,23.128332322308363,0.22833232230836487,0.22833232230836487,3,4,11,Autumn
2025-11-14 04:00:00,19.8,21.970069602742583,2.1700696027425828,2.1700696027425828,4,4,11,Autumn
2025-11-14 05:00:00,19.5,23.412467903595875,3.912467903595875,3.912467903595875,5,4,11,Autumn
2025-11-14 06:00:00,23.2,23.73853057676305,0.5385305767630513,0.5385305767630513,6,4,11,Autumn
2025-11-14 07:00:00,29.7,27.87326953505051,-1.8267304649494882,1.8267304649494882,7,4,11,Autumn
2025-11-14 08:00:00,35.2,32.838015181464435,-2.361984818535568,2.361984818535568,8,4,11,Autumn
2025-11-14 09:00:00,37.0,35.25163804220855,-1.7483619577914524,1.7483619577914524,9,4,11,Autumn
2025-11-14 10:00:00,37.2,34.67330279865873,-2.526697201341271,2.526697201341271,10,4,11,Autumn
2025-11-14 11:00:00,32.5,33.242307102116285,0.7423071021162855,0.7423071021162855,11,4,11,Autumn
2025-11-14 12:00:00,35.9,34.157403509277756,-1.7425964907222422,1.7425964907222422,12,4,11,Autumn
2025-11-14 13:00:00,34.2,33.73741153289146,-0.46258846710854584,0.46258846710854584,13,4,11,Autumn
2025-11-14 14:00:00,33.9,34.484165539355644,0.5841655393556451,0.5841655393556451,14,4,11,Autumn
2025-11-14 15:00:00,41.6,36.61497040381901,-4.985029596180993,4.985029596180993,15,4,11,Autumn
2025-11-14 16:00:00,24.7,27.930756595389177,3.2307565953891775,3.2307565953891775,16,4,11,Autumn
2025-11-14 17:00:00,28.9,28.642761854840593,-0.25723814515940546,0.25723814515940546,17,4,11,Autumn
2025-11-14 18:00:00,32.6,29.092181592335486,-3.507818407664516,3.507818407664516,18,4,11,Autumn
2025-11-14 19:00:00,19.8,22.29473647953419,2.4947364795341898,2.4947364795341898,19,4,11,Autumn
2025-11-14 20:00:00,21.2,22.655555840878662,1.455555840878663,1.455555840878663,20,4,11,Autumn
2025-11-14 21:00:00,20.0,21.342906404050893,1.3429064040508933,1.3429064040508933,21,4,11,Autumn
2025-11-14 22:00:00,19.9,19.008580054680557,-0.8914199453194414,0.8914199453194414,22,4,11,Autumn
2025-11-14 23:00:00,13.7,17.78365061283666,4.08365061283666,4.08365061283666,23,4,11,Autumn
2025-11-15 00:00:00,17.3,15.523968297196758,-1.7760317028032429,1.7760317028032429,0,5,11,Autumn
2025-11-15 01:00:00,17.8,16.913678829740867,-0.8863211702591336,0.8863211702591336,1,5,11,Autumn
2025-11-15 02:00:00,18.0,16.918296741655517,-1.0817032583444828,1.0817032583444828,2,5,11,Autumn
2025-11-15 03:00:00,13.7,18.003695680866045,4.303695680866046,4.303695680866046,3,5,11,Autumn
2025-11-15 04:00:00,19.2,19.6171020662908,0.41710206629080204,0.41710206629080204,4,5,11,Autumn
2025-11-15 05:00:00,17.2,19.916964552165293,2.716964552165294,2.716964552165294,5,5,11,Autumn
2025-11-15 06:00:00,21.6,21.635885311355544,0.035885311355542626,0.035885311355542626,6,5,11,Autumn
2025-11-15 07:00:00,33.6,27.110065038426736,-6.489934961573265,6.489934961573265,7,5,11,Autumn
2025-11-15 08:00:00,27.3,27.14261013356953,-0.1573898664304707,0.1573898664304707,8,5,11,Autumn
2025-11-15 09:00:00,23.8,26.39653653814075,2.59653653814075,2.59653653814075,9,5,11,Autumn
2025-11-15 10:00:00,30.5,29.713403775042696,-0.7865962249573037,0.7865962249573037,10,5,11,Autumn
2025-11-15 11:00:00,25.2,27.622111659981787,2.4221116599817876,2.4221116599817876,11,5,11,Autumn
2025-11-15 12:00:00,26.1,27.692324141819185,1.5923241418191836,1.5923241418191836,12,5,11,Autumn
2025-11-15 13:00:00,26.4,26.399614497296064,-0.0003855027039350034,0.0003855027039350034,13,5,11,Autumn
2025-11-15 14:00:00,28.0,27.00487307781371,-0.9951269221862908,0.9951269221862908,14,5,11,Autumn
2025-11-15 15:00:00,32.3,30.1280822421821,-2.171917757817898,2.171917757817898,15,5,11,Autumn
2025-11-15 16:00:00,29.2,27.812550265635835,-1.3874497343641643,1.3874497343641643,16,5,11,Autumn
2025-11-15 17:00:00,27.0,24.929027179154595,-2.0709728208454052,2.0709728208454052,17,5,11,Autumn
2025-11-15 18:00:00,18.5,21.585491742263535,3.0854917422635353,3.0854917422635353,18,5,11,Autumn
2025-11-15 19:00:00,18.6,19.87337613993451,1.2733761399345092,1.2733761399345092,19,5,11,Autumn
2025-11-15 20:00:00,20.0,17.21001278046533,-2.7899872195346695,2.7899872195346695,20,5,11,Autumn
2025-11-15 21:00:00,14.7,15.579665714244237,0.8796657142442381,0.8796657142442381,21,5,11,Autumn
2025-11-15 22:00:00,14.8,15.595977180894,0.795977180893999,0.795977180893999,22,5,11,Autumn
2025-11-15 23:00:00,16.9,16.333464133276173,-0.5665358667238252,0.5665358667238252,23,5,11,Autumn
2025-11-16 00:00:00,13.6,13.736336640900937,0.13633664090093767,0.13633664090093767,0,6,11,Autumn
2025-11-16 01:00:00,16.2,15.385130582211342,-0.8148694177886568,0.8148694177886568,1,6,11,Autumn
2025-11-16 02:00:00,22.4,18.71691445721574,-3.6830855427842586,3.6830855427842586,2,6,11,Autumn
2025-11-16 03:00:00,16.7,17.426084622600015,0.7260846226000162,0.7260846226000162,3,6,11,Autumn
2025-11-16 04:00:00,23.7,18.545513312289888,-5.154486687710111,5.154486687710111,4,6,11,Autumn
2025-11-16 05:00:00,23.2,22.055701418018614,-1.144298581981385,1.144298581981385,5,6,11,Autumn
2025-11-16 06:00:00,17.1,19.299922880528356,2.199922880528355,2.199922880528355,6,6,11,Autumn
2025-11-16 07:00:00,20.7,22.892488113221265,2.192488113221266,2.192488113221266,7,6,11,Autumn
2025-11-16 08:00:00,23.7,26.01770664220334,2.3177066422033406,2.3177066422033406,8,6,11,Autumn
2025-11-16 09:00:00,25.2,27.681774652597976,2.481774652597977,2.481774652597977,9,6,11,Autumn
2025-11-16 10:00:00,29.6,29.667104946719082,0.06710494671908052,0.06710494671908052,10,6,11,Autumn
2025-11-16 11:00:00,33.2,31.861919698601938,-1.3380803013980653,1.3380803013980653,11,6,11,Autumn
2025-11-16 12:00:00,36.0,34.50078136650943,-1.499218633490571,1.499218633490571,12,6,11,Autumn
2025-11-16 13:00:00,32.0,31.05342191701326,-0.9465780829867398,0.9465780829867398,13,6,11,Autumn
2025-11-16 14:00:00,28.2,29.215197672031735,1.0151976720317357,1.0151976720317357,14,6,11,Autumn
2025-11-16 15:00:00,20.3,25.42084426430837,5.120844264308371,5.120844264308371,15,6,11,Autumn
2025-11-16 16:00:00,27.3,24.56052541555172,-2.7394745844482813,2.7394745844482813,16,6,11,Autumn
2025-11-16 17:00:00,25.2,25.324813276926566,0.12481327692656663,0.12481327692656663,17,6,11,Autumn
2025-11-16 18:00:00,23.7,23.669444348994407,-0.03055565100559221,0.03055565100559221,18,6,11,Autumn
2025-11-16 19:00:00,29.4,23.431535779964715,-5.968464220035283,5.968464220035283,19,6,11,Autumn
2025-11-16 20:00:00,24.0,22.520162879776905,-1.4798371202230953,1.4798371202230953,20,6,11,Autumn
2025-11-16 21:00:00,20.5,19.032775041631155,-1.4672249583688455,1.4672249583688455,21,6,11,Autumn
2025-11-16 22:00:00,12.2,15.302069928181542,3.1020699281815425,3.1020699281815425,22,6,11,Autumn
2025-11-16 23:00:00,13.2,14.413552235982717,1.2135522359827178,1.2135522359827178,23,6,11,Autumn
2025-11-17 00:00:00,19.8,20.502858320658305,0.7028583206583043,0.7028583206583043,0,0,11,Autumn
2025-11-17 01:00:00,17.3,19.160773182508024,1.860773182508023,1.860773182508023,1,0,11,Autumn
2025-11-17 02:00:00,23.2,21.900130362278354,-1.2998696377216454,1.2998696377216454,2,0,11,Autumn
2025-11-17 03:00:00,23.9,22.593847384928882,-1.3061526150711167,1.3061526150711167,3,0,11,Autumn
2025-11-17 04:00:00,19.8,21.428239031474472,1.6282390314744717,1.6282390314744717,4,0,11,Autumn
2025-11-17 05:00:00,30.8,27.331063187977367,-3.4689368120226334,3.4689368120226334,5,0,11,Autumn
2025-11-17 06:00:00,28.5,27.285684515590397,-1.2143154844096031,1.2143154844096031,6,0,11,Autumn
2025-11-17 07:00:00,23.3,26.87432157785848,3.5743215778584805,3.5743215778584805,7,0,11,Autumn
2025-11-17 08:00:00,31.9,30.379824427368508,-1.5201755726314907,1.5201755726314907,8,0,11,Autumn
2025-11-17 09:00:00,34.9,33.20994219114913,-1.6900578088508666,1.6900578088508666,9,0,11,Autumn
2025-11-17 10:00:00,38.9,36.22273975738032,-2.677260242619681,2.677260242619681,10,0,11,Autumn
2025-11-17 11:00:00,34.5,35.69186439906968,1.1918643990696793,1.1918643990696793,11,0,11,Autumn
2025-11-17 12:00:00,39.4,36.58192085572079,-2.81807914427921,2.81807914427921,12,0,11,Autumn
2025-11-17 13:00:00,36.6,35.0776674521855,-1.5223325478145,1.5223325478145,13,0,11,Autumn
2025-11-17 14:00:00,29.8,33.17857569515222,3.378575695152218,3.378575695152218,14,0,11,Autumn
2025-11-17 15:00:00,28.1,31.43152716812572,3.3315271681257173,3.3315271681257173,15,0,11,Autumn
2025-11-17 16:00:00,36.6,32.65995411627053,-3.940045883729475,3.940045883729475,16,0,11,Autumn
2025-11-17 17:00:00,35.0,30.184240309796415,-4.815759690203585,4.815759690203585,17,0,11,Autumn
2025-11-17 18:00:00,29.4,28.34366733398275,-1.0563326660172478,1.0563326660172478,18,0,11,Autumn
2025-11-17 19:00:00,32.0,29.276483645221536,-2.7235163547784644,2.7235163547784644,19,0,11,Autumn
2025-11-17 20:00:00,28.4,27.602407342870272,-0.7975926571297265,0.7975926571297265,20,0,11,Autumn
2025-11-17 21:00:00,25.2,24.2308426346216,-0.9691573653784005,0.9691573653784005,21,0,11,Autumn
2025-11-17 22:00:00,17.6,20.456184786408905,2.856184786408903,2.856184786408903,22,0,11,Autumn
2025-11-17 23:00:00,27.3,23.349016984990605,-3.9509830150093954,3.9509830150093954,23,0,11,Autumn
2025-11-18 00:00:00,22.4,22.08219837354088,-0.3178016264591186,0.3178016264591186,0,1,11,Autumn
2025-11-18 01:00:00,19.0,19.6566593284618,0.6566593284617994,0.6566593284617994,1,1,11,Autumn
2025-11-18 02:00:00,18.7,20.126044584232847,1.426044584232848,1.426044584232848,2,1,11,Autumn
2025-11-18 03:00:00,23.6,22.907393797345822,-0.6926062026541793,0.6926062026541793,3,1,11,Autumn
2025-11-18 04:00:00,17.6,21.644049254408024,4.044049254408023,4.044049254408023,4,1,11,Autumn
2025-11-18 05:00:00,29.0,27.627575570034686,-1.3724244299653137,1.3724244299653137,5,1,11,Autumn
2025-11-18 06:00:00,24.4,25.448357259987088,1.048357259987089,1.048357259987089,6,1,11,Autumn
2025-11-18 07:00:00,31.8,28.64336443020953,-3.1566355697904704,3.1566355697904704,7,1,11,Autumn
2025-11-18 08:00:00,30.2,31.159310604811637,0.9593106048116375,0.9593106048116375,8,1,11,Autumn
2025-11-18 09:00:00,32.9,32.60752809051098,-0.29247190948901647,0.29247190948901647,9,1,11,Autumn
2025-11-18 10:00:00,32.2,32.96253191479229,0.7625319147922838,0.7625319147922838,10,1,11,Autumn
2025-11-18 11:00:00,35.3,35.74903836917113,0.4490383691711344,0.4490383691711344,11,1,11,Autumn
2025-11-18 12:00:00,43.8,38.06003044519621,-5.7399695548037855,5.7399695548037855,12,1,11,Autumn
2025-11-18 13:00:00,41.5,36.98802020323878,-4.511979796761217,4.511979796761217,13,1,11,Autumn
2025-11-18 14:00:00,36.6,34.48464914977739,-2.1153508502226117,2.1153508502226117,14,1,11,Autumn
2025-11-18 15:00:00,33.8,33.058962421829364,-0.7410375781706335,0.7410375781706335,15,1,11,Autumn
2025-11-18 16:00:00,35.6,32.47008506029674,-3.129914939703262,3.129914939703262,16,1,11,Autumn
2025-11-18 17:00:00,34.8,31.908282908567994,-2.891717091432003,2.891717091432003,17,1,11,Autumn
2025-11-18 18:00:00,24.9,28.394294462137182,3.4942944621371836,3.4942944621371836,18,1,11,Autumn
2025-11-18 19:00:00,25.9,26.644236007764043,0.7442360077640444,0.7442360077640444,19,1,11,Autumn
2025-11-18 20:00:00,17.0,21.981662168004792,4.981662168004792,4.981662168004792,20,1,11,Autumn
2025-11-18 21:00:00,27.1,23.307291132038742,-3.7927088679612595,3.7927088679612595,21,1,11,Autumn
2025-11-18 22:00:00,29.6,24.24140393202586,-5.3585960679741405,5.3585960679741405,22,1,11,Autumn
2025-11-18 23:00:00,20.8,20.39378859593929,-0.4062114040607092,0.4062114040607092,23,1,11,Autumn
2025-11-19 00:00:00,11.9,17.093867956352366,5.193867956352365,5.193867956352365,0,2,11,Autumn
2025-11-19 01:00:00,23.1,22.134653580720773,-0.9653464192792285,0.9653464192792285,1,2,11,Autumn
2025-11-19 02:00:00,17.8,19.891439048019233,2.0914390480192324,2.0914390480192324,2,2,11,Autumn
2025-11-19 03:00:00,20.1,21.339237110411236,1.239237110411235,1.239237110411235,3,2,11,Autumn
2025-11-19 04:00:00,26.9,24.499301729806618,-2.400698270193381,2.400698270193381,4,2,11,Autumn
2025-11-19 05:00:00,27.3,26.377310825371193,-0.9226891746288075,0.9226891746288075,5,2,11,Autumn
2025-11-19 06:00:00,26.4,27.19255530301572,0.7925553030157211,0.7925553030157211,6,2,11,Autumn
2025-11-19 07:00:00,27.9,28.018154045817734,0.11815404581773592,0.11815404581773592,7,2,11,Autumn
2025-11-19 08:00:00,32.9,31.630000707291963,-1.269999292708036,1.269999292708036,8,2,11,Autumn
2025-11-19 09:00:00,32.4,31.52260000632858,-0.8773999936714176,0.8773999936714176,9,2,11,Autumn
2025-11-19 10:00:00,30.9,32.907495395156765,2.0074953951567664,2.0074953951567664,10,2,11,Autumn
2025-11-19 11:00:00,34.8,35.076819220515226,0.2768192205152289,0.2768192205152289,11,2,11,Autumn
2025-11-19 12:00:00,37.7,35.61689598361326,-2.0831040163867414,2.0831040163867414,12,2,11,Autumn
2025-11-19 13:00:00,35.4,36.04850097012414,0.6485009701241395,0.6485009701241395,13,2,11,Autumn
2025-11-19 14:00:00,29.7,32.42036992510022,2.7203699251002185,2.7203699251002185,14,2,11,Autumn
2025-11-19 15:00:00,38.0,34.60670071840487,-3.3932992815951266,3.3932992815951266,15,2,11,Autumn
2025-11-19 16:00:00,21.4,28.73014400932823,7.330144009328233,7.330144009328233,16,2,11,Autumn
2025-11-19 17:00:00,28.7,30.214128005811446,1.5141280058114468,1.5141280058114468,17,2,11,Autumn
2025-11-19 18:00:00,25.9,26.134110815517996,0.2341108155179974,0.2341108155179974,18,2,11,Autumn
2025-11-19 19:00:00,26.9,25.888550698105316,-1.0114493018946824,1.0114493018946824,19,2,11,Autumn
2025-11-19 20:00:00,26.6,25.204534029491473,-1.3954659705085284,1.3954659705085284,20,2,11,Autumn
2025-11-19 21:00:00,27.2,23.32352184115362,-3.8764781588463784,3.8764781588463784,21,2,11,Autumn
2025-11-19 22:00:00,18.6,22.02676232645242,3.426762326452419,3.426762326452419,22,2,11,Autumn
2025-11-19 23:00:00,23.0,21.307430972679708,-1.6925690273202925,1.6925690273202925,23,2,11,Autumn
2025-11-20 00:00:00,21.3,19.675520374870818,-1.624479625129183,1.624479625129183,0,3,11,Autumn
2025-11-20 01:00:00,13.9,18.366768240090337,4.466768240090337,4.466768240090337,1,3,11,Autumn
2025-11-20 02:00:00,29.2,23.233143330476032,-5.966856669523967,5.966856669523967,2,3,11,Autumn
2025-11-20 03:00:00,17.1,21.536530643815652,4.436530643815651,4.436530643815651,3,3,11,Autumn
2025-11-20 04:00:00,26.2,25.678218828604212,-0.5217811713957872,0.5217811713957872,4,3,11,Autumn
2025-11-20 05:00:00,28.0,27.362791414552905,-0.6372085854470946,0.6372085854470946,5,3,11,Autumn
2025-11-20 06:00:00,29.6,28.14073141165498,-1.4592685883450223,1.4592685883450223,6,3,11,Autumn
2025-11-20 07:00:00,28.6,29.417767657334405,0.8177676573344037,0.8177676573344037,7,3,11,Autumn
2025-11-20 08:00:00,35.8,32.95278250682962,-2.847217493170376,2.847217493170376,8,3,11,Autumn
2025-11-20 09:00:00,27.9,30.920487865063635,3.020487865063636,3.020487865063636,9,3,11,Autumn
2025-11-20 10:00:00,35.2,34.26631801254992,-0.9336819874500861,0.9336819874500861,10,3,11,Autumn
2025-11-20 11:00:00,34.0,34.42740198375727,0.4274019837572709,0.4274019837572709,11,3,11,Autumn
2025-11-20 12:00:00,33.8,35.27166498987879,1.4716649898787963,1.4716649898787963,12,3,11,Autumn
2025-11-20 13:00:00,38.0,35.389626727547615,-2.610373272452385,2.610373272452385,13,3,11,Autumn
2025-11-20 14:00:00,39.8,36.403500741445264,-3.3964992585547336,3.3964992585547336,14,3,11,Autumn
2025-11-20 15:00:00,32.8,33.495482094891905,0.6954820948919078,0.6954820948919078,15,3,11,Autumn
2025-11-20 16:00:00,35.6,32.52829148765096,-3.0717085123490406,3.0717085123490406,16,3,11,Autumn
2025-11-20 17:00:00,30.8,28.948494063177066,-1.8515059368229352,1.8515059368229352,17,3,11,Autumn
2025-11-20 18:00:00,24.9,26.96250331787159,2.0625033178715917,2.0625033178715917,18,3,11,Autumn
2025-11-20 19:00:00,25.4,25.38342741148519,-0.016572588514808473,0.016572588514808473,19,3,11,Autumn
2025-11-20 20:00:00,23.3,24.11962934158076,0.819629341580761,0.819629341580761,20,3,11,Autumn
2025-11-20 21:00:00,20.1,21.935464532567828,1.8354645325678263,1.8354645325678263,21,3,11,Autumn
2025-11-20 22:00:00,23.3,21.76820039035133,-1.5317996096486723,1.5317996096486723,22,3,11,Autumn
2025-11-20 23:00:00,21.7,20.97834208775364,-0.7216579122463607,0.7216579122463607,23,3,11,Autumn
2025-11-21 00:00:00,14.3,17.293518349690135,2.9935183496901345,2.9935183496901345,0,4,11,Autumn
2025-11-21 01:00:00,14.3,17.43241826320724,3.1324182632072386,3.1324182632072386,1,4,11,Autumn
2025-11-21 02:00:00,23.4,22.43204143781971,-0.9679585621802893,0.9679585621802893,2,4,11,Autumn
2025-11-21 03:00:00,19.7,21.35367177479219,1.6536717747921905,1.6536717747921905,3,4,11,Autumn
2025-11-21 04:00:00,25.9,24.738902999107232,-1.1610970008927666,1.1610970008927666,4,4,11,Autumn
2025-11-21 05:00:00,29.7,26.688469672263224,-3.011530327736775,3.011530327736775,5,4,11,Autumn
2025-11-21 06:00:00,23.6,26.0651783181683,2.4651783181682987,2.4651783181682987,6,4,11,Autumn
2025-11-21 07:00:00,25.1,28.66150224362,3.561502243619998,3.561502243619998,7,4,11,Autumn
2025-11-21 08:00:00,39.3,32.89459609543897,-6.405403904561027,6.405403904561027,8,4,11,Autumn
2025-11-21 09:00:00,35.7,33.05629883962277,-2.6437011603772334,2.6437011603772334,9,4,11,Autumn
2025-11-21 10:00:00,33.9,33.85924865884379,-0.040751341156209264,0.040751341156209264,10,4,11,Autumn
2025-11-21 11:00:00,32.6,34.13504083167261,1.5350408316726103,1.5350408316726103,11,4,11,Autumn
2025-11-21 12:00:00,34.6,35.494050081324815,0.8940500813248136,0.8940500813248136,12,4,11,Autumn
2025-11-21 13:00:00,31.6,34.61845136186044,3.0184513618604356,3.0184513618604356,13,4,11,Autumn
2025-11-21 14:00:00,39.1,36.1328452142876,-2.9671547857124025,2.9671547857124025,14,4,11,Autumn
2025-11-21 15:00:00,31.2,33.60094166812859,2.400941668128592,2.400941668128592,15,4,11,Autumn
2025-11-21 16:00:00,37.0,32.63101131794414,-4.368988682055857,4.368988682055857,16,4,11,Autumn
2025-11-21 17:00:00,29.1,30.08248828472746,0.9824882847274594,0.9824882847274594,17,4,11,Autumn
2025-11-21 18:00:00,24.5,26.52533579224719,2.0253357922471906,2.0253357922471906,18,4,11,Autumn
2025-11-21 19:00:00,24.9,24.18827754885361,-0.7117224511463895,0.7117224511463895,19,4,11,Autumn
2025-11-21 20:00:00,14.1,21.241923673958375,7.141923673958376,7.141923673958376,20,4,11,Autumn
2025-11-21 21:00:00,22.5,21.941587017835865,-0.5584129821641355,0.5584129821641355,21,4,11,Autumn
2025-11-21 22:00:00,21.0,21.44078554347553,0.4407855434755312,0.4407855434755312,22,4,11,Autumn
2025-11-21 23:00:00,24.2,23.919572619449486,-0.2804273805505133,0.2804273805505133,23,4,11,Autumn
2025-11-22 00:00:00,8.2,12.19095830246628,3.9909583024662805,3.9909583024662805,0,5,11,Autumn
2025-11-22 01:00:00,20.7,18.6004159662204,-2.0995840337795997,2.0995840337795997,1,5,11,Autumn
2025-11-22 02:00:00,20.1,19.322357245761527,-0.7776427542384745,0.7776427542384745,2,5,11,Autumn
2025-11-22 03:00:00,23.1,20.379329538097927,-2.720670461902074,2.720670461902074,3,5,11,Autumn
2025-11-22 04:00:00,19.6,20.059880155479732,0.4598801554797305,0.4598801554797305,4,5,11,Autumn
2025-11-22 05:00:00,25.8,23.942924084620227,-1.8570759153797738,1.8570759153797738,5,5,11,Autumn
2025-11-22 06:00:00,17.9,19.90950886199555,2.0095088619955526,2.0095088619955526,6,5,11,Autumn
2025-11-22 07:00:00,28.7,27.18922242971951,-1.5107775702804886,1.5107775702804886,7,5,11,Autumn
2025-11-22 08:00:00,24.7,26.977576027437628,2.277576027437629,2.277576027437629,8,5,11,Autumn
2025-11-22 09:00:00,22.8,24.773069568518473,1.973069568518472,1.973069568518472,9,5,11,Autumn
2025-11-22 10:00:00,26.2,27.361968108041808,1.1619681080418083,1.1619681080418083,10,5,11,Autumn
2025-11-22 11:00:00,31.5,30.85681196682919,-0.6431880331708086,0.6431880331708086,11,5,11,Autumn
2025-11-22 12:00:00,28.5,29.1566902384373,0.6566902384372995,0.6566902384372995,12,5,11,Autumn
2025-11-22 13:00:00,33.0,30.692495336313403,-2.307504663686597,2.307504663686597,13,5,11,Autumn
2025-11-22 14:00:00,23.5,25.722515525394073,2.2225155253940727,2.2225155253940727,14,5,11,Autumn
2025-11-22 15:00:00,20.9,24.42323491282197,3.523234912821973,3.523234912821973,15,5,11,Autumn
2025-11-22 16:00:00,33.3,30.318549481901822,-2.9814505180981747,2.9814505180981747,16,5,11,Autumn
2025-11-22 17:00:00,29.5,26.74460418096913,-2.75539581903087,2.75539581903087,17,5,11,Autumn
2025-11-22 18:00:00,19.6,21.18654794402555,1.586547944025547,1.586547944025547,18,5,11,Autumn
2025-11-22 19:00:00,21.7,21.746708095367644,0.046708095367645086,0.046708095367645086,19,5,11,Autumn
2025-11-22 20:00:00,23.9,21.209620567378643,-2.6903794326213557,2.6903794326213557,20,5,11,Autumn
2025-11-22 21:00:00,19.8,18.054762832802503,-1.745237167197498,1.745237167197498,21,5,11,Autumn
2025-11-22 22:00:00,17.4,17.666778821077703,0.266778821077704,0.266778821077704,22,5,11,Autumn
2025-11-22 23:00:00,20.4,18.537864007270397,-1.862135992729602,1.862135992729602,23,5,11,Autumn
2025-11-23 00:00:00,13.0,13.464055289904744,0.4640552899047439,0.4640552899047439,0,6,11,Autumn
2025-11-23 01:00:00,16.3,16.39981692972248,0.09981692972247913,0.09981692972247913,1,6,11,Autumn
2025-11-23 02:00:00,16.9,17.074869516497735,0.1748695164977363,0.1748695164977363,2,6,11,Autumn
2025-11-23 03:00:00,17.2,18.39469219673309,1.1946921967330901,1.1946921967330901,3,6,11,Autumn
2025-11-23 04:00:00,18.4,20.173190294045174,1.7731902940451754,1.7731902940451754,4,6,11,Autumn
2025-11-23 05:00:00,22.1,22.321305174922482,0.22130517492248103,0.22130517492248103,5,6,11,Autumn
2025-11-23 06:00:00,24.1,22.730228558255508,-1.3697714417444935,1.3697714417444935,6,6,11,Autumn
2025-11-23 07:00:00,21.8,23.958951030850717,2.158951030850716,2.158951030850716,7,6,11,Autumn
2025-11-23 08:00:00,31.1,29.57556666913378,-1.52443333086622,1.52443333086622,8,6,11,Autumn
2025-11-23 09:00:00,25.7,27.27305489992268,1.5730548999226812,1.5730548999226812,9,6,11,Autumn
2025-11-23 10:00:00,30.0,29.899124608096837,-0.10087539190316264,0.10087539190316264,10,6,11,Autumn
2025-11-23 11:00:00,30.5,31.137720998490753,0.637720998490753,0.637720998490753,11,6,11,Autumn
2025-11-23 12:00:00,33.3,32.883339535972404,-0.4166604640275935,0.4166604640275935,12,6,11,Autumn
2025-11-23 13:00:00,23.2,27.62381481511489,4.423814815114891,4.423814815114891,13,6,11,Autumn
2025-11-23 14:00:00,34.4,32.07453813221911,-2.325461867780888,2.325461867780888,14,6,11,Autumn
2025-11-23 15:00:00,26.9,27.825880754703835,0.9258807547038366,0.9258807547038366,15,6,11,Autumn
2025-11-23 16:00:00,32.8,30.383358820599668,-2.4166411794003295,2.4166411794003295,16,6,11,Autumn
2025-11-23 17:00:00,24.1,25.447727874279522,1.3477278742795207,1.3477278742795207,17,6,11,Autumn
2025-11-23 18:00:00,23.7,23.555545694050807,-0.14445430594919273,0.14445430594919273,18,6,11,Autumn
2025-11-23 19:00:00,29.5,25.295951722355444,-4.2040482776445565,4.2040482776445565,19,6,11,Autumn
2025-11-23 20:00:00,18.8,19.83994344212747,1.0399434421274698,1.0399434421274698,20,6,11,Autumn
2025-11-23 21:00:00,23.2,21.656540182953776,-1.543459817046223,1.543459817046223,21,6,11,Autumn
2025-11-23 22:00:00,17.1,18.252273456070775,1.1522734560707732,1.1522734560707732,22,6,11,Autumn
2025-11-23 23:00:00,17.8,17.239044016817502,-0.5609559831824988,0.5609559831824988,23,6,11,Autumn
2025-11-24 00:00:00,21.3,21.360132489507812,0.06013248950781147,0.06013248950781147,0,0,11,Autumn
2025-11-24 01:00:00,24.7,23.335733503632127,-1.364266496367872,1.364266496367872,1,0,11,Autumn
2025-11-24 02:00:00,19.4,20.395954100579832,0.9959541005798336,0.9959541005798336,2,0,11,Autumn
2025-11-24 03:00:00,19.5,21.92197349555287,2.4219734955528693,2.4219734955528693,3,0,11,Autumn
2025-11-24 04:00:00,22.5,23.65964634052922,1.1596463405292212,1.1596463405292212,4,0,11,Autumn
2025-11-24 05:00:00,27.4,25.931456322476038,-1.4685436775239609,1.4685436775239609,5,0,11,Autumn
2025-11-24 06:00:00,28.2,28.347971153962305,0.1479711539623061,0.1479711539623061,6,0,11,Autumn
2025-11-24 07:00:00,34.0,32.00500359807049,-1.9949964019295123,1.9949964019295123,7,0,11,Autumn
2025-11-24 08:00:00,38.3,35.03312298405181,-3.2668770159481895,3.2668770159481895,8,0,11,Autumn
2025-11-24 09:00:00,30.8,31.691715292853704,0.8917152928537035,0.8917152928537035,9,0,11,Autumn
2025-11-24 10:00:00,33.0,34.168624939105406,1.1686249391054062,1.1686249391054062,10,0,11,Autumn
2025-11-24 11:00:00,31.0,34.933977758963756,3.9339777589637563,3.9339777589637563,11,0,11,Autumn
2025-11-24 12:00:00,45.2,39.804138334737004,-5.3958616652629985,5.3958616652629985,12,0,11,Autumn
2025-11-24 13:00:00,38.0,36.4964558438993,-1.503544156100702,1.503544156100702,13,0,11,Autumn
2025-11-24 14:00:00,37.9,36.38778924450223,-1.5122107554977688,1.5122107554977688,14,0,11,Autumn
2025-11-24 15:00:00,29.3,32.737149844567305,3.4371498445673048,3.4371498445673048,15,0,11,Autumn
2025-11-24 16:00:00,33.0,32.999780682809934,-0.00021931719006573758,0.00021931719006573758,16,0,11,Autumn
2025-11-24 17:00:00,33.2,31.306851810433738,-1.893148189566265,1.893148189566265,17,0,11,Autumn
2025-11-24 18:00:00,28.0,27.693047207919065,-0.30695279208093496,0.30695279208093496,18,0,11,Autumn
2025-11-24 19:00:00,31.3,29.398515614920402,-1.9014843850795984,1.9014843850795984,19,0,11,Autumn
2025-11-24 20:00:00,34.3,27.92480592405218,-6.375194075947817,6.375194075947817,20,0,11,Autumn
2025-11-24 21:00:00,19.6,22.97356104059446,3.37356104059446,3.37356104059446,21,0,11,Autumn
2025-11-24 22:00:00,18.0,20.695354645486006,2.695354645486006,2.695354645486006,22,0,11,Autumn
2025-11-24 23:00:00,17.8,20.82196191255758,3.021961912557579,3.021961912557579,23,0,11,Autumn
2025-11-25 00:00:00,27.6,24.052385461787424,-3.547614538212578,3.547614538212578,0,1,11,Autumn
2025-11-25 01:00:00,25.6,23.79883684003496,-1.8011631599650428,1.8011631599650428,1,1,11,Autumn
2025-11-25 02:00:00,21.7,22.863447390883557,1.163447390883558,1.163447390883558,2,1,11,Autumn
2025-11-25 03:00:00,23.7,23.717667423870747,0.01766742387074771,0.01766742387074771,3,1,11,Autumn
2025-11-25 04:00:00,21.9,24.18530068608385,2.2853006860838505,2.2853006860838505,4,1,11,Autumn
2025-11-25 05:00:00,30.7,28.3649333776464,-2.335066622353601,2.335066622353601,5,1,11,Autumn
2025-11-25 06:00:00,27.7,28.005421101724558,0.3054211017245585,0.3054211017245585,6,1,11,Autumn
2025-11-25 07:00:00,30.2,31.993240452189237,1.793240452189238,1.793240452189238,7,1,11,Autumn
2025-11-25 08:00:00,35.6,34.59871608492112,-1.0012839150788793,1.0012839150788793,8,1,11,Autumn
2025-11-25 09:00:00,34.1,33.39112297873736,-0.7088770212626443,0.7088770212626443,9,1,11,Autumn
2025-11-25 10:00:00,35.2,34.57843568401906,-0.6215643159809403,0.6215643159809403,10,1,11,Autumn
2025-11-25 11:00:00,37.0,37.37347918982546,0.3734791898254599,0.3734791898254599,11,1,11,Autumn
2025-11-25 12:00:00,40.4,39.48914092749904,-0.910859072500962,0.910859072500962,12,1,11,Autumn
2025-11-25 13:00:00,43.5,39.57020362028431,-3.9297963797156896,3.9297963797156896,13,1,11,Autumn
2025-11-25 14:00:00,38.5,36.449162051161395,-2.0508379488386055,2.0508379488386055,14,1,11,Autumn
2025-11-25 15:00:00,38.1,36.06024789911946,-2.0397521008805413,2.0397521008805413,15,1,11,Autumn
2025-11-25 16:00:00,32.4,32.932522366063694,0.5325223660636951,0.5325223660636951,16,1,11,Autumn
2025-11-25 17:00:00,28.4,31.70072436031641,3.300724360316412,3.300724360316412,17,1,11,Autumn
2025-11-25 18:00:00,31.8,28.826796771448798,-2.9732032285512027,2.9732032285512027,18,1,11,Autumn
2025-11-25 19:00:00,27.8,28.53551060483775,0.7355106048377493,0.7355106048377493,19,1,11,Autumn
2025-11-25 20:00:00,19.5,24.992656291421344,5.492656291421344,5.492656291421344,20,1,11,Autumn
2025-11-25 21:00:00,22.2,22.814922579570894,0.6149225795708944,0.6149225795708944,21,1,11,Autumn
2025-11-25 22:00:00,21.9,21.761967000017155,-0.13803299998284402,0.13803299998284402,22,1,11,Autumn
2025-11-25 23:00:00,19.4,21.500233679207525,2.100233679207527,2.100233679207527,23,1,11,Autumn
2025-11-26 00:00:00,27.3,23.522813980976313,-3.777186019023688,3.777186019023688,0,2,11,Autumn
2025-11-26 01:00:00,23.5,23.488439798356726,-0.01156020164327387,0.01156020164327387,1,2,11,Autumn
2025-11-26 02:00:00,27.9,23.75909108780714,-4.1409089121928595,4.1409089121928595,2,2,11,Autumn
2025-11-26 03:00:00,24.7,25.063339998651944,0.363339998651945,0.363339998651945,3,2,11,Autumn
2025-11-26 04:00:00,25.7,25.324491647314158,-0.3755083526858414,0.3755083526858414,4,2,11,Autumn
2025-11-26 05:00:00,23.5,25.931903500078914,2.4319035000789135,2.4319035000789135,5,2,11,Autumn
2025-11-26 06:00:00,29.4,28.454142900880242,-0.9458570991197561,0.9458570991197561,6,2,11,Autumn
2025-11-26 07:00:00,31.5,30.179521372407855,-1.320478627592145,1.320478627592145,7,2,11,Autumn
2025-11-26 08:00:00,27.9,32.76020592892947,4.860205928929474,4.860205928929474,8,2,11,Autumn
2025-11-26 09:00:00,32.8,34.51813148127046,1.7181314812704613,1.7181314812704613,9,2,11,Autumn
2025-11-26 10:00:00,35.0,35.02794126693254,0.027941266932536735,0.027941266932536735,10,2,11,Autumn
2025-11-26 11:00:00,38.7,36.3138635711068,-2.3861364288932023,2.3861364288932023,11,2,11,Autumn
2025-11-26 12:00:00,39.2,37.66634152184925,-1.5336584781507554,1.5336584781507554,12,2,11,Autumn
2025-11-26 13:00:00,34.7,37.75614353770843,3.0561435377084294,3.0561435377084294,13,2,11,Autumn
2025-11-26 14:00:00,38.1,36.90037116604137,-1.1996288339586343,1.1996288339586343,14,2,11,Autumn
2025-11-26 15:00:00,34.3,34.71038226280295,0.41038226280295476,0.41038226280295476,15,2,11,Autumn
2025-11-26 16:00:00,21.9,28.038958053038158,6.138958053038159,6.138958053038159,16,2,11,Autumn
2025-11-26 17:00:00,29.5,29.235971199420128,-0.2640288005798723,0.2640288005798723,17,2,11,Autumn
2025-11-26 18:00:00,33.6,29.998262261706056,-3.601737738293945,3.601737738293945,18,2,11,Autumn
2025-11-26 19:00:00,20.5,24.965593875161478,4.465593875161478,4.465593875161478,19,2,11,Autumn
2025-11-26 20:00:00,25.8,26.008514159711282,0.20851415971128162,0.20851415971128162,20,2,11,Autumn
2025-11-26 21:00:00,30.0,25.73237996394735,-4.2676200360526515,4.2676200360526515,21,2,11,Autumn
2025-11-26 22:00:00,19.4,21.21166932368121,1.8116693236812118,1.8116693236812118,22,2,11,Autumn
2025-11-26 23:00:00,21.6,21.78890958402173,0.18890958402172942,0.18890958402172942,23,2,11,Autumn
2025-11-27 00:00:00,16.3,19.799487618039898,3.499487618039897,3.499487618039897,0,3,11,Autumn
2025-11-27 01:00:00,28.3,24.787939625915907,-3.5120603740840934,3.5120603740840934,1,3,11,Autumn
2025-11-27 02:00:00,22.2,22.471132636166924,0.27113263616692507,0.27113263616692507,2,3,11,Autumn
2025-11-27 03:00:00,24.0,22.784557777135092,-1.2154422228649082,1.2154422228649082,3,3,11,Autumn
2025-11-27 04:00:00,30.9,27.590278806510828,-3.309721193489171,3.309721193489171,4,3,11,Autumn
2025-11-27 05:00:00,30.1,27.455281253075412,-2.644718746924589,2.644718746924589,5,3,11,Autumn
2025-11-27 06:00:00,26.0,28.49953529917703,2.4995352991770297,2.4995352991770297,6,3,11,Autumn
2025-11-27 07:00:00,29.0,30.5529824262763,1.5529824262763015,1.5529824262763015,7,3,11,Autumn
2025-11-27 08:00:00,35.5,34.04724764003518,-1.452752359964819,1.452752359964819,8,3,11,Autumn
2025-11-27 09:00:00,32.6,32.770372136877,0.17037213687699904,0.17037213687699904,9,3,11,Autumn
2025-11-27 10:00:00,27.9,34.28222235313379,6.382222353133791,6.382222353133791,10,3,11,Autumn
2025-11-27 11:00:00,37.0,37.324165214744376,0.3241652147443759,0.3241652147443759,11,3,11,Autumn
2025-11-27 12:00:00,31.6,35.45176777869789,3.8517677786978908,3.8517677786978908,12,3,11,Autumn
2025-11-27 13:00:00,43.7,38.524089749297204,-5.175910250702799,5.175910250702799,13,3,11,Autumn
2025-11-27 14:00:00,37.1,36.616833057899946,-0.4831669421000555,0.4831669421000555,14,3,11,Autumn
2025-11-27 15:00:00,31.5,33.21460962844139,1.7146096284413872,1.7146096284413872,15,3,11,Autumn
2025-11-27 16:00:00,30.7,33.004652691399436,2.3046526913994363,2.3046526913994363,16,3,11,Autumn
2025-11-27 17:00:00,24.0,29.397030266182682,5.397030266182682,5.397030266182682,17,3,11,Autumn
2025-11-27 18:00:00,25.1,27.32077120842147,2.2207712084214677,2.2207712084214677,18,3,11,Autumn
2025-11-27 19:00:00,31.5,27.640811883258408,-3.859188116741592,3.859188116741592,19,3,11,Autumn
2025-11-27 20:00:00,34.4,27.252170938978928,-7.147829061021071,7.147829061021071,20,3,11,Autumn
2025-11-27 21:00:00,26.7,25.142802499137314,-1.557197500862685,1.557197500862685,21,3,11,Autumn
2025-11-27 22:00:00,22.2,23.0132717966827,0.8132717966827023,0.8132717966827023,22,3,11,Autumn
2025-11-27 23:00:00,20.0,21.16473447951981,1.1647344795198116,1.1647344795198116,23,3,11,Autumn
2025-11-28 00:00:00,17.8,20.348080821068162,2.5480808210681616,2.5480808210681616,0,4,11,Autumn
2025-11-28 01:00:00,30.1,24.35748078699896,-5.742519213001042,5.742519213001042,1,4,11,Autumn
2025-11-28 02:00:00,21.9,21.745007112573248,-0.15499288742675077,0.15499288742675077,2,4,11,Autumn
2025-11-28 03:00:00,32.4,25.70433992026969,-6.69566007973031,6.69566007973031,3,4,11,Autumn
2025-11-28 04:00:00,31.2,28.41220095978959,-2.787799040210409,2.787799040210409,4,4,11,Autumn
2025-11-28 05:00:00,20.6,25.651896419870262,5.0518964198702605,5.0518964198702605,5,4,11,Autumn
2025-11-28 06:00:00,27.0,28.140134205491126,1.140134205491126,1.140134205491126,6,4,11,Autumn
2025-11-28 07:00:00,29.0,30.45182378711102,1.451823787111021,1.451823787111021,7,4,11,Autumn
2025-11-28 08:00:00,33.3,33.40008820661127,0.10008820661127515,0.10008820661127515,8,4,11,Autumn
2025-11-28 09:00:00,35.0,36.598527661194055,1.5985276611940549,1.5985276611940549,9,4,11,Autumn
2025-11-28 10:00:00,48.5,41.07987663717103,-7.420123362828967,7.420123362828967,10,4,11,Autumn
2025-11-28 11:00:00,33.0,35.78557800499461,2.785578004994612,2.785578004994612,11,4,11,Autumn
2025-11-28 12:00:00,38.5,37.80093135902061,-0.6990686409793909,0.6990686409793909,12,4,11,Autumn
2025-11-28 13:00:00,39.8,38.09890154259211,-1.7010984574078876,1.7010984574078876,13,4,11,Autumn
2025-11-28 14:00:00,36.5,36.2180645566531,-0.281935443346903,0.281935443346903,14,4,11,Autumn
2025-11-28 15:00:00,35.7,36.095024063169376,0.3950240631693731,0.3950240631693731,15,4,11,Autumn
2025-11-28 16:00:00,29.4,33.319643488634426,3.919643488634428,3.919643488634428,16,4,11,Autumn
2025-11-28 17:00:00,32.1,30.58790260541447,-1.5120973945855312,1.5120973945855312,17,4,11,Autumn
2025-11-28 18:00:00,31.7,29.97077757104059,-1.7292224289594103,1.7292224289594103,18,4,11,Autumn
2025-11-28 19:00:00,28.9,27.69017347437131,-1.2098265256286886,1.2098265256286886,19,4,11,Autumn
2025-11-28 20:00:00,27.9,27.42490276237484,-0.4750972376251603,0.4750972376251603,20,4,11,Autumn
2025-11-28 21:00:00,29.6,27.02296025577148,-2.5770397442285216,2.5770397442285216,21,4,11,Autumn
2025-11-28 22:00:00,26.4,24.421627445059972,-1.9783725549400266,1.9783725549400266,22,4,11,Autumn
2025-11-28 23:00:00,22.2,23.593315490788036,1.3933154907880372,1.3933154907880372,23,4,11,Autumn
2025-11-29 00:00:00,12.1,14.298952545675244,2.198952545675244,2.198952545675244,0,5,11,Autumn
2025-11-29 01:00:00,14.6,17.594044648240434,2.9940446482404344,2.9940446482404344,1,5,11,Autumn
2025-11-29 02:00:00,17.0,17.730942209282734,0.730942209282734,0.730942209282734,2,5,11,Autumn
2025-11-29 03:00:00,20.1,19.438810485052883,-0.6611895149471181,0.6611895149471181,3,5,11,Autumn
2025-11-29 04:00:00,18.9,19.848796818460734,0.9487968184607354,0.9487968184607354,4,5,11,Autumn
2025-11-29 05:00:00,19.0,19.50032125641117,0.5003212564111692,0.5003212564111692,5,5,11,Autumn
2025-11-29 06:00:00,20.0,20.735334738787383,0.7353347387873832,0.7353347387873832,6,5,11,Autumn
2025-11-29 07:00:00,20.2,23.40547389599077,3.205473895990771,3.205473895990771,7,5,11,Autumn
2025-11-29 08:00:00,27.8,26.470192086471233,-1.329807913528768,1.329807913528768,8,5,11,Autumn
2025-11-29 09:00:00,24.5,26.82798110433339,2.3279811043333893,2.3279811043333893,9,5,11,Autumn
2025-11-29 10:00:00,27.7,28.531352092137173,0.8313520921371733,0.8313520921371733,10,5,11,Autumn
2025-11-29 11:00:00,30.9,29.438376034382625,-1.461623965617374,1.461623965617374,11,5,11,Autumn
2025-11-29 12:00:00,27.4,29.08268232750424,1.6826823275042422,1.6826823275042422,12,5,11,Autumn
2025-11-29 13:00:00,34.0,32.754590890587224,-1.2454091094127762,1.2454091094127762,13,5,11,Autumn
2025-11-29 14:00:00,34.7,30.1880073001377,-4.511992699862304,4.511992699862304,14,5,11,Autumn
2025-11-29 15:00:00,28.2,28.221783418438093,0.02178341843809406,0.02178341843809406,15,5,11,Autumn
2025-11-29 16:00:00,27.0,27.325537615775676,0.3255376157756764,0.3255376157756764,16,5,11,Autumn
2025-11-29 17:00:00,29.0,26.926157156971886,-2.073842843028114,2.073842843028114,17,5,11,Autumn
2025-11-29 18:00:00,21.9,23.497917292337657,1.5979172923376588,1.5979172923376588,18,5,11,Autumn
2025-11-29 19:00:00,19.6,23.43991969652423,3.839919696524227,3.839919696524227,19,5,11,Autumn
2025-11-29 20:00:00,25.6,23.459258359244696,-2.140741640755305,2.140741640755305,20,5,11,Autumn
2025-11-29 21:00:00,22.6,20.923412838683348,-1.6765871613166539,1.6765871613166539,21,5,11,Autumn
2025-11-29 22:00:00,20.2,18.88593248103572,-1.3140675189642792,1.3140675189642792,22,5,11,Autumn
2025-11-29 23:00:00,20.7,19.762458894652074,-0.9375411053479255,0.9375411053479255,23,5,11,Autumn
2025-11-30 00:00:00,9.0,12.937390186094127,3.9373901860941274,3.9373901860941274,0,6,11,Autumn
2025-11-30 01:00:00,22.6,19.82282982762632,-2.7771701723736797,2.7771701723736797,1,6,11,Autumn
2025-11-30 02:00:00,19.6,18.903634001330488,-0.6963659986695134,0.6963659986695134,2,6,11,Autumn
2025-11-30 03:00:00,23.3,21.1902068697513,-2.1097931302487005,2.1097931302487005,3,6,11,Autumn
2025-11-30 04:00:00,22.5,21.54323995323679,-0.9567600467632111,0.9567600467632111,4,6,11,Autumn
2025-11-30 05:00:00,23.0,23.62743007340534,0.6274300734053391,0.6274300734053391,5,6,11,Autumn
2025-11-30 06:00:00,23.8,23.691020229797374,-0.10897977020262672,0.10897977020262672,6,6,11,Autumn
2025-11-30 07:00:00,28.5,28.013573014856526,-0.48642698514347416,0.48642698514347416,7,6,11,Autumn
2025-11-30 08:00:00,27.7,29.59203009991216,1.8920300999121622,1.8920300999121622,8,6,11,Autumn
2025-11-30 09:00:00,34.0,32.62229810866405,-1.3777018913359527,1.3777018913359527,9,6,11,Autumn
2025-11-30 10:00:00,25.5,28.828610925209386,3.328610925209386,3.328610925209386,10,6,11,Autumn
2025-11-30 11:00:00,30.5,31.63353543350803,1.1335354335080297,1.1335354335080297,11,6,11,Autumn
2025-11-30 12:00:00,41.1,36.41984780351166,-4.6801521964883435,4.6801521964883435,12,6,11,Autumn
2025-11-30 13:00:00,30.1,31.295400105623486,1.1954001056234844,1.1954001056234844,13,6,11,Autumn
2025-11-30 14:00:00,30.9,31.741504364053966,0.8415043640539679,0.8415043640539679,14,6,11,Autumn
2025-11-30 15:00:00,27.0,28.880991903868676,1.8809919038686758,1.8809919038686758,15,6,11,Autumn
2025-11-30 16:00:00,30.3,30.069246335058825,-0.23075366494117588,0.23075366494117588,16,6,11,Autumn
2025-11-30 17:00:00,24.0,25.7658996526284,1.7658996526283985,1.7658996526283985,17,6,11,Autumn
2025-11-30 18:00:00,24.2,24.772529611752397,0.5725296117523975,0.5725296117523975,18,6,11,Autumn
2025-11-30 19:00:00,26.2,23.93252983975931,-2.2674701602406877,2.2674701602406877,19,6,11,Autumn
2025-11-30 20:00:00,18.1,20.553408867359348,2.4534088673593466,2.4534088673593466,20,6,11,Autumn
2025-11-30 21:00:00,22.4,20.47226571205908,-1.9277342879409183,1.9277342879409183,21,6,11,Autumn
2025-11-30 22:00:00,21.3,20.381671985702354,-0.9183280142976464,0.9183280142976464,22,6,11,Autumn
2025-11-30 23:00:00,21.4,19.15467285804614,-2.245327141953858,2.245327141953858,23,6,11,Autumn
2025-12-01 00:00:00,22.6,22.324320987622173,-0.27567901237782877,0.27567901237782877,0,0,12,Winter
2025-12-01 01:00:00,35.3,28.830822270123893,-6.469177729876105,6.469177729876105,1,0,12,Winter
2025-12-01 02:00:00,27.4,25.876812452557342,-1.5231875474426566,1.5231875474426566,2,0,12,Winter
2025-12-01 03:00:00,25.7,26.068038758499483,0.368038758499484,0.368038758499484,3,0,12,Winter
2025-12-01 04:00:00,22.6,24.595081155461667,1.9950811554616656,1.9950811554616656,4,0,12,Winter
2025-12-01 05:00:00,27.6,27.797139171841778,0.19713917184177632,0.19713917184177632,5,0,12,Winter
2025-12-01 06:00:00,35.8,32.04176020021484,-3.7582397997851587,3.7582397997851587,6,0,12,Winter
2025-12-01 07:00:00,39.0,36.15899663464448,-2.841003365355519,2.841003365355519,7,0,12,Winter
2025-12-01 08:00:00,40.0,37.776288787766504,-2.2237112122334963,2.2237112122334963,8,0,12,Winter
2025-12-01 09:00:00,38.9,37.322427115972914,-1.5775728840270844,1.5775728840270844,9,0,12,Winter
2025-12-01 10:00:00,32.0,35.13133572188905,3.1313357218890516,3.1313357218890516,10,0,12,Winter
2025-12-01 11:00:00,39.7,38.5801604567858,-1.119839543214205,1.119839543214205,11,0,12,Winter
2025-12-01 12:00:00,33.1,38.963762540182195,5.863762540182194,5.863762540182194,12,0,12,Winter
2025-12-01 13:00:00,31.8,36.51548123098703,4.715481230987027,4.715481230987027,13,0,12,Winter
2025-12-01 14:00:00,37.9,38.052194192847,0.15219419284699853,0.15219419284699853,14,0,12,Winter
2025-12-01 15:00:00,37.8,36.69699178381235,-1.1030082161876464,1.1030082161876464,15,0,12,Winter
2025-12-01 16:00:00,37.7,34.99797443370899,-2.702025566291013,2.702025566291013,16,0,12,Winter
2025-12-01 17:00:00,34.1,32.98185387304469,-1.1181461269553097,1.1181461269553097,17,0,12,Winter
2025-12-01 18:00:00,32.2,30.587791114896813,-1.6122088851031897,1.6122088851031897,18,0,12,Winter
2025-12-01 19:00:00,24.1,27.77824316944093,3.678243169440929,3.678243169440929,19,0,12,Winter
2025-12-01 20:00:00,25.6,27.08237823051518,1.4823782305151774,1.4823782305151774,20,0,12,Winter
2025-12-01 21:00:00,18.4,22.668821011982587,4.268821011982588,4.268821011982588,21,0,12,Winter
2025-12-01 22:00:00,15.1,20.578667577707545,5.4786675777075455,5.4786675777075455,22,0,12,Winter
2025-12-01 23:00:00,25.3,23.58124523853998,-1.7187547614600192,1.7187547614600192,23,0,12,Winter
2025-12-02 00:00:00,19.2,20.961629566614977,1.7616295666149782,1.7616295666149782,0,1,12,Winter
2025-12-02 01:00:00,26.0,24.489329766880655,-1.5106702331193453,1.5106702331193453,1,1,12,Winter
2025-12-02 02:00:00,27.7,26.1811368488889,-1.5188631511110984,1.5188631511110984,2,1,12,Winter
2025-12-02 03:00:00,22.1,23.742409159363493,1.642409159363492,1.642409159363492,3,1,12,Winter
2025-12-02 04:00:00,28.6,27.442572091477988,-1.1574279085220134,1.1574279085220134,4,1,12,Winter
2025-12-02 05:00:00,25.5,27.544633149591714,2.0446331495917143,2.0446331495917143,5,1,12,Winter
2025-12-02 06:00:00,22.8,27.705604497461998,4.905604497461997,4.905604497461997,6,1,12,Winter
2025-12-02 07:00:00,32.8,31.215366897759495,-1.5846331022405025,1.5846331022405025,7,1,12,Winter
2025-12-02 08:00:00,32.3,33.52818392863906,1.2281839286390621,1.2281839286390621,8,1,12,Winter
2025-12-02 09:00:00,34.1,36.69015749029629,2.590157490296292,2.590157490296292,9,1,12,Winter
2025-12-02 10:00:00,45.0,39.419099973305805,-5.580900026694195,5.580900026694195,10,1,12,Winter
2025-12-02 11:00:00,31.8,36.67472057572312,4.874720575723121,4.874720575723121,11,1,12,Winter
2025-12-02 12:00:00,39.7,39.61328490317879,-0.08671509682121581,0.08671509682121581,12,1,12,Winter
2025-12-02 13:00:00,34.0,36.56212271853538,2.5621227185353774,2.5621227185353774,13,1,12,Winter
2025-12-02 14:00:00,40.8,37.94590974284515,-2.8540902571548443,2.8540902571548443,14,1,12,Winter
2025-12-02 15:00:00,37.1,36.66704876469172,-0.4329512353082805,0.4329512353082805,15,1,12,Winter
2025-12-02 16:00:00,35.7,35.13957898017338,-0.5604210198266202,0.5604210198266202,16,1,12,Winter
2025-12-02 17:00:00,28.5,30.496232656223487,1.9962326562234871,1.9962326562234871,17,1,12,Winter
2025-12-02 18:00:00,27.2,29.497983869292437,2.2979838692924375,2.2979838692924375,18,1,12,Winter
2025-12-02 19:00:00,31.9,29.520748397873234,-2.3792516021267645,2.3792516021267645,19,1,12,Winter
2025-12-02 20:00:00,33.3,28.44285365789966,-4.857146342100336,4.857146342100336,20,1,12,Winter
2025-12-02 21:00:00,26.5,25.638870176773917,-0.8611298232260829,0.8611298232260829,21,1,12,Winter
2025-12-02 22:00:00,19.7,22.2236030173659,2.5236030173659003,2.5236030173659003,22,1,12,Winter
2025-12-02 23:00:00,23.8,24.997452154009686,1.1974521540096852,1.1974521540096852,23,1,12,Winter
2025-12-03 00:00:00,32.1,25.418406895114064,-6.681593104885938,6.681593104885938,0,2,12,Winter
2025-12-03 01:00:00,23.0,24.027482550237657,1.0274825502376572,1.0274825502376572,1,2,12,Winter
2025-12-03 02:00:00,29.3,25.905615604393578,-3.394384395606423,3.394384395606423,2,2,12,Winter
2025-12-03 03:00:00,21.7,23.91068168618272,2.2106816861827205,2.2106816861827205,3,2,12,Winter
2025-12-03 04:00:00,26.2,27.223998105036813,1.0239981050368137,1.0239981050368137,4,2,12,Winter
2025-12-03 05:00:00,30.8,27.746353344642895,-3.053646655357106,3.053646655357106,5,2,12,Winter
2025-12-03 06:00:00,32.0,29.991378142758965,-2.0086218572410353,2.0086218572410353,6,2,12,Winter
2025-12-03 07:00:00,29.4,33.14188038168342,3.7418803816834227,3.7418803816834227,7,2,12,Winter
2025-12-03 08:00:00,31.1,33.69165595052688,2.591655950526878,2.591655950526878,8,2,12,Winter
2025-12-03 09:00:00,40.0,37.4598270835817,-2.5401729164182996,2.5401729164182996,9,2,12,Winter
2025-12-03 10:00:00,42.1,39.37418887628133,-2.725811123718671,2.725811123718671,10,2,12,Winter
2025-12-03 11:00:00,44.1,42.56460186723172,-1.5353981327682789,1.5353981327682789,11,2,12,Winter
2025-12-03 12:00:00,45.6,42.30384451905616,-3.2961554809438383,3.2961554809438383,12,2,12,Winter
2025-12-03 13:00:00,38.6,37.03819507469196,-1.5618049253080386,1.5618049253080386,13,2,12,Winter
2025-12-03 14:00:00,36.0,37.6980242181316,1.6980242181316,1.6980242181316,14,2,12,Winter
2025-12-03 15:00:00,41.4,37.22611533627947,-4.1738846637205285,4.1738846637205285,15,2,12,Winter
2025-12-03 16:00:00,37.2,36.56837514354281,-0.6316248564571936,0.6316248564571936,16,2,12,Winter
2025-12-03 17:00:00,28.5,33.236149638886594,4.7361496388865945,4.7361496388865945,17,2,12,Winter
2025-12-03 18:00:00,26.2,29.21812981487374,3.018129814873742,3.018129814873742,18,2,12,Winter
2025-12-03 19:00:00,30.3,28.49629381981634,-1.80370618018366,1.80370618018366,19,2,12,Winter
2025-12-03 20:00:00,25.7,27.446551228010073,1.7465512280100732,1.7465512280100732,20,2,12,Winter
2025-12-03 21:00:00,24.6,25.094693284665226,0.49469328466522455,0.49469328466522455,21,2,12,Winter
2025-12-03 22:00:00,27.7,24.87810620378063,-2.8218937962193706,2.8218937962193706,22,2,12,Winter
2025-12-03 23:00:00,25.7,24.209706580688092,-1.4902934193119073,1.4902934193119073,23,2,12,Winter
2025-12-04 00:00:00,27.8,24.779530819713496,-3.0204691802865042,3.0204691802865042,0,3,12,Winter
2025-12-04 01:00:00,15.1,21.017649230496374,5.917649230496375,5.917649230496375,1,3,12,Winter
2025-12-04 02:00:00,24.6,24.449537823587644,-0.1504621764123577,0.1504621764123577,2,3,12,Winter
2025-12-04 03:00:00,27.6,24.636942484616785,-2.963057515383216,2.963057515383216,3,3,12,Winter
2025-12-04 04:00:00,20.4,24.064863852519164,3.664863852519165,3.664863852519165,4,3,12,Winter
2025-12-04 05:00:00,25.8,26.973209228729655,1.1732092287296538,1.1732092287296538,5,3,12,Winter
2025-12-04 06:00:00,27.2,29.527720520494153,2.327720520494154,2.327720520494154,6,3,12,Winter
2025-12-04 07:00:00,32.7,32.146025752096385,-0.5539742479036178,0.5539742479036178,7,3,12,Winter
2025-12-04 08:00:00,41.0,37.306714557569315,-3.6932854424306854,3.6932854424306854,8,3,12,Winter
2025-12-04 09:00:00,44.3,39.538408011138735,-4.761591988861262,4.761591988861262,9,3,12,Winter
2025-12-04 10:00:00,34.2,36.10452849322964,1.904528493229634,1.904528493229634,10,3,12,Winter
2025-12-04 11:00:00,40.4,40.70380636378193,0.3038063637819306,0.3038063637819306,11,3,12,Winter
2025-12-04 12:00:00,40.8,39.00173115643734,-1.79826884356266,1.79826884356266,12,3,12,Winter
2025-12-04 13:00:00,39.8,40.140917132984896,0.3409171329848988,0.3409171329848988,13,3,12,Winter
2025-12-04 14:00:00,39.0,39.061328550640695,0.06132855064069531,0.06132855064069531,14,3,12,Winter
2025-12-04 15:00:00,37.4,38.57132953650297,1.1713295365029737,1.1713295365029737,15,3,12,Winter
2025-12-04 16:00:00,41.3,38.9787581562123,-2.3212418437876963,2.3212418437876963,16,3,12,Winter
2025-12-04 17:00:00,37.0,33.98562706103268,-3.0143729389673197,3.0143729389673197,17,3,12,Winter
2025-12-04 18:00:00,26.3,29.62467729774783,3.3246772977478294,3.3246772977478294,18,3,12,Winter
2025-12-04 19:00:00,31.6,30.426836593130204,-1.1731634068697971,1.1731634068697971,19,3,12,Winter
2025-12-04 20:00:00,30.1,28.56023731581094,-1.5397626841890606,1.5397626841890606,20,3,12,Winter
2025-12-04 21:00:00,26.1,25.560122863752134,-0.5398771362478669,0.5398771362478669,21,3,12,Winter
2025-12-04 22:00:00,28.1,25.07482021360267,-3.025179786397331,3.025179786397331,22,3,12,Winter
2025-12-04 23:00:00,23.5,25.158120693889753,1.658120693889753,1.658120693889753,23,3,12,Winter
2025-12-05 00:00:00,23.5,23.752061406266883,0.25206140626688267,0.25206140626688267,0,4,12,Winter
2025-12-05 01:00:00,23.4,22.24407728986472,-1.155922710135279,1.155922710135279,1,4,12,Winter
2025-12-05 02:00:00,15.7,22.92686138570251,7.2268613857025095,7.2268613857025095,2,4,12,Winter
2025-12-05 03:00:00,24.7,24.9321187852086,0.23211878520860196,0.23211878520860196,3,4,12,Winter
2025-12-05 04:00:00,24.0,25.966733208044122,1.966733208044122,1.966733208044122,4,4,12,Winter
2025-12-05 05:00:00,23.9,27.06040273387425,3.1604027338742497,3.1604027338742497,5,4,12,Winter
2025-12-05 06:00:00,36.4,31.60089860759002,-4.79910139240998,4.79910139240998,6,4,12,Winter
2025-12-05 07:00:00,34.8,33.55687688451675,-1.2431231154832503,1.2431231154832503,7,4,12,Winter
2025-12-05 08:00:00,34.6,36.284827100127956,1.6848271001279542,1.6848271001279542,8,4,12,Winter
2025-12-05 09:00:00,34.1,35.93266746302121,1.8326674630212096,1.8326674630212096,9,4,12,Winter
2025-12-05 10:00:00,38.8,37.91305141648678,-0.8869485835132167,0.8869485835132167,10,4,12,Winter
2025-12-05 11:00:00,42.4,39.54534520446878,-2.854654795531218,2.854654795531218,11,4,12,Winter
2025-12-05 12:00:00,35.4,38.399916521077174,2.999916521077175,2.999916521077175,12,4,12,Winter
2025-12-05 13:00:00,38.4,39.3405465132911,0.9405465132911033,0.9405465132911033,13,4,12,Winter
2025-12-05 14:00:00,41.1,37.90310669164213,-3.196893308357872,3.196893308357872,14,4,12,Winter
2025-12-05 15:00:00,28.6,34.69408857903712,6.09408857903712,6.09408857903712,15,4,12,Winter
2025-12-05 16:00:00,34.4,34.78389295129211,0.3838929512921112,0.3838929512921112,16,4,12,Winter
2025-12-05 17:00:00,31.0,32.753074226150716,1.7530742261507157,1.7530742261507157,17,4,12,Winter
2025-12-05 18:00:00,30.1,29.4335871912239,-0.6664128087761014,0.6664128087761014,18,4,12,Winter
2025-12-05 19:00:00,26.6,28.614735029601817,2.014735029601816,2.014735029601816,19,4,12,Winter
2025-12-05 20:00:00,27.2,26.341727973799856,-0.8582720262001438,0.8582720262001438,20,4,12,Winter
2025-12-05 21:00:00,32.7,26.825866120170147,-5.874133879829856,5.874133879829856,21,4,12,Winter
2025-12-05 22:00:00,22.4,24.529216063036106,2.1292160630361074,2.1292160630361074,22,4,12,Winter
2025-12-05 23:00:00,24.1,24.448912107561288,0.34891210756128643,0.34891210756128643,23,4,12,Winter
2025-12-06 00:00:00,25.8,22.924349284459588,-2.875650715540413,2.875650715540413,0,5,12,Winter
2025-12-06 01:00:00,15.9,17.957041425123094,2.057041425123094,2.057041425123094,1,5,12,Winter
2025-12-06 02:00:00,26.2,21.476195317686376,-4.723804682313624,4.723804682313624,2,5,12,Winter
2025-12-06 03:00:00,20.2,21.57401264880429,1.374012648804289,1.374012648804289,3,5,12,Winter
2025-12-06 04:00:00,29.0,24.08278839406047,-4.917211605939531,4.917211605939531,4,5,12,Winter
2025-12-06 05:00:00,26.8,24.878901262570725,-1.9210987374292756,1.9210987374292756,5,5,12,Winter
2025-12-06 06:00:00,27.1,27.448288852045103,0.3482888520451013,0.3482888520451013,6,5,12,Winter
2025-12-06 07:00:00,27.6,28.32937467196374,0.7293746719637397,0.7293746719637397,7,5,12,Winter
2025-12-06 08:00:00,27.3,30.530875709853746,3.230875709853745,3.230875709853745,8,5,12,Winter
2025-12-06 09:00:00,31.8,30.848398752450855,-0.9516012475491458,0.9516012475491458,9,5,12,Winter
2025-12-06 10:00:00,36.3,33.717978492691024,-2.5820215073089727,2.5820215073089727,10,5,12,Winter
2025-12-06 11:00:00,33.5,34.60852062721419,1.1085206272141903,1.1085206272141903,11,5,12,Winter
2025-12-06 12:00:00,32.6,32.11228146962153,-0.4877185303784728,0.4877185303784728,12,5,12,Winter
2025-12-06 13:00:00,32.6,33.60926779439063,1.009267794390631,1.009267794390631,13,5,12,Winter
2025-12-06 14:00:00,36.7,35.769275470696314,-0.9307245293036885,0.9307245293036885,14,5,12,Winter
2025-12-06 15:00:00,36.4,32.47352576667798,-3.9264742333220184,3.9264742333220184,15,5,12,Winter
2025-12-06 16:00:00,27.2,31.442735380385354,4.242735380385355,4.242735380385355,16,5,12,Winter
2025-12-06 17:00:00,25.2,28.954899546240856,3.754899546240857,3.754899546240857,17,5,12,Winter
2025-12-06 18:00:00,27.3,25.300547207347314,-1.9994527926526864,1.9994527926526864,18,5,12,Winter
2025-12-06 19:00:00,29.9,26.6357721987103,-3.2642278012896995,3.2642278012896995,19,5,12,Winter
2025-12-06 20:00:00,26.4,24.386442556836077,-2.013557443163922,2.013557443163922,20,5,12,Winter
2025-12-06 21:00:00,15.2,19.78100204361913,4.581002043619129,4.581002043619129,21,5,12,Winter
2025-12-06 22:00:00,17.8,18.25956302706801,0.45956302706800756,0.45956302706800756,22,5,12,Winter
2025-12-06 23:00:00,14.4,15.101618410812133,0.7016184108121326,0.7016184108121326,23,5,12,Winter
2025-12-07 00:00:00,16.9,18.433931153109576,1.5339311531095774,1.5339311531095774,0,6,12,Winter
2025-12-07 01:00:00,24.7,20.938143585316045,-3.7618564146839546,3.7618564146839546,1,6,12,Winter
2025-12-07 02:00:00,13.4,17.025522236913616,3.625522236913616,3.625522236913616,2,6,12,Winter
2025-12-07 03:00:00,13.9,17.164964365949338,3.2649643659493375,3.2649643659493375,3,6,12,Winter
2025-12-07 04:00:00,18.7,20.04816722573105,1.34816722573105,1.34816722573105,4,6,12,Winter
2025-12-07 05:00:00,25.1,23.910040461245117,-1.1899595387548842,1.1899595387548842,5,6,12,Winter
2025-12-07 06:00:00,28.5,27.915487836658105,-0.5845121633418948,0.5845121633418948,6,6,12,Winter
2025-12-07 07:00:00,29.8,29.540422987107476,-0.25957701289252455,0.25957701289252455,7,6,12,Winter
2025-12-07 08:00:00,34.7,32.12981788960195,-2.5701821103980507,2.5701821103980507,8,6,12,Winter
2025-12-07 09:00:00,24.6,29.167132995508943,4.567132995508942,4.567132995508942,9,6,12,Winter
2025-12-07 10:00:00,37.7,34.54502478290215,-3.1549752170978493,3.1549752170978493,10,6,12,Winter
2025-12-07 11:00:00,32.5,33.59397857673134,1.0939785767313381,1.0939785767313381,11,6,12,Winter
2025-12-07 12:00:00,36.9,35.53352699410527,-1.3664730058947256,1.3664730058947256,12,6,12,Winter
2025-12-07 13:00:00,28.4,31.534439636875376,3.1344396368753777,3.1344396368753777,13,6,12,Winter
2025-12-07 14:00:00,32.9,32.75159158774766,-0.14840841225233703,0.14840841225233703,14,6,12,Winter
2025-12-07 15:00:00,32.6,30.907014088912007,-1.6929859110879946,1.6929859110879946,15,6,12,Winter
2025-12-07 16:00:00,34.6,31.696889521513437,-2.903110478486564,2.903110478486564,16,6,12,Winter
2025-12-07 17:00:00,21.7,26.364574189207232,4.664574189207233,4.664574189207233,17,6,12,Winter
2025-12-07 18:00:00,26.1,25.938170856308528,-0.16182914369147383,0.16182914369147383,18,6,12,Winter
2025-12-07 19:00:00,19.6,23.542657104221174,3.9426571042211727,3.9426571042211727,19,6,12,Winter
2025-12-07 20:00:00,24.0,22.29576668434538,-1.7042333156546192,1.7042333156546192,20,6,12,Winter
2025-12-07 21:00:00,23.4,24.245390893876245,0.845390893876246,0.845390893876246,21,6,12,Winter
2025-12-07 22:00:00,24.2,20.9387687306471,-3.2612312693528978,3.2612312693528978,22,6,12,Winter
2025-12-07 23:00:00,16.1,17.493057415807662,1.393057415807661,1.393057415807661,23,6,12,Winter
2025-12-08 00:00:00,26.9,25.13776723817111,-1.762232761828887,1.762232761828887,0,0,12,Winter
2025-12-08 01:00:00,28.9,27.10014945716117,-1.7998505428388292,1.7998505428388292,1,0,12,Winter
2025-12-08 02:00:00,17.6,22.114127675512428,4.514127675512427,4.514127675512427,2,0,12,Winter
2025-12-08 03:00:00,27.9,25.547020077353128,-2.3529799226468704,2.3529799226468704,3,0,12,Winter
2025-12-08 04:00:00,31.0,29.807500852833734,-1.1924991471662665,1.1924991471662665,4,0,12,Winter
2025-12-08 05:00:00,28.0,28.557427045057576,0.557427045057576,0.557427045057576,5,0,12,Winter
2025-12-08 06:00:00,26.3,31.014423006477177,4.714423006477176,4.714423006477176,6,0,12,Winter
2025-12-08 07:00:00,37.0,34.00566218274721,-2.9943378172527915,2.9943378172527915,7,0,12,Winter
2025-12-08 08:00:00,30.3,33.12420903199933,2.8242090319993274,2.8242090319993274,8,0,12,Winter
2025-12-08 09:00:00,36.1,35.59331411615391,-0.5066858838460888,0.5066858838460888,9,0,12,Winter
2025-12-08 10:00:00,37.9,37.98722922710869,0.08722922710869341,0.08722922710869341,10,0,12,Winter
2025-12-08 11:00:00,41.7,40.276569936493964,-1.4234300635060393,1.4234300635060393,11,0,12,Winter
2025-12-08 12:00:00,36.6,38.50421428488374,1.9042142848837358,1.9042142848837358,12,0,12,Winter
2025-12-08 13:00:00,36.1,37.490867633982575,1.3908676339825732,1.3908676339825732,13,0,12,Winter
2025-12-08 14:00:00,38.5,38.06933613349118,-0.43066386650882293,0.43066386650882293,14,0,12,Winter
2025-12-08 15:00:00,40.8,38.06595957109578,-2.7340404289042155,2.7340404289042155,15,0,12,Winter
2025-12-08 16:00:00,44.3,37.85747542357287,-6.442524576427125,6.442524576427125,16,0,12,Winter
2025-12-08 17:00:00,27.2,30.79149180207126,3.5914918020712605,3.5914918020712605,17,0,12,Winter
2025-12-08 18:00:00,32.4,31.206404211613897,-1.1935957883861015,1.1935957883861015,18,0,12,Winter
2025-12-08 19:00:00,24.7,27.167627575925813,2.467627575925814,2.467627575925814,19,0,12,Winter
2025-12-08 20:00:00,31.2,27.01115407023247,-4.188845929767528,4.188845929767528,20,0,12,Winter
2025-12-08 21:00:00,21.7,24.830195957492325,3.130195957492326,3.130195957492326,21,0,12,Winter
2025-12-08 22:00:00,21.5,23.032676541228433,1.532676541228433,1.532676541228433,22,0,12,Winter
2025-12-08 23:00:00,21.1,22.903290876210622,1.803290876210621,1.803290876210621,23,0,12,Winter
2025-12-09 00:00:00,23.0,23.44507624852127,0.44507624852127137,0.44507624852127137,0,1,12,Winter
2025-12-09 01:00:00,24.9,24.779541841045603,-0.1204581589543956,0.1204581589543956,1,1,12,Winter
2025-12-09 02:00:00,26.3,25.18947014661321,-1.1105298533867902,1.1105298533867902,2,1,12,Winter
2025-12-09 03:00:00,25.6,25.61277165640382,0.012771656403817389,0.012771656403817389,3,1,12,Winter
2025-12-09 04:00:00,22.0,25.3551975798411,3.3551975798411,3.3551975798411,4,1,12,Winter
2025-12-09 05:00:00,32.1,28.590463324056223,-3.509536675943778,3.509536675943778,5,1,12,Winter
2025-12-09 06:00:00,31.1,30.469668790948326,-0.6303312090516755,0.6303312090516755,6,1,12,Winter
2025-12-09 07:00:00,38.0,36.47684226302499,-1.5231577369750084,1.5231577369750084,7,1,12,Winter
2025-12-09 08:00:00,32.5,34.466793506948264,1.9667935069482638,1.9667935069482638,8,1,12,Winter
2025-12-09 09:00:00,30.6,34.22937663522472,3.629376635224716,3.629376635224716,9,1,12,Winter
2025-12-09 10:00:00,38.1,38.73905684882711,0.63905684882711,0.63905684882711,10,1,12,Winter
2025-12-09 11:00:00,44.2,41.750942613537404,-2.4490573864625986,2.4490573864625986,11,1,12,Winter
2025-12-09 12:00:00,39.9,38.93816192337684,-0.9618380766231596,0.9618380766231596,12,1,12,Winter
2025-12-09 13:00:00,38.2,37.938852964960574,-0.2611470350394285,0.2611470350394285,13,1,12,Winter
2025-12-09 14:00:00,34.7,37.08426963216528,2.384269632165278,2.384269632165278,14,1,12,Winter
2025-12-09 15:00:00,44.0,39.07307864555851,-4.92692135444149,4.92692135444149,15,1,12,Winter
2025-12-09 16:00:00,31.2,34.39928069869082,3.199280698690824,3.199280698690824,16,1,12,Winter
2025-12-09 17:00:00,30.5,30.74347667320273,0.24347667320272848,0.24347667320272848,17,1,12,Winter
2025-12-09 18:00:00,33.6,30.87010286745566,-2.729897132544341,2.729897132544341,18,1,12,Winter
2025-12-09 19:00:00,21.8,25.50723242850411,3.70723242850411,3.70723242850411,19,1,12,Winter
2025-12-09 20:00:00,32.4,27.82556577188689,-4.574434228113109,4.574434228113109,20,1,12,Winter
2025-12-09 21:00:00,28.1,25.468644024115036,-2.631355975884965,2.631355975884965,21,1,12,Winter
2025-12-09 22:00:00,28.0,26.05034703629073,-1.9496529637092692,1.9496529637092692,22,1,12,Winter
2025-12-09 23:00:00,25.8,25.68123734018352,-0.11876265981647904,0.11876265981647904,23,1,12,Winter
2025-12-10 00:00:00,22.8,23.269828507746254,0.4698285077462536,0.4698285077462536,0,2,12,Winter
2025-12-10 01:00:00,19.5,21.758777273687468,2.2587772736874676,2.2587772736874676,1,2,12,Winter
2025-12-10 02:00:00,24.0,23.969298038697683,-0.030701961302316505,0.030701961302316505,2,2,12,Winter
2025-12-10 03:00:00,21.9,24.15299123848467,2.2529912384846718,2.2529912384846718,3,2,12,Winter
2025-12-10 04:00:00,29.4,27.98772595166634,-1.412274048333657,1.412274048333657,4,2,12,Winter
2025-12-10 05:00:00,32.6,29.62125049212697,-2.978749507873033,2.978749507873033,5,2,12,Winter
2025-12-10 06:00:00,37.4,33.052262185178485,-4.347737814821514,4.347737814821514,6,2,12,Winter
2025-12-10 07:00:00,35.0,35.16054418736093,0.16054418736092657,0.16054418736092657,7,2,12,Winter
2025-12-10 08:00:00,39.2,36.31486374058445,-2.885136259415553,2.885136259415553,8,2,12,Winter
2025-12-10 09:00:00,35.9,37.61342974498022,1.7134297449802247,1.7134297449802247,9,2,12,Winter
2025-12-10 10:00:00,36.5,36.75482615665308,0.25482615665308117,0.25482615665308117,10,2,12,Winter
2025-12-10 11:00:00,41.1,39.665859415923094,-1.434140584076907,1.434140584076907,11,2,12,Winter
2025-12-10 12:00:00,37.9,38.27805558422544,0.37805558422544294,0.37805558422544294,12,2,12,Winter
2025-12-10 13:00:00,40.3,39.6130784508566,-0.6869215491433991,0.6869215491433991,13,2,12,Winter
2025-12-10 14:00:00,34.1,35.433617121226675,1.3336171212266734,1.3336171212266734,14,2,12,Winter
2025-12-10 15:00:00,33.6,35.14133959073473,1.5413395907347294,1.5413395907347294,15,2,12,Winter
2025-12-10 16:00:00,38.0,37.77401130274629,-0.22598869725371173,0.22598869725371173,16,2,12,Winter
2025-12-10 17:00:00,37.1,34.40543559937613,-2.694564400623868,2.694564400623868,17,2,12,Winter
2025-12-10 18:00:00,27.5,31.26130568015219,3.7613056801521907,3.7613056801521907,18,2,12,Winter
2025-12-10 19:00:00,32.1,30.60567571213754,-1.4943242878624616,1.4943242878624616,19,2,12,Winter
2025-12-10 20:00:00,25.3,27.43695500712915,2.136955007129149,2.136955007129149,20,2,12,Winter
2025-12-10 21:00:00,25.9,27.140388273489325,1.2403882734893266,1.2403882734893266,21,2,12,Winter
2025-12-10 22:00:00,30.2,28.309541516972722,-1.8904584830272775,1.8904584830272775,22,2,12,Winter
2025-12-10 23:00:00,27.0,26.566904063553874,-0.43309593644612576,0.43309593644612576,23,2,12,Winter
2025-12-11 00:00:00,26.8,25.393535871546092,-1.4064641284539086,1.4064641284539086,0,3,12,Winter
2025-12-11 01:00:00,31.5,28.030992842910635,-3.469007157089365,3.469007157089365,1,3,12,Winter
2025-12-11 02:00:00,21.9,24.298770965874894,2.3987709658748955,2.3987709658748955,2,3,12,Winter
2025-12-11 03:00:00,22.0,24.18140855846701,2.181408558467009,2.181408558467009,3,3,12,Winter
2025-12-11 04:00:00,24.7,26.230722619648215,1.5307226196482162,1.5307226196482162,4,3,12,Winter
2025-12-11 05:00:00,28.5,28.783744689779382,0.2837446897793825,0.2837446897793825,5,3,12,Winter
2025-12-11 06:00:00,22.2,27.634854582832496,5.434854582832497,5.434854582832497,6,3,12,Winter
2025-12-11 07:00:00,32.9,32.07953243249288,-0.8204675675071158,0.8204675675071158,7,3,12,Winter
2025-12-11 08:00:00,33.4,34.031946506445244,0.6319465064452459,0.6319465064452459,8,3,12,Winter
2025-12-11 09:00:00,40.4,37.022314610676034,-3.3776853893239647,3.3776853893239647,9,3,12,Winter
2025-12-11 10:00:00,40.0,39.25358121104427,-0.7464187889557294,0.7464187889557294,10,3,12,Winter
2025-12-11 11:00:00,36.9,40.57458006452048,3.674580064520484,3.674580064520484,11,3,12,Winter
2025-12-11 12:00:00,42.0,40.533087325171785,-1.4669126748282153,1.4669126748282153,12,3,12,Winter
2025-12-11 13:00:00,42.2,41.82071465956972,-0.37928534043028606,0.37928534043028606,13,3,12,Winter
2025-12-11 14:00:00,35.5,36.92690922874189,1.4269092287418914,1.4269092287418914,14,3,12,Winter
2025-12-11 15:00:00,35.3,35.994788810133365,0.6947888101333675,0.6947888101333675,15,3,12,Winter
2025-12-11 16:00:00,26.7,32.04922287383997,5.349222873839974,5.349222873839974,16,3,12,Winter
2025-12-11 17:00:00,29.3,31.869264839114543,2.569264839114542,2.569264839114542,17,3,12,Winter
2025-12-11 18:00:00,28.7,28.61583739060323,-0.08416260939677045,0.08416260939677045,18,3,12,Winter
2025-12-11 19:00:00,29.9,28.903544537974227,-0.9964554620257715,0.9964554620257715,19,3,12,Winter
2025-12-11 20:00:00,23.8,26.133341911358425,2.333341911358424,2.333341911358424,20,3,12,Winter
2025-12-11 21:00:00,23.9,24.86585101942635,0.9658510194263528,0.9658510194263528,21,3,12,Winter
2025-12-11 22:00:00,19.8,23.050423120581026,3.2504231205810257,3.2504231205810257,22,3,12,Winter
2025-12-11 23:00:00,24.6,23.878687448690282,-0.7213125513097189,0.7213125513097189,23,3,12,Winter
2025-12-12 00:00:00,25.5,24.472740709879037,-1.0272592901209627,1.0272592901209627,0,4,12,Winter
2025-12-12 01:00:00,25.7,25.279519226119206,-0.42048077388079363,0.42048077388079363,1,4,12,Winter
2025-12-12 02:00:00,24.9,23.24377356297101,-1.6562264370289874,1.6562264370289874,2,4,12,Winter
2025-12-12 03:00:00,20.0,23.733370956933374,3.733370956933374,3.733370956933374,3,4,12,Winter
2025-12-12 04:00:00,25.3,24.85528892221422,-0.44471107778577945,0.44471107778577945,4,4,12,Winter
2025-12-12 05:00:00,28.1,29.534800907609533,1.4348009076095316,1.4348009076095316,5,4,12,Winter
2025-12-12 06:00:00,30.2,31.00874599928666,0.8087459992866606,0.8087459992866606,6,4,12,Winter
2025-12-12 07:00:00,34.2,34.56188545956631,0.36188545956630946,0.36188545956630946,7,4,12,Winter
2025-12-12 08:00:00,41.5,37.96215739269769,-3.5378426073023093,3.5378426073023093,8,4,12,Winter
2025-12-12 09:00:00,40.7,38.24967190576809,-2.4503280942319137,2.4503280942319137,9,4,12,Winter
2025-12-12 10:00:00,34.8,39.294724611278006,4.494724611278009,4.494724611278009,10,4,12,Winter
2025-12-12 11:00:00,42.2,41.51035363230971,-0.689646367690294,0.689646367690294,11,4,12,Winter
2025-12-12 12:00:00,42.3,40.8849025443732,-1.4150974556267997,1.4150974556267997,12,4,12,Winter
2025-12-12 13:00:00,36.3,39.615628245018634,3.3156282450186367,3.3156282450186367,13,4,12,Winter
2025-12-12 14:00:00,42.1,39.02791157608039,-3.0720884239196096,3.0720884239196096,14,4,12,Winter
2025-12-12 15:00:00,36.8,37.67984924005397,0.8798492400539715,0.8798492400539715,15,4,12,Winter
2025-12-12 16:00:00,30.1,33.61444302857198,3.514443028571982,3.514443028571982,16,4,12,Winter
2025-12-12 17:00:00,35.7,34.49038430927623,-1.2096156907237727,1.2096156907237727,17,4,12,Winter
2025-12-12 18:00:00,32.7,31.52235852995878,-1.1776414700412232,1.1776414700412232,18,4,12,Winter
2025-12-12 19:00:00,28.8,29.39842528888513,0.598425288885128,0.598425288885128,19,4,12,Winter
2025-12-12 20:00:00,27.6,27.71306153206486,0.11306153206485803,0.11306153206485803,20,4,12,Winter
2025-12-12 21:00:00,23.3,25.854476434394584,2.5544764343945836,2.5544764343945836,21,4,12,Winter
2025-12-12 22:00:00,27.3,25.018222131727534,-2.281777868272467,2.281777868272467,22,4,12,Winter
2025-12-12 23:00:00,23.9,23.139690894225833,-0.7603091057741658,0.7603091057741658,23,4,12,Winter
2025-12-13 00:00:00,19.6,19.491090888537013,-0.10890911146298876,0.10890911146298876,0,5,12,Winter
2025-12-13 01:00:00,20.7,20.04549305445633,-0.6545069455436696,0.6545069455436696,1,5,12,Winter
2025-12-13 02:00:00,15.4,19.38090002546965,3.9809000254696496,3.9809000254696496,2,5,12,Winter
2025-12-13 03:00:00,17.7,19.6287745819671,1.928774581967101,1.928774581967101,3,5,12,Winter
2025-12-13 04:00:00,14.1,19.29286945811205,5.192869458112051,5.192869458112051,4,5,12,Winter
2025-12-13 05:00:00,27.1,24.72636971366915,-2.373630286330851,2.373630286330851,5,5,12,Winter
2025-12-13 06:00:00,22.1,25.007096383300915,2.907096383300914,2.907096383300914,6,5,12,Winter
2025-12-13 07:00:00,29.6,29.28112473359636,-0.3188752664036407,0.3188752664036407,7,5,12,Winter
2025-12-13 08:00:00,32.4,31.576975068339923,-0.8230249316600755,0.8230249316600755,8,5,12,Winter
2025-12-13 09:00:00,35.0,34.018814487809735,-0.9811855121902653,0.9811855121902653,9,5,12,Winter
2025-12-13 10:00:00,29.1,31.370913658682042,2.2709136586820406,2.2709136586820406,10,5,12,Winter
2025-12-13 11:00:00,34.4,34.891871360050374,0.491871360050375,0.491871360050375,11,5,12,Winter
2025-12-13 12:00:00,41.6,38.170510153418526,-3.4294898465814754,3.4294898465814754,12,5,12,Winter
2025-12-13 13:00:00,41.5,38.70715454407913,-2.792845455920869,2.792845455920869,13,5,12,Winter
2025-12-13 14:00:00,37.8,36.85721032461599,-0.9427896753840059,0.9427896753840059,14,5,12,Winter
2025-12-13 15:00:00,34.0,34.06843869628176,0.0684386962817598,0.0684386962817598,15,5,12,Winter
2025-12-13 16:00:00,26.9,29.1192658003311,2.219265800331101,2.219265800331101,16,5,12,Winter
2025-12-13 17:00:00,31.9,29.20182459825465,-2.698175401745349,2.698175401745349,17,5,12,Winter
2025-12-13 18:00:00,26.3,27.53347976906121,1.2334797690612085,1.2334797690612085,18,5,12,Winter
2025-12-13 19:00:00,27.1,25.543385778416248,-1.5566142215837537,1.5566142215837537,19,5,12,Winter
2025-12-13 20:00:00,20.4,23.204655221968007,2.8046552219680088,2.8046552219680088,20,5,12,Winter
2025-12-13 21:00:00,20.6,20.520611353328217,-0.07938864667178436,0.07938864667178436,21,5,12,Winter
2025-12-13 22:00:00,20.7,20.434789408122416,-0.2652105918775831,0.2652105918775831,22,5,12,Winter
2025-12-13 23:00:00,20.2,19.03658852627626,-1.1634114737237375,1.1634114737237375,23,5,12,Winter
2025-12-14 00:00:00,21.1,20.825554131769323,-0.2744458682306785,0.2744458682306785,0,6,12,Winter
2025-12-14 01:00:00,17.1,19.08381178771513,1.9838117877151298,1.9838117877151298,1,6,12,Winter
2025-12-14 02:00:00,14.8,17.85048403339955,3.050484033399549,3.050484033399549,2,6,12,Winter
2025-12-14 03:00:00,28.0,24.973443820674692,-3.0265561793253077,3.0265561793253077,3,6,12,Winter
2025-12-14 04:00:00,33.1,28.13018735728931,-4.969812642710693,4.969812642710693,4,6,12,Winter
2025-12-14 05:00:00,26.8,27.293132860109345,0.49313286010934476,0.49313286010934476,5,6,12,Winter
2025-12-14 06:00:00,21.8,25.532242651575004,3.732242651575003,3.732242651575003,6,6,12,Winter
2025-12-14 07:00:00,26.1,27.649845574869783,1.5498455748697815,1.5498455748697815,7,6,12,Winter
2025-12-14 08:00:00,33.2,31.84936818138801,-1.350631818611994,1.350631818611994,8,6,12,Winter
2025-12-14 09:00:00,38.1,34.583058366801104,-3.516941633198897,3.516941633198897,9,6,12,Winter
2025-12-14 10:00:00,29.2,31.57081101322956,2.3708110132295594,2.3708110132295594,10,6,12,Winter
2025-12-14 11:00:00,34.3,34.56373531933211,0.26373531933211325,0.26373531933211325,11,6,12,Winter
2025-12-14 12:00:00,35.9,36.48737732668621,0.5873773266862088,0.5873773266862088,12,6,12,Winter
2025-12-14 13:00:00,38.3,36.990153476828965,-1.3098465231710321,1.3098465231710321,13,6,12,Winter
2025-12-14 14:00:00,32.7,33.968076083093344,1.2680760830933409,1.2680760830933409,14,6,12,Winter
2025-12-14 15:00:00,26.5,30.903401362767486,4.403401362767486,4.403401362767486,15,6,12,Winter
2025-12-14 16:00:00,33.6,31.268007614664366,-2.331992385335635,2.331992385335635,16,6,12,Winter
2025-12-14 17:00:00,33.7,31.75517214291199,-1.9448278570880113,1.9448278570880113,17,6,12,Winter
2025-12-14 18:00:00,26.8,26.574357629046702,-0.22564237095329887,0.22564237095329887,18,6,12,Winter
2025-12-14 19:00:00,26.7,26.505758702216838,-0.19424129778316157,0.19424129778316157,19,6,12,Winter
2025-12-14 20:00:00,21.2,22.963869751915293,1.7638697519152942,1.7638697519152942,20,6,12,Winter
2025-12-14 21:00:00,18.1,21.661602132351042,3.561602132351041,3.561602132351041,21,6,12,Winter
2025-12-14 22:00:00,24.3,21.891561778593708,-2.4084382214062927,2.4084382214062927,22,6,12,Winter
2025-12-14 23:00:00,20.9,20.795129641761154,-0.10487035823884483,0.10487035823884483,23,6,12,Winter
2025-12-15 00:00:00,26.2,25.84465430200007,-0.35534569799992965,0.35534569799992965,0,0,12,Winter
2025-12-15 01:00:00,30.6,27.132173965741487,-3.4678260342585148,3.4678260342585148,1,0,12,Winter
2025-12-15 02:00:00,21.1,22.939765629991438,1.8397656299914367,1.8397656299914367,2,0,12,Winter
2025-12-15 03:00:00,24.4,27.122900087610656,2.7229000876106575,2.7229000876106575,3,0,12,Winter
2025-12-15 04:00:00,28.9,28.553579767483384,-0.34642023251661413,0.34642023251661413,4,0,12,Winter
2025-12-15 05:00:00,28.0,29.570802334738552,1.570802334738552,1.570802334738552,5,0,12,Winter
2025-12-15 06:00:00,35.4,31.90281462098295,-3.497185379017047,3.497185379017047,6,0,12,Winter
2025-12-15 07:00:00,33.6,33.907539341614765,0.3075393416147634,0.3075393416147634,7,0,12,Winter
2025-12-15 08:00:00,32.3,35.43574098026625,3.135740980266256,3.135740980266256,8,0,12,Winter
2025-12-15 09:00:00,38.2,38.16691410500917,-0.03308589499083325,0.03308589499083325,9,0,12,Winter
2025-12-15 10:00:00,39.9,39.100051620737794,-0.7999483792622044,0.7999483792622044,10,0,12,Winter
2025-12-15 11:00:00,43.7,42.30612466811668,-1.3938753318833221,1.3938753318833221,11,0,12,Winter
2025-12-15 12:00:00,41.9,40.906602952906304,-0.9933970470936941,0.9933970470936941,12,0,12,Winter
2025-12-15 13:00:00,41.9,42.94805239041054,1.0480523904105397,1.0480523904105397,13,0,12,Winter
2025-12-15 14:00:00,40.5,40.68580351641882,0.1858035164188223,0.1858035164188223,14,0,12,Winter
2025-12-15 15:00:00,37.2,38.04271813467363,0.8427181346736248,0.8427181346736248,15,0,12,Winter
2025-12-15 16:00:00,33.4,35.47542074708652,2.0754207470865182,2.0754207470865182,16,0,12,Winter
2025-12-15 17:00:00,35.5,34.957367367456605,-0.5426326325433948,0.5426326325433948,17,0,12,Winter
2025-12-15 18:00:00,30.9,33.066498556096725,2.1664985560967267,2.1664985560967267,18,0,12,Winter
2025-12-15 19:00:00,37.0,32.55536791453438,-4.444632085465621,4.444632085465621,19,0,12,Winter
2025-12-15 20:00:00,33.6,30.88345819959658,-2.716541800403423,2.716541800403423,20,0,12,Winter
2025-12-15 21:00:00,29.2,27.67023237514335,-1.5297676248566496,1.5297676248566496,21,0,12,Winter
2025-12-15 22:00:00,26.9,28.261450297819827,1.3614502978198288,1.3614502978198288,22,0,12,Winter
2025-12-15 23:00:00,24.2,24.85250772283276,0.6525077228327625,0.6525077228327625,23,0,12,Winter
2025-12-16 00:00:00,19.4,23.380478290157388,3.9804782901573894,3.9804782901573894,0,1,12,Winter
2025-12-16 01:00:00,23.9,25.66022158755774,1.7602215875577407,1.7602215875577407,1,1,12,Winter
2025-12-16 02:00:00,25.9,25.25827012323647,-0.6417298767635273,0.6417298767635273,2,1,12,Winter
2025-12-16 03:00:00,27.7,25.84432755337639,-1.8556724466236076,1.8556724466236076,3,1,12,Winter
2025-12-16 04:00:00,30.3,28.72232404935402,-1.577675950645979,1.577675950645979,4,1,12,Winter
2025-12-16 05:00:00,34.1,30.48598536794922,-3.6140146320507824,3.6140146320507824,5,1,12,Winter
2025-12-16 06:00:00,29.7,30.961030371165336,1.2610303711653366,1.2610303711653366,6,1,12,Winter
2025-12-16 07:00:00,31.8,34.370845833614815,2.570845833614815,2.570845833614815,7,1,12,Winter
2025-12-16 08:00:00,42.2,38.023897360436635,-4.176102639563368,4.176102639563368,8,1,12,Winter
2025-12-16 09:00:00,41.2,39.29830218328721,-1.9016978167127903,1.9016978167127903,9,1,12,Winter
2025-12-16 10:00:00,37.8,40.272061888679495,2.472061888679498,2.472061888679498,10,1,12,Winter
2025-12-16 11:00:00,39.7,41.139758096713685,1.4397580967136818,1.4397580967136818,11,1,12,Winter
2025-12-16 12:00:00,40.0,40.912085600957525,0.9120856009575249,0.9120856009575249,12,1,12,Winter
2025-12-16 13:00:00,40.3,41.665929269115885,1.3659292691158882,1.3659292691158882,13,1,12,Winter
2025-12-16 14:00:00,41.3,40.05746843676001,-1.2425315632399858,1.2425315632399858,14,1,12,Winter
2025-12-16 15:00:00,48.2,40.338844960057415,-7.861155039942588,7.861155039942588,15,1,12,Winter
2025-12-16 16:00:00,37.2,37.81900934322275,0.6190093432227499,0.6190093432227499,16,1,12,Winter
2025-12-16 17:00:00,37.2,36.60227500751272,-0.5977249924872794,0.5977249924872794,17,1,12,Winter
2025-12-16 18:00:00,25.7,30.136716214627967,4.4367162146279675,4.4367162146279675,18,1,12,Winter
2025-12-16 19:00:00,28.4,28.959046199589284,0.5590461995892859,0.5590461995892859,19,1,12,Winter
2025-12-16 20:00:00,33.4,30.539356989378366,-2.860643010621633,2.860643010621633,20,1,12,Winter
2025-12-16 21:00:00,28.4,25.949363646960972,-2.4506363530390267,2.4506363530390267,21,1,12,Winter
2025-12-16 22:00:00,8.0,20.696775741602643,12.696775741602643,12.696775741602643,22,1,12,Winter
2025-12-16 23:00:00,27.4,27.120896667218815,-0.27910333278118316,0.27910333278118316,23,1,12,Winter
2025-12-17 00:00:00,32.3,27.278452322132537,-5.02154767786746,5.02154767786746,0,2,12,Winter
2025-12-17 01:00:00,16.9,21.204859161575524,4.304859161575525,4.304859161575525,1,2,12,Winter
2025-12-17 02:00:00,31.8,28.877715458624202,-2.9222845413757987,2.9222845413757987,2,2,12,Winter
2025-12-17 03:00:00,15.9,22.26719167245773,6.36719167245773,6.36719167245773,3,2,12,Winter
2025-12-17 04:00:00,32.4,31.003131441593133,-1.3968685584068652,1.3968685584068652,4,2,12,Winter
2025-12-17 05:00:00,30.5,30.56036382564272,0.060363825642721025,0.060363825642721025,5,2,12,Winter
2025-12-17 06:00:00,23.2,28.186634600693257,4.986634600693257,4.986634600693257,6,2,12,Winter
2025-12-17 07:00:00,36.5,34.242331429420595,-2.257668570579405,2.257668570579405,7,2,12,Winter
2025-12-17 08:00:00,41.2,38.22985001375696,-2.970149986243044,2.970149986243044,8,2,12,Winter
2025-12-17 09:00:00,39.7,40.278190542111915,0.578190542111912,0.578190542111912,9,2,12,Winter
2025-12-17 10:00:00,41.9,40.441080764999,-1.458919235000998,1.458919235000998,10,2,12,Winter
2025-12-17 11:00:00,38.7,38.97413308676335,0.27413308676334935,0.27413308676334935,11,2,12,Winter
2025-12-17 12:00:00,33.2,37.99175918171145,4.791759181711448,4.791759181711448,12,2,12,Winter
2025-12-17 13:00:00,43.1,40.82716299811909,-2.2728370018809088,2.2728370018809088,13,2,12,Winter
2025-12-17 14:00:00,46.5,41.02242886397716,-5.4775711360228385,5.4775711360228385,14,2,12,Winter
2025-12-17 15:00:00,42.8,40.06489969743584,-2.735100302564156,2.735100302564156,15,2,12,Winter
2025-12-17 16:00:00,28.7,33.86429099480859,5.164290994808592,5.164290994808592,16,2,12,Winter
2025-12-17 17:00:00,28.6,32.13560873772363,3.535608737723628,3.535608737723628,17,2,12,Winter
2025-12-17 18:00:00,29.2,30.089789529887376,0.889789529887377,0.889789529887377,18,2,12,Winter
2025-12-17 19:00:00,24.2,27.563414783006348,3.3634147830063483,3.3634147830063483,19,2,12,Winter
2025-12-17 20:00:00,28.8,29.28650241290243,0.48650241290242846,0.48650241290242846,20,2,12,Winter
2025-12-17 21:00:00,28.5,27.800357465229908,-0.6996425347700921,0.6996425347700921,21,2,12,Winter
2025-12-17 22:00:00,20.0,22.652303128087798,2.652303128087798,2.652303128087798,22,2,12,Winter
2025-12-17 23:00:00,28.0,26.62292160084397,-1.37707839915603,1.37707839915603,23,2,12,Winter
2025-12-18 00:00:00,27.2,27.234115896963257,0.03411589696325734,0.03411589696325734,0,3,12,Winter
2025-12-18 01:00:00,22.9,24.31607979075766,1.41607979075766,1.41607979075766,1,3,12,Winter
2025-12-18 02:00:00,25.2,25.368727001860574,0.16872700186057443,0.16872700186057443,2,3,12,Winter
2025-12-18 03:00:00,19.3,24.14591325835124,4.8459132583512385,4.8459132583512385,3,3,12,Winter
2025-12-18 04:00:00,27.5,27.245476460425326,-0.25452353957467366,0.25452353957467366,4,3,12,Winter
2025-12-18 05:00:00,30.7,30.28650100940176,-0.4134989905982387,0.4134989905982387,5,3,12,Winter
2025-12-18 06:00:00,33.5,31.380507566563367,-2.1194924334366334,2.1194924334366334,6,3,12,Winter
2025-12-18 07:00:00,36.4,35.60760992270739,-0.7923900772926089,0.7923900772926089,7,3,12,Winter
2025-12-18 08:00:00,37.8,37.77132913103265,-0.028670868967346053,0.028670868967346053,8,3,12,Winter
2025-12-18 09:00:00,37.4,37.91081860495971,0.5108186049597094,0.5108186049597094,9,3,12,Winter
2025-12-18 10:00:00,40.9,40.53820971958665,-0.36179028041334504,0.36179028041334504,10,3,12,Winter
2025-12-18 11:00:00,44.5,42.27783092325438,-2.2221690767456224,2.2221690767456224,11,3,12,Winter
2025-12-18 12:00:00,40.4,40.17021189812742,-0.22978810187257892,0.22978810187257892,12,3,12,Winter
2025-12-18 13:00:00,41.8,41.777029223598454,-0.02297077640154299,0.02297077640154299,13,3,12,Winter
2025-12-18 14:00:00,39.0,40.11234976870891,1.11234976870891,1.11234976870891,14,3,12,Winter
2025-12-18 15:00:00,35.9,38.682572302738244,2.782572302738245,2.782572302738245,15,3,12,Winter
2025-12-18 16:00:00,38.9,36.72129705835906,-2.1787029416409354,2.1787029416409354,16,3,12,Winter
2025-12-18 17:00:00,32.6,34.2464179535941,1.6464179535940957,1.6464179535940957,17,3,12,Winter
2025-12-18 18:00:00,34.3,32.38007702674433,-1.919922973255666,1.919922973255666,18,3,12,Winter
2025-12-18 19:00:00,30.8,30.98030887466015,0.1803088746601489,0.1803088746601489,19,3,12,Winter
2025-12-18 20:00:00,27.6,28.522144228671284,0.9221442286712822,0.9221442286712822,20,3,12,Winter
2025-12-18 21:00:00,25.8,26.834925791352596,1.0349257913525953,1.0349257913525953,21,3,12,Winter
2025-12-18 22:00:00,23.8,23.713415399496707,-0.08658460050329353,0.08658460050329353,22,3,12,Winter
2025-12-18 23:00:00,18.5,22.956128939990425,4.456128939990425,4.456128939990425,23,3,12,Winter
2025-12-19 00:00:00,26.5,26.464208575483447,-0.03579142451655315,0.03579142451655315,0,4,12,Winter
2025-12-19 01:00:00,26.1,25.108747367859245,-0.9912526321407569,0.9912526321407569,1,4,12,Winter
2025-12-19 02:00:00,29.4,27.649672845896884,-1.7503271541031147,1.7503271541031147,2,4,12,Winter
2025-12-19 03:00:00,25.2,26.610436805914066,1.4104368059140668,1.4104368059140668,3,4,12,Winter
2025-12-19 04:00:00,36.5,31.414255456831306,-5.085744543168694,5.085744543168694,4,4,12,Winter
2025-12-19 05:00:00,29.4,30.25693745455719,0.8569374545571904,0.8569374545571904,5,4,12,Winter
2025-12-19 06:00:00,29.4,31.124700350999312,1.7247003509993135,1.7247003509993135,6,4,12,Winter
2025-12-19 07:00:00,31.0,33.97463563094954,2.9746356309495425,2.9746356309495425,7,4,12,Winter
2025-12-19 08:00:00,30.0,34.30772735256117,4.307727352561173,4.307727352561173,8,4,12,Winter
2025-12-19 09:00:00,44.7,38.71766963618306,-5.982330363816942,5.982330363816942,9,4,12,Winter
2025-12-19 10:00:00,45.4,41.70770504922551,-3.692294950774489,3.692294950774489,10,4,12,Winter
2025-12-19 11:00:00,43.1,42.404379958948546,-0.6956200410514555,0.6956200410514555,11,4,12,Winter
2025-12-19 12:00:00,37.4,40.35171861584563,2.9517186158456283,2.9517186158456283,12,4,12,Winter
2025-12-19 13:00:00,47.9,43.679611884067896,-4.220388115932103,4.220388115932103,13,4,12,Winter
2025-12-19 14:00:00,38.5,39.29431331941789,0.7943133194178884,0.7943133194178884,14,4,12,Winter
2025-12-19 15:00:00,37.5,38.53661740489257,1.0366174048925672,1.0366174048925672,15,4,12,Winter
2025-12-19 16:00:00,42.7,41.012377662859436,-1.6876223371405672,1.6876223371405672,16,4,12,Winter
2025-12-19 17:00:00,37.7,35.82791569056497,-1.8720843094350315,1.8720843094350315,17,4,12,Winter
2025-12-19 18:00:00,41.8,35.22576851561742,-6.5742314843825795,6.5742314843825795,18,4,12,Winter
2025-12-19 19:00:00,31.9,31.4345720401232,-0.4654279598767985,0.4654279598767985,19,4,12,Winter
2025-12-19 20:00:00,27.4,28.366417313210768,0.9664173132107692,0.9664173132107692,20,4,12,Winter
2025-12-19 21:00:00,24.8,25.983266867543087,1.183266867543086,1.183266867543086,21,4,12,Winter
2025-12-19 22:00:00,18.6,23.644607266672942,5.044607266672941,5.044607266672941,22,4,12,Winter
2025-12-19 23:00:00,24.1,24.68601819388883,0.5860181938888296,0.5860181938888296,23,4,12,Winter
2025-12-20 00:00:00,24.7,21.92778055581856,-2.772219444181438,2.772219444181438,0,5,12,Winter
2025-12-20 01:00:00,22.8,21.665660412589844,-1.1343395874101567,1.1343395874101567,1,5,12,Winter
2025-12-20 02:00:00,21.3,21.73860323986673,0.43860323986672967,0.43860323986672967,2,5,12,Winter
2025-12-20 03:00:00,18.5,20.450664093422827,1.9506640934228265,1.9506640934228265,3,5,12,Winter
2025-12-20 04:00:00,25.0,24.858474859677724,-0.14152514032227614,0.14152514032227614,4,5,12,Winter
2025-12-20 05:00:00,30.1,28.377620879083143,-1.7223791209168589,1.7223791209168589,5,5,12,Winter
2025-12-20 06:00:00,29.8,28.74920270788566,-1.0507972921143391,1.0507972921143391,6,5,12,Winter
2025-12-20 07:00:00,30.9,30.237791389805135,-0.6622086101948632,0.6622086101948632,7,5,12,Winter
2025-12-20 08:00:00,28.9,29.21123533233235,0.3112353323323518,0.3112353323323518,8,5,12,Winter
2025-12-20 09:00:00,37.2,34.71909448533844,-2.480905514661565,2.480905514661565,9,5,12,Winter
2025-12-20 10:00:00,22.5,28.839408115557227,6.339408115557227,6.339408115557227,10,5,12,Winter
2025-12-20 11:00:00,37.4,38.78971129595148,1.3897112959514786,1.3897112959514786,11,5,12,Winter
2025-12-20 12:00:00,46.4,40.05543029751916,-6.34456970248084,6.34456970248084,12,5,12,Winter
2025-12-20 13:00:00,29.8,33.980411963804535,4.180411963804534,4.180411963804534,13,5,12,Winter
2025-12-20 14:00:00,34.1,35.631951466692485,1.5319514666924832,1.5319514666924832,14,5,12,Winter
2025-12-20 15:00:00,33.7,32.52742045963701,-1.172579540362996,1.172579540362996,15,5,12,Winter
2025-12-20 16:00:00,30.3,31.78693032934268,1.4869303293426803,1.4869303293426803,16,5,12,Winter
2025-12-20 17:00:00,34.3,32.422599195882526,-1.877400804117471,1.877400804117471,17,5,12,Winter
2025-12-20 18:00:00,30.0,30.028043442936944,0.028043442936944274,0.028043442936944274,18,5,12,Winter
2025-12-20 19:00:00,26.7,26.18461255103383,-0.5153874489661696,0.5153874489661696,19,5,12,Winter
2025-12-20 20:00:00,27.3,24.351697123523998,-2.948302876476003,2.948302876476003,20,5,12,Winter
2025-12-20 21:00:00,22.5,22.35753914521314,-0.14246085478686155,0.14246085478686155,21,5,12,Winter
2025-12-20 22:00:00,33.9,26.74026038271208,-7.159739617287919,7.159739617287919,22,5,12,Winter
2025-12-20 23:00:00,21.0,21.248023472434447,0.248023472434447,0.248023472434447,23,5,12,Winter
2025-12-21 00:00:00,21.1,21.233119679218536,0.13311967921853451,0.13311967921853451,0,6,12,Winter
2025-12-21 01:00:00,13.7,18.302728084347255,4.602728084347255,4.602728084347255,1,6,12,Winter
2025-12-21 02:00:00,19.2,20.020741978141164,0.8207419781411645,0.8207419781411645,2,6,12,Winter
2025-12-21 03:00:00,27.2,25.14059846102409,-2.0594015389759086,2.0594015389759086,3,6,12,Winter
2025-12-21 04:00:00,18.9,24.08467570568434,5.1846757056843416,5.1846757056843416,4,6,12,Winter
2025-12-21 05:00:00,17.6,23.330236257819518,5.7302362578195165,5.7302362578195165,5,6,12,Winter
2025-12-21 06:00:00,28.4,27.283244479664454,-1.1167555203355448,1.1167555203355448,6,6,12,Winter
2025-12-21 07:00:00,35.8,32.625573122210895,-3.1744268777891023,3.1744268777891023,7,6,12,Winter
2025-12-21 08:00:00,32.5,31.37753045371634,-1.1224695462836607,1.1224695462836607,8,6,12,Winter
2025-12-21 09:00:00,32.6,33.59384117565796,0.9938411756579555,0.9938411756579555,9,6,12,Winter
2025-12-21 10:00:00,27.8,29.890109557728124,2.0901095577281232,2.0901095577281232,10,6,12,Winter
2025-12-21 11:00:00,37.8,36.86586995115104,-0.9341300488489566,0.9341300488489566,11,6,12,Winter
2025-12-21 12:00:00,38.9,37.3062023604845,-1.5937976395155005,1.5937976395155005,12,6,12,Winter
2025-12-21 13:00:00,28.9,32.662835350063155,3.762835350063156,3.762835350063156,13,6,12,Winter
2025-12-21 14:00:00,39.8,35.810281458257926,-3.9897185417420715,3.9897185417420715,14,6,12,Winter
2025-12-21 15:00:00,37.0,35.47213187130192,-1.5278681286980813,1.5278681286980813,15,6,12,Winter
2025-12-21 16:00:00,36.8,33.866192028815156,-2.933807971184841,2.933807971184841,16,6,12,Winter
2025-12-21 17:00:00,32.7,33.29697133221894,0.596971332218935,0.596971332218935,17,6,12,Winter
2025-12-21 18:00:00,30.9,30.48487882327359,-0.4151211767264087,0.4151211767264087,18,6,12,Winter
2025-12-21 19:00:00,28.3,27.54008940297926,-0.7599105970207418,0.7599105970207418,19,6,12,Winter
2025-12-21 20:00:00,27.8,25.452765787665403,-2.347234212334598,2.347234212334598,20,6,12,Winter
2025-12-21 21:00:00,15.4,21.45887880200143,6.058878802001429,6.058878802001429,21,6,12,Winter
2025-12-21 22:00:00,15.4,19.95465716223368,4.55465716223368,4.55465716223368,22,6,12,Winter
2025-12-21 23:00:00,17.6,18.66108805375654,1.0610880537565386,1.0610880537565386,23,6,12,Winter
2025-12-22 00:00:00,24.9,25.598226687634394,0.6982266876343957,0.6982266876343957,0,0,12,Winter
2025-12-22 01:00:00,27.3,26.81497696888158,-0.4850230311184198,0.4850230311184198,1,0,12,Winter
2025-12-22 02:00:00,27.8,27.494128353321717,-0.30587164667828404,0.30587164667828404,2,0,12,Winter
2025-12-22 03:00:00,32.3,30.046970889559876,-2.2530291104401208,2.2530291104401208,3,0,12,Winter
2025-12-22 04:00:00,34.1,32.72704461308387,-1.3729553869161322,1.3729553869161322,4,0,12,Winter
2025-12-22 05:00:00,27.9,30.353547655755797,2.4535476557557985,2.4535476557557985,5,0,12,Winter
2025-12-22 06:00:00,34.4,34.62351394979809,0.22351394979808958,0.22351394979808958,6,0,12,Winter
2025-12-22 07:00:00,32.1,35.25971419408411,3.15971419408411,3.15971419408411,7,0,12,Winter
2025-12-22 08:00:00,36.7,35.52806606573356,-1.1719339342664412,1.1719339342664412,8,0,12,Winter
2025-12-22 09:00:00,40.4,39.92917321863193,-0.47082678136806777,0.47082678136806777,9,0,12,Winter
2025-12-22 10:00:00,26.8,35.272751367185684,8.472751367185683,8.472751367185683,10,0,12,Winter
2025-12-22 11:00:00,50.8,45.9008534131725,-4.899146586827499,4.899146586827499,11,0,12,Winter
2025-12-22 12:00:00,43.7,42.04099190119654,-1.6590080988034615,1.6590080988034615,12,0,12,Winter
2025-12-22 13:00:00,38.8,38.287159950402,-0.5128400495979974,0.5128400495979974,13,0,12,Winter
2025-12-22 14:00:00,48.1,43.35991459712854,-4.740085402871465,4.740085402871465,14,0,12,Winter
2025-12-22 15:00:00,37.7,39.09711957737647,1.3971195773764649,1.3971195773764649,15,0,12,Winter
2025-12-22 16:00:00,38.0,39.398704315129024,1.3987043151290237,1.3987043151290237,16,0,12,Winter
2025-12-22 17:00:00,33.6,34.0289088454027,0.42890884540269525,0.42890884540269525,17,0,12,Winter
2025-12-22 18:00:00,40.1,35.90597915847153,-4.19402084152847,4.19402084152847,18,0,12,Winter
2025-12-22 19:00:00,31.0,32.43461945853703,1.4346194585370284,1.4346194585370284,19,0,12,Winter
2025-12-22 20:00:00,30.1,30.774858316930292,0.6748583169302904,0.6748583169302904,20,0,12,Winter
2025-12-22 21:00:00,32.6,30.86461230107632,-1.735387698923681,1.735387698923681,21,0,12,Winter
2025-12-22 22:00:00,28.9,28.494955234375404,-0.405044765624595,0.405044765624595,22,0,12,Winter
2025-12-22 23:00:00,25.5,26.745796664296357,1.245796664296357,1.245796664296357,23,0,12,Winter
2025-12-23 00:00:00,30.1,28.615758984240387,-1.4842410157596149,1.4842410157596149,0,1,12,Winter
2025-12-23 01:00:00,36.1,31.348293927653398,-4.751706072346604,4.751706072346604,1,1,12,Winter
2025-12-23 02:00:00,28.0,28.726849648401544,0.7268496484015436,0.7268496484015436,2,1,12,Winter
2025-12-23 03:00:00,28.4,30.254441412416636,1.8544414124166373,1.8544414124166373,3,1,12,Winter
2025-12-23 04:00:00,30.3,31.026167373245883,0.7261673732458824,0.7261673732458824,4,1,12,Winter
2025-12-23 05:00:00,36.8,34.064877818718706,-2.735122181281291,2.735122181281291,5,1,12,Winter
2025-12-23 06:00:00,31.2,33.30911120077245,2.1091112007724497,2.1091112007724497,6,1,12,Winter
2025-12-23 07:00:00,34.6,35.53576838783036,0.9357683878303575,0.9357683878303575,7,1,12,Winter
2025-12-23 08:00:00,31.5,36.60336270569189,5.103362705691893,5.103362705691893,8,1,12,Winter
2025-12-23 09:00:00,34.5,36.89527954075538,2.395279540755382,2.395279540755382,9,1,12,Winter
2025-12-23 10:00:00,38.5,38.04861108819342,-0.4513889118065819,0.4513889118065819,10,1,12,Winter
2025-12-23 11:00:00,41.1,41.625673726694394,0.5256737266943929,0.5256737266943929,11,1,12,Winter
2025-12-23 12:00:00,48.7,45.16199755640947,-3.5380024435905355,3.5380024435905355,12,1,12,Winter
2025-12-23 13:00:00,43.5,42.69928722015425,-0.8007127798457532,0.8007127798457532,13,1,12,Winter
2025-12-23 14:00:00,36.9,41.00366591568241,4.103665915682413,4.103665915682413,14,1,12,Winter
2025-12-23 15:00:00,36.4,39.07137507847343,2.6713750784734316,2.6713750784734316,15,1,12,Winter
2025-12-23 16:00:00,43.1,39.49568506921634,-3.6043149307836586,3.6043149307836586,16,1,12,Winter
2025-12-23 17:00:00,40.2,37.40976659797716,-2.7902334020228423,2.7902334020228423,17,1,12,Winter
2025-12-23 18:00:00,33.7,34.31050998357645,0.6105099835764491,0.6105099835764491,18,1,12,Winter
2025-12-23 19:00:00,29.8,30.930960747412993,1.130960747412992,1.130960747412992,19,1,12,Winter
2025-12-23 20:00:00,34.1,30.10319962915844,-3.9968003708415623,3.9968003708415623,20,1,12,Winter
2025-12-23 21:00:00,24.0,26.25878596803243,2.2587859680324307,2.2587859680324307,21,1,12,Winter
2025-12-23 22:00:00,28.3,27.67924533274663,-0.6207546672533724,0.6207546672533724,22,1,12,Winter
2025-12-23 23:00:00,35.0,30.861884480134496,-4.138115519865504,4.138115519865504,23,1,12,Winter
2025-12-24 00:00:00,26.6,27.303174514139137,0.7031745141391355,0.7031745141391355,0,2,12,Winter
2025-12-24 01:00:00,23.0,24.14895182570697,1.1489518257069697,1.1489518257069697,1,2,12,Winter
2025-12-24 02:00:00,28.5,28.433505505295628,-0.06649449470437219,0.06649449470437219,2,2,12,Winter
2025-12-24 03:00:00,26.3,27.191214334874893,0.891214334874892,0.891214334874892,3,2,12,Winter
2025-12-24 04:00:00,24.2,28.4038626591778,4.203862659177801,4.203862659177801,4,2,12,Winter
2025-12-24 05:00:00,34.5,31.860232432955733,-2.6397675670442666,2.6397675670442666,5,2,12,Winter
2025-12-24 06:00:00,38.3,34.18135005156207,-4.118649948437927,4.118649948437927,6,2,12,Winter
2025-12-24 07:00:00,34.6,36.48691990042725,1.8869199004272517,1.8869199004272517,7,2,12,Winter
2025-12-24 08:00:00,36.3,37.373295827363016,1.0732958273630189,1.0732958273630189,8,2,12,Winter
2025-12-24 09:00:00,35.6,38.15873734976796,2.5587373497679593,2.5587373497679593,9,2,12,Winter
2025-12-24 10:00:00,40.1,39.46690349187042,-0.633096508129583,0.633096508129583,10,2,12,Winter
2025-12-24 11:00:00,39.3,41.37729664866156,2.077296648661566,2.077296648661566,11,2,12,Winter
2025-12-24 12:00:00,37.8,39.599813232614224,1.7998132326142269,1.7998132326142269,12,2,12,Winter
2025-12-24 13:00:00,49.1,43.954290886049236,-5.145709113950765,5.145709113950765,13,2,12,Winter
2025-12-24 14:00:00,42.6,41.209207900937734,-1.390792099062267,1.390792099062267,14,2,12,Winter
2025-12-24 15:00:00,41.7,40.03315593993735,-1.666844060062651,1.666844060062651,15,2,12,Winter
2025-12-24 16:00:00,41.3,41.81343446838033,0.513434468380332,0.513434468380332,16,2,12,Winter
2025-12-24 17:00:00,39.0,37.75161951662963,-1.2483804833703687,1.2483804833703687,17,2,12,Winter
2025-12-24 18:00:00,32.1,34.41440655249647,2.3144065524964716,2.3144065524964716,18,2,12,Winter
2025-12-24 19:00:00,32.8,30.956250878250064,-1.8437491217499336,1.8437491217499336,19,2,12,Winter
2025-12-24 20:00:00,28.7,30.434768766568766,1.7347687665687666,1.7347687665687666,20,2,12,Winter
2025-12-24 21:00:00,29.9,28.214446317685294,-1.6855536823147048,1.6855536823147048,21,2,12,Winter
2025-12-24 22:00:00,28.2,27.621560789663846,-0.5784392103361533,0.5784392103361533,22,2,12,Winter
2025-12-24 23:00:00,24.5,27.21290037760026,2.71290037760026,2.71290037760026,23,2,12,Winter
2025-12-25 00:00:00,20.7,24.750257937800487,4.050257937800488,4.050257937800488,0,3,12,Winter
2025-12-25 01:00:00,26.8,25.49665548195559,-1.3033445180444119,1.3033445180444119,1,3,12,Winter
2025-12-25 02:00:00,26.2,25.659097536263495,-0.5409024637365043,0.5409024637365043,2,3,12,Winter
2025-12-25 03:00:00,20.8,24.653815590869364,3.853815590869363,3.853815590869363,3,3,12,Winter
2025-12-25 04:00:00,32.0,29.776652313277438,-2.223347686722562,2.223347686722562,4,3,12,Winter
2025-12-25 05:00:00,35.8,33.725907696228525,-2.0740923037714722,2.0740923037714722,5,3,12,Winter
2025-12-25 06:00:00,44.1,37.35506358457332,-6.744936415426679,6.744936415426679,6,3,12,Winter
2025-12-25 07:00:00,34.5,35.13274464478743,0.6327446447874294,0.6327446447874294,7,3,12,Winter
2025-12-25 08:00:00,35.8,36.73021771885999,0.9302177188599927,0.9302177188599927,8,3,12,Winter
2025-12-25 09:00:00,35.2,36.909557056770474,1.7095570567704712,1.7095570567704712,9,3,12,Winter
2025-12-25 10:00:00,41.7,40.48941539274237,-1.2105846072576298,1.2105846072576298,10,3,12,Winter
2025-12-25 11:00:00,42.5,42.39490685884479,-0.10509314115520851,0.10509314115520851,11,3,12,Winter
2025-12-25 12:00:00,38.7,40.312639846097134,1.6126398460971316,1.6126398460971316,12,3,12,Winter
2025-12-25 13:00:00,41.0,40.66648467548266,-0.333515324517343,0.333515324517343,13,3,12,Winter
2025-12-25 14:00:00,33.0,37.068637898690305,4.068637898690305,4.068637898690305,14,3,12,Winter
2025-12-25 15:00:00,43.3,39.940285675148466,-3.359714324851531,3.359714324851531,15,3,12,Winter
2025-12-25 16:00:00,34.9,36.63255853901194,1.73255853901194,1.73255853901194,16,3,12,Winter
2025-12-25 17:00:00,35.9,35.88020796005189,-0.019792039948107742,0.019792039948107742,17,3,12,Winter
2025-12-25 18:00:00,28.3,31.35866906201813,3.0586690620181294,3.0586690620181294,18,3,12,Winter
2025-12-25 19:00:00,29.6,31.786215729221297,2.1862157292212956,2.1862157292212956,19,3,12,Winter
2025-12-25 20:00:00,28.9,29.970420103483672,1.0704201034836736,1.0704201034836736,20,3,12,Winter
2025-12-25 21:00:00,28.3,28.36670992579,0.06670992579000057,0.06670992579000057,21,3,12,Winter
2025-12-25 22:00:00,29.0,28.30379892648095,-0.6962010735190489,0.6962010735190489,22,3,12,Winter
2025-12-25 23:00:00,32.0,29.26332209905325,-2.7366779009467486,2.7366779009467486,23,3,12,Winter
2025-12-26 00:00:00,29.1,28.570888775382958,-0.5291112246170435,0.5291112246170435,0,4,12,Winter
2025-12-26 01:00:00,30.3,29.694309833927328,-0.605690166072673,0.605690166072673,1,4,12,Winter
2025-12-26 02:00:00,33.0,30.56175802482633,-2.4382419751736712,2.4382419751736712,2,4,12,Winter
2025-12-26 03:00:00,30.8,29.05370271889728,-1.74629728110272,1.74629728110272,3,4,12,Winter
2025-12-26 04:00:00,30.0,33.31112057406157,3.311120574061569,3.311120574061569,4,4,12,Winter
2025-12-26 05:00:00,36.1,34.56138639279773,-1.5386136072022722,1.5386136072022722,5,4,12,Winter
2025-12-26 06:00:00,38.4,36.90853482542004,-1.4914651745799574,1.4914651745799574,6,4,12,Winter
2025-12-26 07:00:00,38.8,37.01010757120673,-1.7898924287932658,1.7898924287932658,7,4,12,Winter
2025-12-26 08:00:00,32.3,36.17512339608556,3.875123396085563,3.875123396085563,8,4,12,Winter
2025-12-26 09:00:00,36.4,38.497029752936754,2.0970297529367556,2.0970297529367556,9,4,12,Winter
2025-12-26 10:00:00,40.0,41.73029274518902,1.7302927451890184,1.7302927451890184,10,4,12,Winter
2025-12-26 11:00:00,45.0,43.952306131444594,-1.047693868555406,1.047693868555406,11,4,12,Winter
2025-12-26 12:00:00,42.1,42.60795412685879,0.5079541268587917,0.5079541268587917,12,4,12,Winter
2025-12-26 13:00:00,46.4,44.68230041674707,-1.71769958325293,1.71769958325293,13,4,12,Winter
2025-12-26 14:00:00,46.3,43.13413906704975,-3.1658609329502454,3.1658609329502454,14,4,12,Winter
2025-12-26 15:00:00,44.6,42.12340031384566,-2.4765996861543442,2.4765996861543442,15,4,12,Winter
2025-12-26 16:00:00,43.0,40.31390639898378,-2.6860936010162177,2.6860936010162177,16,4,12,Winter
2025-12-26 17:00:00,32.1,36.815200634383075,4.7152006343830735,4.7152006343830735,17,4,12,Winter
2025-12-26 18:00:00,36.1,33.448754370780804,-2.651245629219197,2.651245629219197,18,4,12,Winter
2025-12-26 19:00:00,29.6,31.55401422052077,1.9540142205207687,1.9540142205207687,19,4,12,Winter
2025-12-26 20:00:00,23.5,28.05785619092581,4.557856190925811,4.557856190925811,20,4,12,Winter
2025-12-26 21:00:00,27.3,29.00101950711117,1.7010195071111696,1.7010195071111696,21,4,12,Winter
2025-12-26 22:00:00,32.5,29.741961025378963,-2.758038974621037,2.758038974621037,22,4,12,Winter
2025-12-26 23:00:00,28.3,26.69630820408392,-1.603691795916081,1.603691795916081,23,4,12,Winter
2025-12-27 00:00:00,29.4,26.206428888730557,-3.193571111269442,3.193571111269442,0,5,12,Winter
2025-12-27 01:00:00,22.3,24.34776423277503,2.0477642327750303,2.0477642327750303,1,5,12,Winter
2025-12-27 02:00:00,32.2,27.531017919412026,-4.668982080587977,4.668982080587977,2,5,12,Winter
2025-12-27 03:00:00,24.4,25.5921818444776,1.1921818444776022,1.1921818444776022,3,5,12,Winter
2025-12-27 04:00:00,25.4,27.45142830511369,2.051428305113692,2.051428305113692,4,5,12,Winter
2025-12-27 05:00:00,22.1,26.87772900261221,4.777729002612208,4.777729002612208,5,5,12,Winter
2025-12-27 06:00:00,33.8,32.46845479939353,-1.3315452006064703,1.3315452006064703,6,5,12,Winter
2025-12-27 07:00:00,29.4,31.2656502178089,1.865650217808902,1.865650217808902,7,5,12,Winter
2025-12-27 08:00:00,30.7,33.05075706278754,2.3507570627875403,2.3507570627875403,8,5,12,Winter
2025-12-27 09:00:00,40.1,35.44621794096696,-4.653782059033041,4.653782059033041,9,5,12,Winter
2025-12-27 10:00:00,40.9,38.93588560623259,-1.9641143937674101,1.9641143937674101,10,5,12,Winter
2025-12-27 11:00:00,41.6,40.39610362983477,-1.203896370165232,1.203896370165232,11,5,12,Winter
2025-12-27 12:00:00,35.9,37.70253765631446,1.8025376563144633,1.8025376563144633,12,5,12,Winter
2025-12-27 13:00:00,36.8,38.624916325983065,1.824916325983068,1.824916325983068,13,5,12,Winter
2025-12-27 14:00:00,36.0,36.737768085231046,0.7377680852310462,0.7377680852310462,14,5,12,Winter
2025-12-27 15:00:00,38.1,37.31686452503777,-0.7831354749622292,0.7831354749622292,15,5,12,Winter
2025-12-27 16:00:00,39.5,38.03359151612302,-1.4664084838769824,1.4664084838769824,16,5,12,Winter
2025-12-27 17:00:00,32.9,33.27073593375851,0.3707359337585103,0.3707359337585103,17,5,12,Winter
2025-12-27 18:00:00,37.2,31.975796313026322,-5.224203686973681,5.224203686973681,18,5,12,Winter
2025-12-27 19:00:00,30.8,29.470537290483122,-1.3294627095168785,1.3294627095168785,19,5,12,Winter
2025-12-27 20:00:00,24.4,26.50594186542103,2.1059418654210305,2.1059418654210305,20,5,12,Winter
2025-12-27 21:00:00,27.0,25.640381653737016,-1.3596183462629838,1.3596183462629838,21,5,12,Winter
2025-12-27 22:00:00,29.2,27.068605376351652,-2.1313946236483474,2.1313946236483474,22,5,12,Winter
2025-12-27 23:00:00,29.6,27.989693565759197,-1.6103064342408047,1.6103064342408047,23,5,12,Winter
2025-12-28 00:00:00,26.2,24.98053811856779,-1.2194618814322098,1.2194618814322098,0,6,12,Winter
2025-12-28 01:00:00,21.9,22.735393977606137,0.8353939776061381,0.8353939776061381,1,6,12,Winter
2025-12-28 02:00:00,21.7,22.7707412834711,1.0707412834711008,1.0707412834711008,2,6,12,Winter
2025-12-28 03:00:00,26.1,26.457451010029565,0.35745101002956403,0.35745101002956403,3,6,12,Winter
2025-12-28 04:00:00,32.2,28.911642225316058,-3.288357774683945,3.288357774683945,4,6,12,Winter
2025-12-28 05:00:00,29.1,29.74179018079744,0.6417901807974395,0.6417901807974395,5,6,12,Winter
2025-12-28 06:00:00,31.3,31.868566460346802,0.5685664603468013,0.5685664603468013,6,6,12,Winter
2025-12-28 07:00:00,31.8,31.586149912703664,-0.21385008729633626,0.21385008729633626,7,6,12,Winter
2025-12-28 08:00:00,32.2,32.542571850399284,0.3425718503992812,0.3425718503992812,8,6,12,Winter
2025-12-28 09:00:00,34.5,34.818824330864174,0.3188243308641745,0.3188243308641745,9,6,12,Winter
2025-12-28 10:00:00,37.0,36.67874184237447,-0.3212581576255289,0.3212581576255289,10,6,12,Winter
2025-12-28 11:00:00,44.1,42.28757451051915,-1.8124254894808516,1.8124254894808516,11,6,12,Winter
2025-12-28 12:00:00,36.5,37.62425050807574,1.1242505080757397,1.1242505080757397,12,6,12,Winter
2025-12-28 13:00:00,37.4,37.63820109411033,0.2382010941103303,0.2382010941103303,13,6,12,Winter
2025-12-28 14:00:00,33.0,35.516765496182025,2.5167654961820247,2.5167654961820247,14,6,12,Winter
2025-12-28 15:00:00,38.0,38.38355093415796,0.3835509341579595,0.3835509341579595,15,6,12,Winter
2025-12-28 16:00:00,39.0,38.72006741708769,-0.27993258291230916,0.27993258291230916,16,6,12,Winter
2025-12-28 17:00:00,38.1,34.644128020569575,-3.4558719794304267,3.4558719794304267,17,6,12,Winter
2025-12-28 18:00:00,30.3,32.6322414337077,2.332241433707697,2.332241433707697,18,6,12,Winter
2025-12-28 19:00:00,29.7,29.23017583052033,-0.46982416947966854,0.46982416947966854,19,6,12,Winter
2025-12-28 20:00:00,24.9,26.090807338071304,1.1908073380713056,1.1908073380713056,20,6,12,Winter
2025-12-28 21:00:00,25.9,24.51732308989637,-1.3826769101036298,1.3826769101036298,21,6,12,Winter
2025-12-28 22:00:00,23.8,23.71100925419408,-0.08899074580591915,0.08899074580591915,22,6,12,Winter
2025-12-28 23:00:00,22.0,22.420929078263967,0.42092907826396697,0.42092907826396697,23,6,12,Winter
2025-12-29 00:00:00,27.2,25.807833309184264,-1.3921666908157349,1.3921666908157349,0,0,12,Winter
2025-12-29 01:00:00,28.7,26.872730389006055,-1.8272696109939446,1.8272696109939446,1,0,12,Winter
2025-12-29 02:00:00,26.6,26.752428183138367,0.15242818313836537,0.15242818313836537,2,0,12,Winter
2025-12-29 03:00:00,28.0,27.98101663407728,-0.01898336592271832,0.01898336592271832,3,0,12,Winter
2025-12-29 04:00:00,37.5,34.607170887878034,-2.892829112121966,2.892829112121966,4,0,12,Winter
2025-12-29 05:00:00,43.4,38.165259138004075,-5.234740861995924,5.234740861995924,5,0,12,Winter
2025-12-29 06:00:00,29.8,33.15372216207948,3.3537221620794817,3.3537221620794817,6,0,12,Winter
2025-12-29 07:00:00,31.7,34.40308981453548,2.7030898145354776,2.7030898145354776,7,0,12,Winter
2025-12-29 08:00:00,34.8,36.89047566749024,2.090475667490246,2.090475667490246,8,0,12,Winter
2025-12-29 09:00:00,39.9,40.630051762117155,0.7300517621171565,0.7300517621171565,9,0,12,Winter
2025-12-29 10:00:00,45.2,43.22076015412756,-1.979239845872442,1.979239845872442,10,0,12,Winter
2025-12-29 11:00:00,44.7,44.796655486537254,0.09665548653725153,0.09665548653725153,11,0,12,Winter
2025-12-29 12:00:00,43.3,43.87136511830281,0.5713651183028148,0.5713651183028148,12,0,12,Winter
2025-12-29 13:00:00,44.5,43.134520260621336,-1.3654797393786637,1.3654797393786637,13,0,12,Winter
2025-12-29 14:00:00,38.8,40.61819322887627,1.8181932288762752,1.8181932288762752,14,0,12,Winter
2025-12-29 15:00:00,39.3,39.765096101695505,0.46509610169550797,0.46509610169550797,15,0,12,Winter
2025-12-29 16:00:00,38.6,37.917640996527986,-0.6823590034720155,0.6823590034720155,16,0,12,Winter
2025-12-29 17:00:00,30.4,33.6387715882012,3.238771588201203,3.238771588201203,17,0,12,Winter
2025-12-29 18:00:00,30.0,31.845499913015104,1.8454999130151037,1.8454999130151037,18,0,12,Winter
2025-12-29 19:00:00,28.1,29.59184169202774,1.4918416920277373,1.4918416920277373,19,0,12,Winter
2025-12-29 20:00:00,33.7,31.838576253541838,-1.8614237464581649,1.8614237464581649,20,0,12,Winter
2025-12-29 21:00:00,30.0,27.75712644256468,-2.2428735574353205,2.2428735574353205,21,0,12,Winter
2025-12-29 22:00:00,30.2,27.467154637029203,-2.732845362970796,2.732845362970796,22,0,12,Winter
2025-12-29 23:00:00,19.6,23.43335510047528,3.833355100475277,3.833355100475277,23,0,12,Winter
2025-12-30 00:00:00,20.9,24.099220450256617,3.199220450256618,3.199220450256618,0,1,12,Winter
2025-12-30 01:00:00,29.8,27.191757084411844,-2.608242915588157,2.608242915588157,1,1,12,Winter
2025-12-30 02:00:00,16.8,22.693393746633646,5.893393746633645,5.893393746633645,2,1,12,Winter
2025-12-30 03:00:00,34.1,31.14529399280448,-2.9547060071955222,2.9547060071955222,3,1,12,Winter
2025-12-30 04:00:00,23.5,27.27395618677369,3.7739561867736917,3.7739561867736917,4,1,12,Winter
2025-12-30 05:00:00,36.1,34.80902314648792,-1.2909768535120847,1.2909768535120847,5,1,12,Winter
2025-12-30 06:00:00,31.3,32.791135488496195,1.4911354884961945,1.4911354884961945,6,1,12,Winter
2025-12-30 07:00:00,41.1,37.79105970968412,-3.3089402903158813,3.3089402903158813,7,1,12,Winter
2025-12-30 08:00:00,51.7,45.619192675956874,-6.080807324043128,6.080807324043128,8,1,12,Winter
2025-12-30 09:00:00,31.4,36.38197756577324,4.981977565773242,4.981977565773242,9,1,12,Winter
2025-12-30 10:00:00,44.5,42.35441854320644,-2.1455814567935576,2.1455814567935576,10,1,12,Winter
2025-12-30 11:00:00,35.3,37.82555597999652,2.5255559799965255,2.5255559799965255,11,1,12,Winter
2025-12-30 12:00:00,44.5,43.7385976406163,-0.7614023593837018,0.7614023593837018,12,1,12,Winter
2025-12-30 13:00:00,41.7,41.500972177040865,-0.19902782295913823,0.19902782295913823,13,1,12,Winter
2025-12-30 14:00:00,42.3,41.60187004172589,-0.6981299582741087,0.6981299582741087,14,1,12,Winter
2025-12-30 15:00:00,36.8,39.40483565316348,2.6048356531634838,2.6048356531634838,15,1,12,Winter
2025-12-30 16:00:00,42.0,39.69386710997935,-2.306132890020649,2.306132890020649,16,1,12,Winter
2025-12-30 17:00:00,31.1,33.798770408898704,2.698770408898703,2.698770408898703,17,1,12,Winter
2025-12-30 18:00:00,39.8,35.13165124087494,-4.66834875912506,4.66834875912506,18,1,12,Winter
2025-12-30 19:00:00,31.1,31.70651294709222,0.6065129470922201,0.6065129470922201,19,1,12,Winter
2025-12-30 20:00:00,25.2,29.15448828869122,3.95448828869122,3.95448828869122,20,1,12,Winter
2025-12-30 21:00:00,35.6,33.20991445108336,-2.3900855489166446,2.3900855489166446,21,1,12,Winter
2025-12-30 22:00:00,27.6,27.965099811656405,0.36509981165640326,0.36509981165640326,22,1,12,Winter
2025-12-30 23:00:00,34.7,33.5306887548624,-1.1693112451375995,1.1693112451375995,23,1,12,Winter
2025-12-31 00:00:00,31.9,29.968722541868566,-1.931277458131433,1.931277458131433,0,2,12,Winter
2025-12-31 01:00:00,24.1,26.155849018434115,2.055849018434113,2.055849018434113,1,2,12,Winter
2025-12-31 02:00:00,27.7,28.491331741216452,0.7913317412164531,0.7913317412164531,2,2,12,Winter
2025-12-31 03:00:00,29.8,31.108449674859376,1.308449674859375,1.308449674859375,3,2,12,Winter
2025-12-31 04:00:00,37.1,33.647180918571884,-3.4528190814281174,3.4528190814281174,4,2,12,Winter
2025-12-31 05:00:00,34.7,33.61596630953771,-1.0840336904622916,1.0840336904622916,5,2,12,Winter
2025-12-31 06:00:00,35.7,35.91443324447969,0.21443324447968592,0.21443324447968592,6,2,12,Winter
2025-12-31 07:00:00,36.3,37.15511863814832,0.8551186381483262,0.8551186381483262,7,2,12,Winter
2025-12-31 08:00:00,38.8,39.601634651583595,0.8016346515835977,0.8016346515835977,8,2,12,Winter
2025-12-31 09:00:00,45.9,42.52696204598,-3.373037954019999,3.373037954019999,9,2,12,Winter
2025-12-31 10:00:00,41.9,42.80760278909008,0.9076027890900846,0.9076027890900846,10,2,12,Winter
2025-12-31 11:00:00,41.1,42.82119790228986,1.721197902289859,1.721197902289859,11,2,12,Winter
2025-12-31 12:00:00,40.7,41.96120127675075,1.2612012767507466,1.2612012767507466,12,2,12,Winter
2025-12-31 13:00:00,40.5,41.114339245313,0.6143392453129977,0.6143392453129977,13,2,12,Winter
2025-12-31 14:00:00,36.3,39.79757904392498,3.4975790439249863,3.4975790439249863,14,2,12,Winter
2025-12-31 15:00:00,37.7,38.66873521005184,0.9687352100518396,0.9687352100518396,15,2,12,Winter
2025-12-31 16:00:00,45.0,41.211067624046024,-3.7889323759539764,3.7889323759539764,16,2,12,Winter
2025-12-31 17:00:00,36.2,35.62365233606826,-0.5763476639317417,0.5763476639317417,17,2,12,Winter
2025-12-31 18:00:00,37.8,36.756976120127874,-1.0430238798721234,1.0430238798721234,18,2,12,Winter
2025-12-31 19:00:00,23.0,27.753367954451587,4.753367954451587,4.753367954451587,19,2,12,Winter
2025-12-31 20:00:00,33.3,30.34620555453885,-2.9537944454611456,2.9537944454611456,20,2,12,Winter
2025-12-31 21:00:00,28.7,29.419273019089182,0.719273019089183,0.719273019089183,21,2,12,Winter
2025-12-31 22:00:00,26.1,27.52742757872574,1.4274275787257373,1.4274275787257373,22,2,12,Winter
2025-12-31 23:00:00,28.0,28.499904695334706,0.49990469533470616,0.49990469533470616,23,2,12,Winter
2026-01-01 00:00:00,25.2,26.672975746420327,1.4729757464203281,1.4729757464203281,0,3,1,Winter
2026-01-01 01:00:00,18.9,24.559494721532896,5.659494721532898,5.659494721532898,1,3,1,Winter
2026-01-01 02:00:00,31.9,29.42484182620432,-2.475158173795677,2.475158173795677,2,3,1,Winter
2026-01-01 03:00:00,30.5,29.15856588837082,-1.3414341116291801,1.3414341116291801,3,3,1,Winter
2026-01-01 04:00:00,29.9,30.211880228379734,0.31188022837973506,0.31188022837973506,4,3,1,Winter
2026-01-01 05:00:00,29.2,33.0880545908252,3.8880545908252024,3.8880545908252024,5,3,1,Winter
2026-01-01 06:00:00,29.3,31.710963031806788,2.410963031806787,2.410963031806787,6,3,1,Winter
2026-01-01 07:00:00,38.1,38.272420176782994,0.17242017678299248,0.17242017678299248,7,3,1,Winter
2026-01-01 08:00:00,45.6,42.67999937684682,-2.9200006231531788,2.9200006231531788,8,3,1,Winter
2026-01-01 09:00:00,41.6,39.941156677174085,-1.6588433228259163,1.6588433228259163,9,3,1,Winter
2026-01-01 10:00:00,36.6,41.71139883021388,5.111398830213879,5.111398830213879,10,3,1,Winter
2026-01-01 11:00:00,43.8,42.69239754460265,-1.1076024553973483,1.1076024553973483,11,3,1,Winter
2026-01-01 12:00:00,43.0,42.435349411272924,-0.5646505887270763,0.5646505887270763,12,3,1,Winter
2026-01-01 13:00:00,46.4,43.92841621395669,-2.471583786043311,2.471583786043311,13,3,1,Winter
2026-01-01 14:00:00,44.5,41.18982075126487,-3.310179248735132,3.310179248735132,14,3,1,Winter
2026-01-01 15:00:00,28.9,37.59353380183027,8.69353380183027,8.69353380183027,15,3,1,Winter
2026-01-01 16:00:00,41.4,39.16349998421044,-2.2365000157895594,2.2365000157895594,16,3,1,Winter
2026-01-01 17:00:00,33.2,33.93017564669018,0.7301756466901779,0.7301756466901779,17,3,1,Winter
2026-01-01 18:00:00,29.5,33.45351271829499,3.953512718294988,3.953512718294988,18,3,1,Winter
2026-01-01 19:00:00,32.3,31.85883812517888,-0.44116187482111613,0.44116187482111613,19,3,1,Winter
2026-01-01 20:00:00,32.8,30.72471158721082,-2.0752884127891775,2.0752884127891775,20,3,1,Winter
2026-01-01 21:00:00,23.0,28.54402708652001,5.5440270865200105,5.5440270865200105,21,3,1,Winter
2026-01-01 22:00:00,31.1,28.32924876793141,-2.7707512320685908,2.7707512320685908,22,3,1,Winter
2026-01-01 23:00:00,30.5,29.340016555357654,-1.1599834446423465,1.1599834446423465,23,3,1,Winter
2026-01-02 00:00:00,27.5,28.47243042042412,0.9724304204241214,0.9724304204241214,0,4,1,Winter
2026-01-02 01:00:00,24.1,27.98227939969404,3.8822793996940383,3.8822793996940383,1,4,1,Winter
2026-01-02 02:00:00,24.5,28.106995622125563,3.606995622125563,3.606995622125563,2,4,1,Winter
2026-01-02 03:00:00,33.8,30.402188507211562,-3.397811492788435,3.397811492788435,3,4,1,Winter
2026-01-02 04:00:00,25.3,28.97330825923934,3.673308259239338,3.673308259239338,4,4,1,Winter
2026-01-02 05:00:00,37.5,35.54645492606365,-1.953545073936347,1.953545073936347,5,4,1,Winter
2026-01-02 06:00:00,34.7,34.98960690597432,0.28960690597431693,0.28960690597431693,6,4,1,Winter
2026-01-02 07:00:00,37.0,36.40573195119654,-0.5942680488034568,0.5942680488034568,7,4,1,Winter
2026-01-02 08:00:00,32.5,36.2700278596181,3.7700278596180965,3.7700278596180965,8,4,1,Winter
2026-01-02 09:00:00,40.4,40.82740462256138,0.427404622561383,0.427404622561383,9,4,1,Winter
2026-01-02 10:00:00,44.7,40.69410819739699,-4.00589180260301,4.00589180260301,10,4,1,Winter
2026-01-02 11:00:00,37.7,40.70471662042196,3.0047166204219593,3.0047166204219593,11,4,1,Winter
2026-01-02 12:00:00,45.3,44.183770178544954,-1.1162298214550432,1.1162298214550432,12,4,1,Winter
2026-01-02 13:00:00,43.4,43.197662671372086,-0.20233732862791243,0.20233732862791243,13,4,1,Winter
2026-01-02 14:00:00,39.7,40.403136631877786,0.7031366318777827,0.7031366318777827,14,4,1,Winter
2026-01-02 15:00:00,44.4,41.78030597050504,-2.6196940294949584,2.6196940294949584,15,4,1,Winter
2026-01-02 16:00:00,30.5,35.85273066799314,5.352730667993143,5.352730667993143,16,4,1,Winter
2026-01-02 17:00:00,38.8,37.20786400955649,-1.5921359904435093,1.5921359904435093,17,4,1,Winter
2026-01-02 18:00:00,41.8,37.87388374615017,-3.926116253849827,3.926116253849827,18,4,1,Winter
2026-01-02 19:00:00,39.0,36.50684039215364,-2.4931596078463585,2.4931596078463585,19,4,1,Winter
2026-01-02 20:00:00,32.9,31.85890373376639,-1.041096266233609,1.041096266233609,20,4,1,Winter
2026-01-02 21:00:00,28.5,29.076055430037357,0.576055430037357,0.576055430037357,21,4,1,Winter
2026-01-02 22:00:00,25.9,28.0923185958127,2.1923185958127007,2.1923185958127007,22,4,1,Winter
2026-01-02 23:00:00,26.4,27.026011533332316,0.6260115333323171,0.6260115333323171,23,4,1,Winter
2026-01-03 00:00:00,24.7,24.11913585919916,-0.5808641408008377,0.5808641408008377,0,5,1,Winter
2026-01-03 01:00:00,19.6,21.59889446577476,1.9988944657747574,1.9988944657747574,1,5,1,Winter
2026-01-03 02:00:00,26.6,25.982762608494472,-0.6172373915055296,0.6172373915055296,2,5,1,Winter
2026-01-03 03:00:00,33.4,28.38173343210571,-5.018266567894287,5.018266567894287,3,5,1,Winter
2026-01-03 04:00:00,26.3,26.09293931539388,-0.2070606846061196,0.2070606846061196,4,5,1,Winter
2026-01-03 05:00:00,23.1,25.96530398108945,2.865303981089447,2.865303981089447,5,5,1,Winter
2026-01-03 06:00:00,25.1,27.5395868419834,2.439586841983399,2.439586841983399,6,5,1,Winter
2026-01-03 07:00:00,35.7,34.04221205790594,-1.6577879420940604,1.6577879420940604,7,5,1,Winter
2026-01-03 08:00:00,34.3,34.886595981036336,0.5865959810363393,0.5865959810363393,8,5,1,Winter
2026-01-03 09:00:00,39.7,37.19340464807332,-2.506595351926684,2.506595351926684,9,5,1,Winter
2026-01-03 10:00:00,35.3,36.0427544716001,0.7427544716001009,0.7427544716001009,10,5,1,Winter
2026-01-03 11:00:00,41.6,39.84132867048237,-1.7586713295176324,1.7586713295176324,11,5,1,Winter
2026-01-03 12:00:00,37.9,38.47472735803564,0.5747273580356449,0.5747273580356449,12,5,1,Winter
2026-01-03 13:00:00,35.3,38.592047443734046,3.292047443734049,3.292047443734049,13,5,1,Winter
2026-01-03 14:00:00,35.8,37.41944334696975,1.619443346969753,1.619443346969753,14,5,1,Winter
2026-01-03 15:00:00,31.4,35.09663882201385,3.6966388220138526,3.6966388220138526,15,5,1,Winter
2026-01-03 16:00:00,42.5,37.23545972475656,-5.264540275243441,5.264540275243441,16,5,1,Winter
2026-01-03 17:00:00,32.2,31.408474220869923,-0.7915257791300796,0.7915257791300796,17,5,1,Winter
2026-01-03 18:00:00,33.1,33.14013623021165,0.040136230211651025,0.040136230211651025,18,5,1,Winter
2026-01-03 19:00:00,26.3,27.408556757583398,1.108556757583397,1.108556757583397,19,5,1,Winter
2026-01-03 20:00:00,22.3,24.39628088245246,2.096280882452458,2.096280882452458,20,5,1,Winter
2026-01-03 21:00:00,23.9,23.425872916324707,-0.47412708367529177,0.47412708367529177,21,5,1,Winter
2026-01-03 22:00:00,28.0,25.297370324128885,-2.7026296758711155,2.7026296758711155,22,5,1,Winter
2026-01-03 23:00:00,20.7,21.703258675106515,1.0032586751065153,1.0032586751065153,23,5,1,Winter
2026-01-04 00:00:00,19.2,21.234811977457746,2.0348119774577462,2.0348119774577462,0,6,1,Winter
2026-01-04 01:00:00,23.6,23.04808859619091,-0.5519114038090898,0.5519114038090898,1,6,1,Winter
2026-01-04 02:00:00,25.8,25.049082078172585,-0.7509179218274156,0.7509179218274156,2,6,1,Winter
2026-01-04 03:00:00,31.6,29.170284920473897,-2.4297150795261047,2.4297150795261047,3,6,1,Winter
2026-01-04 04:00:00,28.1,27.873179107840944,-0.22682089215905776,0.22682089215905776,4,6,1,Winter
2026-01-04 05:00:00,31.2,30.25559755859597,-0.94440244140403,0.94440244140403,5,6,1,Winter
2026-01-04 06:00:00,33.6,30.899066526924877,-2.700933473075125,2.700933473075125,6,6,1,Winter
2026-01-04 07:00:00,28.1,30.464164545184897,2.364164545184895,2.364164545184895,7,6,1,Winter
2026-01-04 08:00:00,30.8,32.04249954282015,1.242499542820152,1.242499542820152,8,6,1,Winter
2026-01-04 09:00:00,32.0,34.88045881920463,2.8804588192046268,2.8804588192046268,9,6,1,Winter
2026-01-04 10:00:00,32.3,34.456101642806004,2.156101642806007,2.156101642806007,10,6,1,Winter
2026-01-04 11:00:00,41.6,40.16738974829312,-1.4326102517068833,1.4326102517068833,11,6,1,Winter
2026-01-04 12:00:00,39.8,39.51279625988987,-0.2872037401101295,0.2872037401101295,12,6,1,Winter
2026-01-04 13:00:00,38.7,38.66436558888313,-0.03563441111687382,0.03563441111687382,13,6,1,Winter
2026-01-04 14:00:00,27.2,32.802333074541835,5.602333074541836,5.602333074541836,14,6,1,Winter
2026-01-04 15:00:00,44.6,40.27530416153681,-4.324695838463192,4.324695838463192,15,6,1,Winter
2026-01-04 16:00:00,31.1,33.0087634220593,1.9087634220593017,1.9087634220593017,16,6,1,Winter
2026-01-04 17:00:00,41.0,35.69533130612648,-5.3046686938735235,5.3046686938735235,17,6,1,Winter
2026-01-04 18:00:00,24.9,27.419844271936,2.5198442719360017,2.5198442719360017,18,6,1,Winter
2026-01-04 19:00:00,25.4,26.89338226877583,1.4933822687758322,1.4933822687758322,19,6,1,Winter
2026-01-04 20:00:00,17.9,21.45892459942438,3.5589245994243797,3.5589245994243797,20,6,1,Winter
2026-01-04 21:00:00,26.5,24.939180853709843,-1.5608191462901573,1.5608191462901573,21,6,1,Winter
2026-01-04 22:00:00,19.4,22.37918402574695,2.979184025746953,2.979184025746953,22,6,1,Winter
2026-01-04 23:00:00,18.7,20.962350995339783,2.2623509953397836,2.2623509953397836,23,6,1,Winter
2026-01-05 00:00:00,22.4,25.89897334615135,3.4989733461513524,3.4989733461513524,0,0,1,Winter
2026-01-05 01:00:00,31.2,28.971884284707137,-2.228115715292862,2.228115715292862,1,0,1,Winter
2026-01-05 02:00:00,31.8,29.620293272032356,-2.1797067279676448,2.1797067279676448,2,0,1,Winter
2026-01-05 03:00:00,37.5,34.5568148730461,-2.9431851269538996,2.9431851269538996,3,0,1,Winter
2026-01-05 04:00:00,29.1,32.10438075394045,3.0043807539404455,3.0043807539404455,4,0,1,Winter
2026-01-05 05:00:00,34.7,34.154051675518566,-0.5459483244814365,0.5459483244814365,5,0,1,Winter
2026-01-05 06:00:00,30.7,33.218795971765175,2.518795971765176,2.518795971765176,6,0,1,Winter
2026-01-05 07:00:00,36.6,37.26567112724325,0.6656711272432503,0.6656711272432503,7,0,1,Winter
2026-01-05 08:00:00,37.8,38.21008063898941,0.41008063898941316,0.41008063898941316,8,0,1,Winter
2026-01-05 09:00:00,43.4,41.34620048463411,-2.0537995153658883,2.0537995153658883,9,0,1,Winter
2026-01-05 10:00:00,46.9,43.77148625839388,-3.1285137416061204,3.1285137416061204,10,0,1,Winter
2026-01-05 11:00:00,47.6,44.55675630429948,-3.043243695700518,3.043243695700518,11,0,1,Winter
2026-01-05 12:00:00,40.5,41.83094556848912,1.3309455684891205,1.3309455684891205,12,0,1,Winter
2026-01-05 13:00:00,47.6,44.396541019458894,-3.2034589805411073,3.2034589805411073,13,0,1,Winter
2026-01-05 14:00:00,42.6,42.12476842739027,-0.47523157260972937,0.47523157260972937,14,0,1,Winter
2026-01-05 15:00:00,40.2,41.51086986092792,1.310869860927916,1.310869860927916,15,0,1,Winter
2026-01-05 16:00:00,37.0,39.490066201913,2.4900662019130024,2.4900662019130024,16,0,1,Winter
2026-01-05 17:00:00,35.7,37.911555676614185,2.211555676614182,2.211555676614182,17,0,1,Winter
2026-01-05 18:00:00,42.8,37.78363311391278,-5.016366886087219,5.016366886087219,18,0,1,Winter
2026-01-05 19:00:00,35.0,35.13493744447338,0.13493744447337974,0.13493744447337974,19,0,1,Winter
2026-01-05 20:00:00,32.6,32.31450946217411,-0.2854905378258934,0.2854905378258934,20,0,1,Winter
2026-01-05 21:00:00,29.2,30.414476354458362,1.2144763544583626,1.2144763544583626,21,0,1,Winter
2026-01-05 22:00:00,38.7,33.63636256828375,-5.063637431716252,5.063637431716252,22,0,1,Winter
2026-01-05 23:00:00,33.4,31.815124730619544,-1.5848752693804542,1.5848752693804542,23,0,1,Winter
2026-01-06 00:00:00,25.1,26.361231101182966,1.2612311011829647,1.2612311011829647,0,1,1,Winter
2026-01-06 01:00:00,27.2,29.14051597655126,1.9405159765512607,1.9405159765512607,1,1,1,Winter
2026-01-06 02:00:00,28.2,27.567236530102814,-0.6327634698971849,0.6327634698971849,2,1,1,Winter
2026-01-06 03:00:00,31.0,30.273765451463543,-0.726234548536457,0.726234548536457,3,1,1,Winter
2026-01-06 04:00:00,29.2,29.54640018721872,0.3464001872187197,0.3464001872187197,4,1,1,Winter
2026-01-06 05:00:00,35.7,34.801484059851845,-0.8985159401481582,0.8985159401481582,5,1,1,Winter
2026-01-06 06:00:00,41.8,37.71193029411789,-4.088069705882106,4.088069705882106,6,1,1,Winter
2026-01-06 07:00:00,32.8,35.77980286011694,2.9798028601169406,2.9798028601169406,7,1,1,Winter
2026-01-06 08:00:00,35.5,37.625559703036096,2.125559703036096,2.125559703036096,8,1,1,Winter
2026-01-06 09:00:00,39.8,39.05218266759306,-0.7478173324069388,0.7478173324069388,9,1,1,Winter
2026-01-06 10:00:00,41.2,41.21312284329884,0.01312284329883795,0.01312284329883795,10,1,1,Winter
2026-01-06 11:00:00,51.8,47.30562867314332,-4.49437132685668,4.49437132685668,11,1,1,Winter
2026-01-06 12:00:00,48.0,47.7070056299795,-0.29299437002050155,0.29299437002050155,12,1,1,Winter
2026-01-06 13:00:00,47.5,45.638196811541306,-1.861803188458694,1.861803188458694,13,1,1,Winter
2026-01-06 14:00:00,41.9,42.57374254791849,0.6737425479184935,0.6737425479184935,14,1,1,Winter
2026-01-06 15:00:00,40.5,40.80977851458225,0.3097785145822485,0.3097785145822485,15,1,1,Winter
2026-01-06 16:00:00,34.2,37.69065021488753,3.4906502148875305,3.4906502148875305,16,1,1,Winter
2026-01-06 17:00:00,41.2,38.457394034582954,-2.7426059654170487,2.7426059654170487,17,1,1,Winter
2026-01-06 18:00:00,38.0,37.30888193266409,-0.691118067335907,0.691118067335907,18,1,1,Winter
2026-01-06 19:00:00,39.1,35.71373066662995,-3.386269333370052,3.386269333370052,19,1,1,Winter
2026-01-06 20:00:00,31.2,30.445405081178365,-0.7545949188216348,0.7545949188216348,20,1,1,Winter
2026-01-06 21:00:00,29.8,32.254392598488415,2.4543925984884147,2.4543925984884147,21,1,1,Winter
2026-01-06 22:00:00,29.8,29.743832847496623,-0.05616715250337734,0.05616715250337734,22,1,1,Winter
2026-01-06 23:00:00,31.9,30.917595140065544,-0.982404859934455,0.982404859934455,23,1,1,Winter
2026-01-07 00:00:00,22.3,26.408876162818295,4.108876162818294,4.108876162818294,0,2,1,Winter
2026-01-07 01:00:00,31.4,29.435707478413303,-1.964292521586696,1.964292521586696,1,2,1,Winter
2026-01-07 02:00:00,29.2,29.095779679337983,-0.10422032066201581,0.10422032066201581,2,2,1,Winter
2026-01-07 03:00:00,26.3,30.333926339983144,4.033926339983143,4.033926339983143,3,2,1,Winter
2026-01-07 04:00:00,23.9,30.76160286993277,6.861602869932771,6.861602869932771,4,2,1,Winter
2026-01-07 05:00:00,33.6,33.01394711212187,-0.5860528878781324,0.5860528878781324,5,2,1,Winter
2026-01-07 06:00:00,42.0,38.20281356879744,-3.7971864312025616,3.7971864312025616,6,2,1,Winter
2026-01-07 07:00:00,45.0,40.04818024031567,-4.9518197596843265,4.9518197596843265,7,2,1,Winter
2026-01-07 08:00:00,41.6,40.62467535436342,-0.9753246456365829,0.9753246456365829,8,2,1,Winter
2026-01-07 09:00:00,49.7,44.66797452868706,-5.0320254713129415,5.0320254713129415,9,2,1,Winter
2026-01-07 10:00:00,43.0,43.683162252763765,0.6831622527637649,0.6831622527637649,10,2,1,Winter
2026-01-07 11:00:00,47.7,45.733352029345795,-1.9666479706542077,1.9666479706542077,11,2,1,Winter
2026-01-07 12:00:00,42.4,44.19586150889195,1.795861508891953,1.795861508891953,12,2,1,Winter
2026-01-07 13:00:00,41.9,44.405456130916896,2.5054561309168975,2.5054561309168975,13,2,1,Winter
2026-01-07 14:00:00,40.4,40.9491740877524,0.5491740877523981,0.5491740877523981,14,2,1,Winter
2026-01-07 15:00:00,33.6,39.188186235943974,5.588186235943972,5.588186235943972,15,2,1,Winter
2026-01-07 16:00:00,45.4,41.729482544792,-3.6705174552079995,3.6705174552079995,16,2,1,Winter
2026-01-07 17:00:00,35.7,37.76828121680649,2.06828121680649,2.06828121680649,17,2,1,Winter
2026-01-07 18:00:00,33.0,36.02464029672066,3.024640296720662,3.024640296720662,18,2,1,Winter
2026-01-07 19:00:00,29.4,29.742459721136807,0.3424597211368088,0.3424597211368088,19,2,1,Winter
2026-01-07 20:00:00,31.4,31.28715649829252,-0.11284350170747715,0.11284350170747715,20,2,1,Winter
2026-01-07 21:00:00,37.6,31.088887699357283,-6.5111123006427185,6.5111123006427185,21,2,1,Winter
2026-01-07 22:00:00,37.6,33.51702787192879,-4.082972128071212,4.082972128071212,22,2,1,Winter
2026-01-07 23:00:00,21.8,25.94536656336345,4.145366563363449,4.145366563363449,23,2,1,Winter
2026-01-08 00:00:00,27.0,27.52616858496678,0.5261685849667792,0.5261685849667792,0,3,1,Winter
2026-01-08 01:00:00,24.5,25.78659436521033,1.2865943652103304,1.2865943652103304,1,3,1,Winter
2026-01-08 02:00:00,33.4,30.13882759520087,-3.2611724047991295,3.2611724047991295,2,3,1,Winter
2026-01-08 03:00:00,31.9,31.421411969853455,-0.4785880301465433,0.4785880301465433,3,3,1,Winter
2026-01-08 04:00:00,29.8,31.668476202511393,1.868476202511392,1.868476202511392,4,3,1,Winter
2026-01-08 05:00:00,34.6,34.77716029898762,0.17716029898761576,0.17716029898761576,5,3,1,Winter
2026-01-08 06:00:00,34.5,36.45841531122479,1.9584153112247904,1.9584153112247904,6,3,1,Winter
2026-01-08 07:00:00,44.9,41.37952992761377,-3.5204700723862317,3.5204700723862317,7,3,1,Winter
2026-01-08 08:00:00,42.6,41.8658160632844,-0.7341839367156027,0.7341839367156027,8,3,1,Winter
2026-01-08 09:00:00,44.7,42.500142625803576,-2.1998573741964265,2.1998573741964265,9,3,1,Winter
2026-01-08 10:00:00,32.6,40.09332893235416,7.49332893235416,7.49332893235416,10,3,1,Winter
2026-01-08 11:00:00,43.8,45.023089552069955,1.2230895520699576,1.2230895520699576,11,3,1,Winter
2026-01-08 12:00:00,52.7,44.248670125543995,-8.451329874456007,8.451329874456007,12,3,1,Winter
2026-01-08 13:00:00,49.4,45.441046581387894,-3.9589534186121043,3.9589534186121043,13,3,1,Winter
2026-01-08 14:00:00,35.9,41.87890623092575,5.978906230925752,5.978906230925752,14,3,1,Winter
2026-01-08 15:00:00,40.8,41.38575958548774,0.5857595854877431,0.5857595854877431,15,3,1,Winter
2026-01-08 16:00:00,35.6,37.39920868246881,1.7992086824688087,1.7992086824688087,16,3,1,Winter
2026-01-08 17:00:00,45.3,39.1865313339713,-6.1134686660286945,6.1134686660286945,17,3,1,Winter
2026-01-08 18:00:00,37.3,36.5414663552684,-0.7585336447315996,0.7585336447315996,18,3,1,Winter
2026-01-08 19:00:00,31.2,33.98567665252655,2.7856766525265506,2.7856766525265506,19,3,1,Winter
2026-01-08 20:00:00,32.5,30.771568380584,-1.7284316194159999,1.7284316194159999,20,3,1,Winter
2026-01-08 21:00:00,20.3,26.137835890676797,5.837835890676796,5.837835890676796,21,3,1,Winter
2026-01-08 22:00:00,25.1,26.823380136512792,1.723380136512791,1.723380136512791,22,3,1,Winter
2026-01-08 23:00:00,28.8,28.484338104274336,-0.3156618957256647,0.3156618957256647,23,3,1,Winter
2026-01-09 00:00:00,31.9,29.619278516880694,-2.2807214831193043,2.2807214831193043,0,4,1,Winter
2026-01-09 01:00:00,21.1,25.342058070948024,4.242058070948023,4.242058070948023,1,4,1,Winter
2026-01-09 02:00:00,28.1,28.091127813977177,-0.008872186022824025,0.008872186022824025,2,4,1,Winter
2026-01-09 03:00:00,34.9,33.238269446057615,-1.661730553942384,1.661730553942384,3,4,1,Winter
2026-01-09 04:00:00,26.7,30.045643700379987,3.3456437003799877,3.3456437003799877,4,4,1,Winter
2026-01-09 05:00:00,35.4,35.454640168269556,0.05464016826955742,0.05464016826955742,5,4,1,Winter
2026-01-09 06:00:00,36.8,37.03729366275669,0.2372936627566915,0.2372936627566915,6,4,1,Winter
2026-01-09 07:00:00,45.5,41.45026673666882,-4.049733263331177,4.049733263331177,7,4,1,Winter
2026-01-09 08:00:00,39.6,39.719460234017845,0.11946023401784345,0.11946023401784345,8,4,1,Winter
2026-01-09 09:00:00,41.5,42.78209171132491,1.2820917113249095,1.2820917113249095,9,4,1,Winter
2026-01-09 10:00:00,46.9,44.55968548322309,-2.340314516776907,2.340314516776907,10,4,1,Winter
2026-01-09 11:00:00,39.0,41.05953145107655,2.059531451076552,2.059531451076552,11,4,1,Winter
2026-01-09 12:00:00,43.7,44.66007236124376,0.9600723612437605,0.9600723612437605,12,4,1,Winter
2026-01-09 13:00:00,42.4,42.64912303233042,0.24912303233042365,0.24912303233042365,13,4,1,Winter
2026-01-09 14:00:00,42.9,41.87890187853051,-1.0210981214694854,1.0210981214694854,14,4,1,Winter
2026-01-09 15:00:00,45.6,40.96520666838348,-4.634793331616521,4.634793331616521,15,4,1,Winter
2026-01-09 16:00:00,42.8,41.572066872669275,-1.2279331273307221,1.2279331273307221,16,4,1,Winter
2026-01-09 17:00:00,35.6,38.23111515808509,2.6311151580850876,2.6311151580850876,17,4,1,Winter
2026-01-09 18:00:00,37.1,36.69200053817161,-0.4079994618283891,0.4079994618283891,18,4,1,Winter
2026-01-09 19:00:00,40.4,35.210571975390174,-5.189428024609825,5.189428024609825,19,4,1,Winter
2026-01-09 20:00:00,29.2,31.680844665213886,2.480844665213887,2.480844665213887,20,4,1,Winter
2026-01-09 21:00:00,31.5,31.390576009971,-0.1094239900290006,0.1094239900290006,21,4,1,Winter
2026-01-09 22:00:00,28.8,30.6971164545535,1.8971164545534975,1.8971164545534975,22,4,1,Winter
2026-01-09 23:00:00,28.6,28.438921743668057,-0.16107825633194395,0.16107825633194395,23,4,1,Winter
2026-01-10 00:00:00,17.2,21.359708692790708,4.1597086927907085,4.1597086927907085,0,5,1,Winter
2026-01-10 01:00:00,29.6,27.035196154475813,-2.564803845524189,2.564803845524189,1,5,1,Winter
2026-01-10 02:00:00,21.7,24.850886545281394,3.150886545281395,3.150886545281395,2,5,1,Winter
2026-01-10 03:00:00,30.2,29.73722968953087,-0.46277031046912853,0.46277031046912853,3,5,1,Winter
2026-01-10 04:00:00,25.2,26.973794335799465,1.7737943357994652,1.7737943357994652,4,5,1,Winter
2026-01-10 05:00:00,27.1,28.424078316217702,1.324078316217701,1.324078316217701,5,5,1,Winter
2026-01-10 06:00:00,36.6,32.61402586862642,-3.985974131373581,3.985974131373581,6,5,1,Winter
2026-01-10 07:00:00,37.8,37.09552178644413,-0.7044782135558663,0.7044782135558663,7,5,1,Winter
2026-01-10 08:00:00,36.5,37.362611617771925,0.8626116177719254,0.8626116177719254,8,5,1,Winter
2026-01-10 09:00:00,40.4,39.53987556262669,-0.8601244373733081,0.8601244373733081,9,5,1,Winter
2026-01-10 10:00:00,37.5,37.6947391508823,0.19473915088229887,0.19473915088229887,10,5,1,Winter
2026-01-10 11:00:00,39.4,41.07509767279219,1.675097672792191,1.675097672792191,11,5,1,Winter
2026-01-10 12:00:00,37.1,39.71077697899575,2.6107769789957516,2.6107769789957516,12,5,1,Winter
2026-01-10 13:00:00,43.1,40.36298630539363,-2.737013694606368,2.737013694606368,13,5,1,Winter
2026-01-10 14:00:00,35.9,36.540481371302775,0.6404813713027764,0.6404813713027764,14,5,1,Winter
2026-01-10 15:00:00,43.3,39.87216268020779,-3.4278373197922036,3.4278373197922036,15,5,1,Winter
2026-01-10 16:00:00,34.4,33.69827876535653,-0.7017212346434718,0.7017212346434718,16,5,1,Winter
2026-01-10 17:00:00,33.9,34.72616159744663,0.8261615974466281,0.8261615974466281,17,5,1,Winter
2026-01-10 18:00:00,34.7,33.20003921161066,-1.4999607883893447,1.4999607883893447,18,5,1,Winter
2026-01-10 19:00:00,29.7,30.834068895450798,1.134068895450799,1.134068895450799,19,5,1,Winter
2026-01-10 20:00:00,26.5,27.949241144924017,1.4492411449240166,1.4492411449240166,20,5,1,Winter
2026-01-10 21:00:00,25.9,25.02914532181591,-0.870854678184088,0.870854678184088,21,5,1,Winter
2026-01-10 22:00:00,28.4,26.173662580584686,-2.2263374194153123,2.2263374194153123,22,5,1,Winter
2026-01-10 23:00:00,21.3,24.65233060254589,3.3523306025458908,3.3523306025458908,23,5,1,Winter
2026-01-11 00:00:00,23.4,24.491358620893358,1.0913586208933594,1.0913586208933594,0,6,1,Winter
2026-01-11 01:00:00,24.2,25.807839390943034,1.6078393909430346,1.6078393909430346,1,6,1,Winter
2026-01-11 02:00:00,28.4,25.473683022031384,-2.9263169779686145,2.9263169779686145,2,6,1,Winter
2026-01-11 03:00:00,25.8,27.45222049516369,1.6522204951636894,1.6522204951636894,3,6,1,Winter
2026-01-11 04:00:00,35.1,29.11829868014746,-5.98170131985254,5.98170131985254,4,6,1,Winter
2026-01-11 05:00:00,29.2,30.35633546561542,1.1563354656154203,1.1563354656154203,5,6,1,Winter
2026-01-11 06:00:00,30.9,32.403345747721794,1.503345747721795,1.503345747721795,6,6,1,Winter
2026-01-11 07:00:00,33.3,33.88435522635058,0.5843552263505813,0.5843552263505813,7,6,1,Winter
2026-01-11 08:00:00,30.6,33.371566472745435,2.771566472745434,2.771566472745434,8,6,1,Winter
2026-01-11 09:00:00,33.4,35.16316581065124,1.7631658106512447,1.7631658106512447,9,6,1,Winter
2026-01-11 10:00:00,36.7,36.589961345201424,-0.11003865479857922,0.11003865479857922,10,6,1,Winter
2026-01-11 11:00:00,44.2,41.28857687469683,-2.9114231253031733,2.9114231253031733,11,6,1,Winter
2026-01-11 12:00:00,39.7,39.8903360102618,0.19033601026179525,0.19033601026179525,12,6,1,Winter
2026-01-11 13:00:00,37.7,39.75213550098741,2.0521355009874043,2.0521355009874043,13,6,1,Winter
2026-01-11 14:00:00,43.7,39.88687452323257,-3.813125476767432,3.813125476767432,14,6,1,Winter
2026-01-11 15:00:00,43.7,39.7391681823227,-3.9608318176773025,3.9608318176773025,15,6,1,Winter
2026-01-11 16:00:00,40.9,39.09104623997857,-1.8089537600214314,1.8089537600214314,16,6,1,Winter
2026-01-11 17:00:00,30.5,32.58503382263664,2.085033822636639,2.085033822636639,17,6,1,Winter
2026-01-11 18:00:00,29.9,31.16311515133186,1.26311515133186,1.26311515133186,18,6,1,Winter
2026-01-11 19:00:00,37.1,33.8629449765426,-3.237055023457401,3.237055023457401,19,6,1,Winter
2026-01-11 20:00:00,28.8,29.34125937176149,0.5412593717614875,0.5412593717614875,20,6,1,Winter
2026-01-11 21:00:00,25.2,27.66126102844872,2.461261028448721,2.461261028448721,21,6,1,Winter
2026-01-11 22:00:00,27.8,26.563675270543918,-1.2363247294560828,1.2363247294560828,22,6,1,Winter
2026-01-11 23:00:00,28.2,27.161944505921877,-1.0380554940781224,1.0380554940781224,23,6,1,Winter
2026-01-12 00:00:00,26.8,27.162399172067424,0.36239917206742334,0.36239917206742334,0,0,1,Winter
2026-01-12 01:00:00,30.2,29.813331379909446,-0.38666862009055336,0.38666862009055336,1,0,1,Winter
2026-01-12 02:00:00,33.8,30.882011823353476,-2.9179881766465208,2.9179881766465208,2,0,1,Winter
2026-01-12 03:00:00,26.8,29.628037962164992,2.8280379621649914,2.8280379621649914,3,0,1,Winter
2026-01-12 04:00:00,33.1,33.38206441368051,0.2820644136805086,0.2820644136805086,4,0,1,Winter
2026-01-12 05:00:00,30.5,32.07662089742602,1.576620897426018,1.576620897426018,5,0,1,Winter
2026-01-12 06:00:00,33.1,34.636247327972335,1.5362473279723332,1.5362473279723332,6,0,1,Winter
2026-01-12 07:00:00,36.9,38.66933349783418,1.7693334978341824,1.7693334978341824,7,0,1,Winter
2026-01-12 08:00:00,43.0,41.642296768834456,-1.3577032311655444,1.3577032311655444,8,0,1,Winter
2026-01-12 09:00:00,41.4,42.6412280369105,1.241228036910499,1.241228036910499,9,0,1,Winter
2026-01-12 10:00:00,41.4,42.03787654329409,0.6378765432940909,0.6378765432940909,10,0,1,Winter
2026-01-12 11:00:00,45.0,44.09245615245598,-0.9075438475440194,0.9075438475440194,11,0,1,Winter
2026-01-12 12:00:00,40.5,43.415550957893124,2.9155509578931245,2.9155509578931245,12,0,1,Winter
2026-01-12 13:00:00,46.5,45.14411057930675,-1.3558894206932521,1.3558894206932521,13,0,1,Winter
2026-01-12 14:00:00,48.5,45.329704030291325,-3.1702959697086754,3.1702959697086754,14,0,1,Winter
2026-01-12 15:00:00,42.4,42.43522183539046,0.03522183539045898,0.03522183539045898,15,0,1,Winter
2026-01-12 16:00:00,40.2,41.32295833739992,1.1229583373999148,1.1229583373999148,16,0,1,Winter
2026-01-12 17:00:00,40.6,38.94872090882466,-1.6512790911753399,1.6512790911753399,17,0,1,Winter
2026-01-12 18:00:00,28.9,35.841655738638956,6.941655738638957,6.941655738638957,18,0,1,Winter
2026-01-12 19:00:00,37.1,35.63675051064222,-1.4632494893577785,1.4632494893577785,19,0,1,Winter
2026-01-12 20:00:00,45.5,37.08063900912742,-8.419360990872583,8.419360990872583,20,0,1,Winter
2026-01-12 21:00:00,30.9,32.06041044823102,1.1604104482310191,1.1604104482310191,21,0,1,Winter
2026-01-12 22:00:00,29.6,32.55023709934068,2.9502370993406757,2.9502370993406757,22,0,1,Winter
2026-01-12 23:00:00,32.3,32.82796363440577,0.5279636344057721,0.5279636344057721,23,0,1,Winter
2026-01-13 00:00:00,35.8,32.50341699482112,-3.2965830051788743,3.2965830051788743,0,1,1,Winter
2026-01-13 01:00:00,33.4,32.3709715090676,-1.0290284909323972,1.0290284909323972,1,1,1,Winter
2026-01-13 02:00:00,21.7,28.826884307758373,7.126884307758374,7.126884307758374,2,1,1,Winter
2026-01-13 03:00:00,33.8,32.8698291945267,-0.9301708054732956,0.9301708054732956,3,1,1,Winter
2026-01-13 04:00:00,43.5,36.96460755050674,-6.5353924494932585,6.5353924494932585,4,1,1,Winter
2026-01-13 05:00:00,37.6,37.54522065734097,-0.05477934265903173,0.05477934265903173,5,1,1,Winter
2026-01-13 06:00:00,32.6,35.76401353274997,3.164013532749969,3.164013532749969,6,1,1,Winter
2026-01-13 07:00:00,40.4,38.14673485462895,-2.2532651453710457,2.2532651453710457,7,1,1,Winter
2026-01-13 08:00:00,36.1,38.63688696793507,2.536886967935068,2.536886967935068,8,1,1,Winter
2026-01-13 09:00:00,47.8,41.91695067069308,-5.883049329306914,5.883049329306914,9,1,1,Winter
2026-01-13 10:00:00,40.3,43.23363471638531,2.9336347163853134,2.9336347163853134,10,1,1,Winter
2026-01-13 11:00:00,45.2,45.19958197559357,-0.00041802440643579075,0.00041802440643579075,11,1,1,Winter
2026-01-13 12:00:00,41.8,43.937804208198365,2.137804208198368,2.137804208198368,12,1,1,Winter
2026-01-13 13:00:00,42.8,44.25827547692632,1.4582754769263246,1.4582754769263246,13,1,1,Winter
2026-01-13 14:00:00,50.1,46.20916489491794,-3.8908351050820613,3.8908351050820613,14,1,1,Winter
2026-01-13 15:00:00,43.3,44.07510187705822,0.7751018770582263,0.7751018770582263,15,1,1,Winter
2026-01-13 16:00:00,39.0,40.587014140978425,1.5870141409784253,1.5870141409784253,16,1,1,Winter
2026-01-13 17:00:00,34.7,36.69235318360578,1.992353183605779,1.992353183605779,17,1,1,Winter
2026-01-13 18:00:00,29.7,33.428948712839286,3.728948712839287,3.728948712839287,18,1,1,Winter
2026-01-13 19:00:00,30.1,33.821415690518556,3.7214156905185547,3.7214156905185547,19,1,1,Winter
2026-01-13 20:00:00,33.7,33.339766959560265,-0.3602330404397378,0.3602330404397378,20,1,1,Winter
2026-01-13 21:00:00,35.5,32.42814159355703,-3.0718584064429706,3.0718584064429706,21,1,1,Winter
2026-01-13 22:00:00,28.0,30.51709241920498,2.5170924192049817,2.5170924192049817,22,1,1,Winter
2026-01-13 23:00:00,35.8,34.41340313365091,-1.3865968663490875,1.3865968663490875,23,1,1,Winter
2026-01-14 00:00:00,26.5,28.464379601852933,1.964379601852933,1.964379601852933,0,2,1,Winter
2026-01-14 01:00:00,28.7,30.398974843298497,1.6989748432984975,1.6989748432984975,1,2,1,Winter
2026-01-14 02:00:00,26.1,28.32795255143451,2.227952551434509,2.227952551434509,2,2,1,Winter
2026-01-14 03:00:00,35.7,32.96019343226425,-2.739806567735755,2.739806567735755,3,2,1,Winter
2026-01-14 04:00:00,41.8,37.23506787997158,-4.564932120028416,4.564932120028416,4,2,1,Winter
2026-01-14 05:00:00,28.3,34.07913956846351,5.77913956846351,5.77913956846351,5,2,1,Winter
2026-01-14 06:00:00,36.0,36.46594674054544,0.4659467405454407,0.4659467405454407,6,2,1,Winter
2026-01-14 07:00:00,44.5,42.476834870482364,-2.0231651295176363,2.0231651295176363,7,2,1,Winter
2026-01-14 08:00:00,35.6,38.26049642195536,2.660496421955358,2.660496421955358,8,2,1,Winter
2026-01-14 09:00:00,45.3,44.45964032980708,-0.8403596701929175,0.8403596701929175,9,2,1,Winter
2026-01-14 10:00:00,49.2,44.51050034582557,-4.689499654174433,4.689499654174433,10,2,1,Winter
2026-01-14 11:00:00,45.4,45.318211221893755,-0.08178877810624385,0.08178877810624385,11,2,1,Winter
2026-01-14 12:00:00,47.6,46.61455087115413,-0.9854491288458718,0.9854491288458718,12,2,1,Winter
2026-01-14 13:00:00,52.2,49.13247003150318,-3.067529968496821,3.067529968496821,13,2,1,Winter
2026-01-14 14:00:00,52.1,47.94208236412548,-4.157917635874519,4.157917635874519,14,2,1,Winter
2026-01-14 15:00:00,42.8,42.95551462400843,0.15551462400843263,0.15551462400843263,15,2,1,Winter
2026-01-14 16:00:00,39.3,41.29032707258037,1.9903270725803708,1.9903270725803708,16,2,1,Winter
2026-01-14 17:00:00,35.8,38.32407617696294,2.524076176962943,2.524076176962943,17,2,1,Winter
2026-01-14 18:00:00,41.3,37.16711875077895,-4.13288124922105,4.13288124922105,18,2,1,Winter
2026-01-14 19:00:00,29.8,32.61215127366732,2.8121512736673218,2.8121512736673218,19,2,1,Winter
2026-01-14 20:00:00,32.4,33.83771804741367,1.437718047413668,1.437718047413668,20,2,1,Winter
2026-01-14 21:00:00,32.1,33.213089072686444,1.1130890726864422,1.1130890726864422,21,2,1,Winter
2026-01-14 22:00:00,28.4,30.432312963081166,2.032312963081168,2.032312963081168,22,2,1,Winter
2026-01-14 23:00:00,30.8,30.21271571350325,-0.5872842864967502,0.5872842864967502,23,2,1,Winter
2026-01-15 00:00:00,39.8,35.162574449857985,-4.637425550142012,4.637425550142012,0,3,1,Winter
2026-01-15 01:00:00,29.3,30.589231660947267,1.2892316609472658,1.2892316609472658,1,3,1,Winter
2026-01-15 02:00:00,28.9,30.600221595038295,1.7002215950382968,1.7002215950382968,2,3,1,Winter
2026-01-15 03:00:00,36.0,36.1245381648528,0.124538164852801,0.124538164852801,3,3,1,Winter
2026-01-15 04:00:00,34.5,35.048402228015334,0.548402228015334,0.548402228015334,4,3,1,Winter
2026-01-15 05:00:00,41.2,37.826870821234095,-3.3731291787659075,3.3731291787659075,5,3,1,Winter
2026-01-15 06:00:00,38.2,37.661542172706596,-0.5384578272934064,0.5384578272934064,6,3,1,Winter
2026-01-15 07:00:00,38.6,40.33598486910477,1.7359848691047688,1.7359848691047688,7,3,1,Winter
2026-01-15 08:00:00,34.4,38.58430028678618,4.184300286786183,4.184300286786183,8,3,1,Winter
2026-01-15 09:00:00,36.7,41.646546110986534,4.946546110986532,4.946546110986532,9,3,1,Winter
2026-01-15 10:00:00,37.1,38.90407591001774,1.8040759100177368,1.8040759100177368,10,3,1,Winter
2026-01-15 11:00:00,46.8,43.733647102565214,-3.0663528974347827,3.0663528974347827,11,3,1,Winter
2026-01-15 12:00:00,40.1,43.102684738278576,3.0026847382785746,3.0026847382785746,12,3,1,Winter
2026-01-15 13:00:00,50.3,47.948174515463116,-2.3518254845368816,2.3518254845368816,13,3,1,Winter
2026-01-15 14:00:00,44.6,44.79167819120882,0.19167819120881546,0.19167819120881546,14,3,1,Winter
2026-01-15 15:00:00,42.2,44.4216705457364,2.2216705457363943,2.2216705457363943,15,3,1,Winter
2026-01-15 16:00:00,38.2,40.45296180187522,2.252961801875216,2.252961801875216,16,3,1,Winter
2026-01-15 17:00:00,42.1,40.01816668046588,-2.0818333195341197,2.0818333195341197,17,3,1,Winter
2026-01-15 18:00:00,34.3,36.67083328079837,2.3708332807983723,2.3708332807983723,18,3,1,Winter
2026-01-15 19:00:00,31.5,33.36102497673133,1.8610249767313292,1.8610249767313292,19,3,1,Winter
2026-01-15 20:00:00,38.3,35.301260457091686,-2.998739542908311,2.998739542908311,20,3,1,Winter
2026-01-15 21:00:00,33.3,31.904892926726337,-1.3951070732736603,1.3951070732736603,21,3,1,Winter
2026-01-15 22:00:00,29.7,30.004690668570262,0.30469066857026306,0.30469066857026306,22,3,1,Winter
2026-01-15 23:00:00,32.4,32.10857674447827,-0.2914232555217282,0.2914232555217282,23,3,1,Winter
2026-01-16 00:00:00,29.8,30.00061469471146,0.20061469471145799,0.20061469471145799,0,4,1,Winter
2026-01-16 01:00:00,31.5,29.159676256087874,-2.3403237439121263,2.3403237439121263,1,4,1,Winter
2026-01-16 02:00:00,27.5,30.067588636532832,2.5675886365328324,2.5675886365328324,2,4,1,Winter
2026-01-16 03:00:00,40.3,34.93379481283438,-5.366205187165619,5.366205187165619,3,4,1,Winter
2026-01-16 04:00:00,31.4,33.47760301846891,2.0776030184689134,2.0776030184689134,4,4,1,Winter
2026-01-16 05:00:00,41.9,38.3441560767217,-3.555843923278296,3.555843923278296,5,4,1,Winter
2026-01-16 06:00:00,37.0,40.066961690981124,3.066961690981124,3.066961690981124,6,4,1,Winter
2026-01-16 07:00:00,43.0,42.705244187191056,-0.29475581280894403,0.29475581280894403,7,4,1,Winter
2026-01-16 08:00:00,44.7,43.252664901121825,-1.4473350988781775,1.4473350988781775,8,4,1,Winter
2026-01-16 09:00:00,48.0,46.45481122336883,-1.5451887766311714,1.5451887766311714,9,4,1,Winter
2026-01-16 10:00:00,41.3,44.55421529791339,3.2542152979133903,3.2542152979133903,10,4,1,Winter
2026-01-16 11:00:00,49.7,47.383981717652155,-2.316018282347848,2.316018282347848,11,4,1,Winter
2026-01-16 12:00:00,53.1,47.91976669986575,-5.180233300134255,5.180233300134255,12,4,1,Winter
2026-01-16 13:00:00,44.4,46.47449050979642,2.0744905097964192,2.0744905097964192,13,4,1,Winter
2026-01-16 14:00:00,44.8,44.992369023580544,0.19236902358054664,0.19236902358054664,14,4,1,Winter
2026-01-16 15:00:00,41.3,42.89844894726959,1.5984489472695955,1.5984489472695955,15,4,1,Winter
2026-01-16 16:00:00,40.3,41.28723388133196,0.9872338813319601,0.9872338813319601,16,4,1,Winter
2026-01-16 17:00:00,46.6,41.76157376091759,-4.838426239082409,4.838426239082409,17,4,1,Winter
2026-01-16 18:00:00,33.7,38.763523460765484,5.063523460765481,5.063523460765481,18,4,1,Winter
2026-01-16 19:00:00,31.9,33.881462819774534,1.981462819774535,1.981462819774535,19,4,1,Winter
2026-01-16 20:00:00,40.2,34.580490332489234,-5.619509667510769,5.619509667510769,20,4,1,Winter
2026-01-16 21:00:00,34.6,33.92082226848179,-0.6791777315182088,0.6791777315182088,21,4,1,Winter
2026-01-16 22:00:00,39.3,33.10281714171514,-6.1971828582848545,6.1971828582848545,22,4,1,Winter
2026-01-16 23:00:00,28.2,28.362158958776103,0.16215895877610365,0.16215895877610365,23,4,1,Winter
2026-01-17 00:00:00,25.4,26.521857212730247,1.121857212730248,1.121857212730248,0,5,1,Winter
2026-01-17 01:00:00,22.5,23.535894015195563,1.035894015195563,1.035894015195563,1,5,1,Winter
2026-01-17 02:00:00,26.5,26.623279627317913,0.12327962731791331,0.12327962731791331,2,5,1,Winter
2026-01-17 03:00:00,20.1,24.865946142509916,4.7659461425099146,4.7659461425099146,3,5,1,Winter
2026-01-17 04:00:00,31.6,30.586301804297687,-1.0136981957023146,1.0136981957023146,4,5,1,Winter
2026-01-17 05:00:00,32.1,31.389180331611907,-0.7108196683880941,0.7108196683880941,5,5,1,Winter
2026-01-17 06:00:00,32.7,32.94566868971676,0.2456686897167586,0.2456686897167586,6,5,1,Winter
2026-01-17 07:00:00,33.4,33.904423214808055,0.5044232148080567,0.5044232148080567,7,5,1,Winter
2026-01-17 08:00:00,33.3,34.84164298592565,1.5416429859256553,1.5416429859256553,8,5,1,Winter
2026-01-17 09:00:00,41.5,39.10686685823066,-2.39313314176934,2.39313314176934,9,5,1,Winter
2026-01-17 10:00:00,35.1,36.42131059440187,1.321310594401865,1.321310594401865,10,5,1,Winter
2026-01-17 11:00:00,42.7,41.802283818828506,-0.8977161811714964,0.8977161811714964,11,5,1,Winter
2026-01-17 12:00:00,49.2,44.511342981412945,-4.688657018587058,4.688657018587058,12,5,1,Winter
2026-01-17 13:00:00,46.6,44.175807754276725,-2.424192245723276,2.424192245723276,13,5,1,Winter
2026-01-17 14:00:00,33.8,37.93994693451428,4.139946934514285,4.139946934514285,14,5,1,Winter
2026-01-17 15:00:00,36.4,38.538873112536265,2.1388731125362668,2.1388731125362668,15,5,1,Winter
2026-01-17 16:00:00,38.6,36.21790359671158,-2.382096403288422,2.382096403288422,16,5,1,Winter
2026-01-17 17:00:00,34.7,35.72790125994492,1.0279012599449189,1.0279012599449189,17,5,1,Winter
2026-01-17 18:00:00,27.3,30.287128519111377,2.9871285191113763,2.9871285191113763,18,5,1,Winter
2026-01-17 19:00:00,32.4,29.68374499548294,-2.716255004517059,2.716255004517059,19,5,1,Winter
2026-01-17 20:00:00,28.8,28.807543121489072,0.007543121489071325,0.007543121489071325,20,5,1,Winter
2026-01-17 21:00:00,34.9,30.420099479337193,-4.479900520662806,4.479900520662806,21,5,1,Winter
2026-01-17 22:00:00,24.9,26.72350231175446,1.82350231175446,1.82350231175446,22,5,1,Winter
2026-01-17 23:00:00,29.8,28.350001253546424,-1.449998746453577,1.449998746453577,23,5,1,Winter
2026-01-18 00:00:00,20.0,22.036385686936416,2.0363856869364163,2.0363856869364163,0,6,1,Winter
2026-01-18 01:00:00,21.2,23.875755781602304,2.675755781602305,2.675755781602305,1,6,1,Winter
2026-01-18 02:00:00,29.0,26.94652966974057,-2.0534703302594295,2.0534703302594295,2,6,1,Winter
2026-01-18 03:00:00,31.7,29.63676448287405,-2.0632355171259498,2.0632355171259498,3,6,1,Winter
2026-01-18 04:00:00,25.2,28.896896544488282,3.6968965444882826,3.6968965444882826,4,6,1,Winter
2026-01-18 05:00:00,31.1,31.219445455265607,0.11944545526560546,0.11944545526560546,5,6,1,Winter
2026-01-18 06:00:00,27.5,31.021900808506594,3.5219008085065937,3.5219008085065937,6,6,1,Winter
2026-01-18 07:00:00,34.4,34.06975962598456,-0.33024037401543893,0.33024037401543893,7,6,1,Winter
2026-01-18 08:00:00,40.4,37.07082142962769,-3.3291785703723065,3.3291785703723065,8,6,1,Winter
2026-01-18 09:00:00,37.0,37.77226540426398,0.7722654042639832,0.7722654042639832,9,6,1,Winter
2026-01-18 10:00:00,39.0,38.770111128706766,-0.22988887129323388,0.22988887129323388,10,6,1,Winter
2026-01-18 11:00:00,36.3,39.90083021041313,3.600830210413136,3.600830210413136,11,6,1,Winter
2026-01-18 12:00:00,38.5,40.06169706045452,1.5616970604545202,1.5616970604545202,12,6,1,Winter
2026-01-18 13:00:00,47.8,44.43112422995813,-3.3688757700418677,3.3688757700418677,13,6,1,Winter
2026-01-18 14:00:00,40.3,39.25476069149368,-1.0452393085063179,1.0452393085063179,14,6,1,Winter
2026-01-18 15:00:00,34.7,38.42256020542659,3.722560205426589,3.722560205426589,15,6,1,Winter
2026-01-18 16:00:00,35.8,37.34212607956033,1.542126079560333,1.542126079560333,16,6,1,Winter
2026-01-18 17:00:00,28.7,32.38818111515343,3.68818111515343,3.68818111515343,17,6,1,Winter
2026-01-18 18:00:00,29.0,29.6168227448703,0.6168227448703014,0.6168227448703014,18,6,1,Winter
2026-01-18 19:00:00,36.4,33.391447215112606,-3.0085527848873923,3.0085527848873923,19,6,1,Winter
2026-01-18 20:00:00,28.5,29.466089381560113,0.9660893815601135,0.9660893815601135,20,6,1,Winter
2026-01-18 21:00:00,35.0,32.120317123334154,-2.8796828766658464,2.8796828766658464,21,6,1,Winter
2026-01-18 22:00:00,25.7,27.856176921529975,2.156176921529976,2.156176921529976,22,6,1,Winter
2026-01-18 23:00:00,25.2,24.645436353474484,-0.5545636465255157,0.5545636465255157,23,6,1,Winter
2026-01-19 00:00:00,32.8,30.373034393378212,-2.426965606621785,2.426965606621785,0,0,1,Winter
2026-01-19 01:00:00,19.8,25.854615782582492,6.054615782582491,6.054615782582491,1,0,1,Winter
2026-01-19 02:00:00,32.1,30.467658935713573,-1.6323410642864289,1.6323410642864289,2,0,1,Winter
2026-01-19 03:00:00,32.4,32.80279576351483,0.40279576351483115,0.40279576351483115,3,0,1,Winter
2026-01-19 04:00:00,40.2,36.20586794391195,-3.9941320560880555,3.9941320560880555,4,0,1,Winter
2026-01-19 05:00:00,40.0,36.28531030140807,-3.7146896985919327,3.7146896985919327,5,0,1,Winter
2026-01-19 06:00:00,33.7,36.433645520482905,2.733645520482902,2.733645520482902,6,0,1,Winter
2026-01-19 07:00:00,45.3,41.25816320917813,-4.041836790821868,4.041836790821868,7,0,1,Winter
2026-01-19 08:00:00,41.2,42.04532312687682,0.8453231268768207,0.8453231268768207,8,0,1,Winter
2026-01-19 09:00:00,40.3,42.845086565661994,2.5450865656619968,2.5450865656619968,9,0,1,Winter
2026-01-19 10:00:00,45.9,44.94429499598197,-0.9557050040180286,0.9557050040180286,10,0,1,Winter
2026-01-19 11:00:00,45.1,46.75633329282167,1.656333292821671,1.656333292821671,11,0,1,Winter
2026-01-19 12:00:00,52.4,48.01678114820591,-4.383218851794091,4.383218851794091,12,0,1,Winter
2026-01-19 13:00:00,47.3,47.60285402112691,0.30285402112691173,0.30285402112691173,13,0,1,Winter
2026-01-19 14:00:00,46.0,46.4192786855949,0.41927868559489667,0.41927868559489667,14,0,1,Winter
2026-01-19 15:00:00,47.5,44.6895999208122,-2.8104000791878008,2.8104000791878008,15,0,1,Winter
2026-01-19 16:00:00,46.6,44.38374814356245,-2.2162518564375517,2.2162518564375517,16,0,1,Winter
2026-01-19 17:00:00,43.4,42.68999886098251,-0.7100011390174856,0.7100011390174856,17,0,1,Winter
2026-01-19 18:00:00,43.9,40.868650067322285,-3.0313499326777134,3.0313499326777134,18,0,1,Winter
2026-01-19 19:00:00,38.6,38.03327504096057,-0.5667249590394334,0.5667249590394334,19,0,1,Winter
2026-01-19 20:00:00,34.9,35.678789799116196,0.778789799116197,0.778789799116197,20,0,1,Winter
2026-01-19 21:00:00,37.5,36.22096628051037,-1.2790337194896324,1.2790337194896324,21,0,1,Winter
2026-01-19 22:00:00,30.9,33.162856845376105,2.262856845376106,2.262856845376106,22,0,1,Winter
2026-01-19 23:00:00,30.6,32.84120405264547,2.2412040526454717,2.2412040526454717,23,0,1,Winter
2026-01-20 00:00:00,37.3,35.00472070217312,-2.2952792978268803,2.2952792978268803,0,1,1,Winter
2026-01-20 01:00:00,37.1,34.387779209390274,-2.7122207906097273,2.7122207906097273,1,1,1,Winter
2026-01-20 02:00:00,31.4,32.61722539554454,1.2172253955445385,1.2172253955445385,2,1,1,Winter
2026-01-20 03:00:00,30.9,35.1257861451999,4.225786145199905,4.225786145199905,3,1,1,Winter
2026-01-20 04:00:00,40.2,37.501070988140725,-2.6989290118592777,2.6989290118592777,4,1,1,Winter
2026-01-20 05:00:00,39.5,38.47151023124774,-1.0284897687522587,1.0284897687522587,5,1,1,Winter
2026-01-20 06:00:00,39.6,37.90961814296959,-1.6903818570304097,1.6903818570304097,6,1,1,Winter
2026-01-20 07:00:00,39.2,41.931339110915104,2.7313391109151013,2.7313391109151013,7,1,1,Winter
2026-01-20 08:00:00,43.7,42.57649014875103,-1.1235098512489756,1.1235098512489756,8,1,1,Winter
2026-01-20 09:00:00,43.9,43.37258771917474,-0.5274122808252599,0.5274122808252599,9,1,1,Winter
2026-01-20 10:00:00,42.6,45.03889920673742,2.4388992067374176,2.4388992067374176,10,1,1,Winter
2026-01-20 11:00:00,46.6,46.095075956305884,-0.5049240436941176,0.5049240436941176,11,1,1,Winter
2026-01-20 12:00:00,47.4,47.854496039167344,0.4544960391673456,0.4544960391673456,12,1,1,Winter
2026-01-20 13:00:00,44.6,46.99597079831618,2.3959707983161778,2.3959707983161778,13,1,1,Winter
2026-01-20 14:00:00,48.9,47.69051868280257,-1.2094813171974295,1.2094813171974295,14,1,1,Winter
2026-01-20 15:00:00,49.2,46.51283411931529,-2.6871658806847094,2.6871658806847094,15,1,1,Winter
2026-01-20 16:00:00,46.3,44.60915946244211,-1.6908405375578894,1.6908405375578894,16,1,1,Winter
2026-01-20 17:00:00,39.3,39.20563668853607,-0.09436331146392973,0.09436331146392973,17,1,1,Winter
2026-01-20 18:00:00,41.4,40.029824135518396,-1.3701758644816024,1.3701758644816024,18,1,1,Winter
2026-01-20 19:00:00,36.6,37.21660288623352,0.6166028862335153,0.6166028862335153,19,1,1,Winter
2026-01-20 20:00:00,29.4,32.93816720550009,3.538167205500095,3.538167205500095,20,1,1,Winter
2026-01-20 21:00:00,35.4,34.722562742281745,-0.6774372577182532,0.6774372577182532,21,1,1,Winter
2026-01-20 22:00:00,32.0,31.85095063191586,-0.14904936808413893,0.14904936808413893,22,1,1,Winter
2026-01-20 23:00:00,41.0,37.761783900576454,-3.2382160994235463,3.2382160994235463,23,1,1,Winter
2026-01-21 00:00:00,36.4,33.40146139725532,-2.9985386027446808,2.9985386027446808,0,2,1,Winter
2026-01-21 01:00:00,33.7,33.41560993712126,-0.28439006287874236,0.28439006287874236,1,2,1,Winter
2026-01-21 02:00:00,32.6,32.175662692003854,-0.4243373079961472,0.4243373079961472,2,2,1,Winter
2026-01-21 03:00:00,33.5,33.903881248813704,0.403881248813704,0.403881248813704,3,2,1,Winter
2026-01-21 04:00:00,30.5,33.244515717163566,2.7445157171635657,2.7445157171635657,4,2,1,Winter
2026-01-21 05:00:00,29.5,33.151386257875544,3.6513862578755436,3.6513862578755436,5,2,1,Winter
2026-01-21 06:00:00,35.0,37.03423658166103,2.034236581661027,2.034236581661027,6,2,1,Winter
2026-01-21 07:00:00,40.4,40.65161572562917,0.251615725629172,0.251615725629172,7,2,1,Winter
2026-01-21 08:00:00,34.1,39.46213289724718,5.362132897247179,5.362132897247179,8,2,1,Winter
2026-01-21 09:00:00,42.0,41.68074861248147,-0.319251387518527,0.319251387518527,9,2,1,Winter
2026-01-21 10:00:00,44.5,44.14408153055293,-0.35591846944706873,0.35591846944706873,10,2,1,Winter
2026-01-21 11:00:00,45.4,44.50143326318854,-0.8985667368114605,0.8985667368114605,11,2,1,Winter
2026-01-21 12:00:00,43.9,46.19384450984487,2.293844509844874,2.293844509844874,12,2,1,Winter
2026-01-21 13:00:00,44.9,45.906572292238224,1.006572292238225,1.006572292238225,13,2,1,Winter
2026-01-21 14:00:00,52.4,47.165840609295856,-5.234159390704143,5.234159390704143,14,2,1,Winter
2026-01-21 15:00:00,46.8,45.334345608127144,-1.465654391872853,1.465654391872853,15,2,1,Winter
2026-01-21 16:00:00,40.3,42.75364411027042,2.4536441102704245,2.4536441102704245,16,2,1,Winter
2026-01-21 17:00:00,40.3,40.48673417064621,0.18673417064621134,0.18673417064621134,17,2,1,Winter
2026-01-21 18:00:00,38.4,39.74837409119045,1.3483740911904505,1.3483740911904505,18,2,1,Winter
2026-01-21 19:00:00,33.4,34.78541428661339,1.3854142866133898,1.3854142866133898,19,2,1,Winter
2026-01-21 20:00:00,31.5,32.242021791104314,0.7420217911043139,0.7420217911043139,20,2,1,Winter
2026-01-21 21:00:00,36.9,34.00919016678831,-2.8908098332116907,2.8908098332116907,21,2,1,Winter
2026-01-21 22:00:00,29.9,30.285478621965936,0.3854786219659374,0.3854786219659374,22,2,1,Winter
2026-01-21 23:00:00,26.4,29.72160454863348,3.3216045486334806,3.3216045486334806,23,2,1,Winter
2026-01-22 00:00:00,30.5,31.021443470220728,0.5214434702207278,0.5214434702207278,0,3,1,Winter
2026-01-22 01:00:00,31.4,31.218257453006938,-0.18174254699306047,0.18174254699306047,1,3,1,Winter
2026-01-22 02:00:00,23.9,29.550627983993373,5.650627983993374,5.650627983993374,2,3,1,Winter
2026-01-22 03:00:00,32.9,34.32519509736734,1.425195097367343,1.425195097367343,3,3,1,Winter
2026-01-22 04:00:00,38.2,35.88815884121461,-2.3118411587853913,2.3118411587853913,4,3,1,Winter
2026-01-22 05:00:00,38.4,37.91577157411502,-0.4842284258849787,0.4842284258849787,5,3,1,Winter
2026-01-22 06:00:00,47.6,40.91226980831726,-6.687730191682739,6.687730191682739,6,3,1,Winter
2026-01-22 07:00:00,45.8,43.293501436282334,-2.5064985637176633,2.5064985637176633,7,3,1,Winter
2026-01-22 08:00:00,48.5,45.18315721990427,-3.316842780095733,3.316842780095733,8,3,1,Winter
2026-01-22 09:00:00,55.6,49.18646886863782,-6.413531131362184,6.413531131362184,9,3,1,Winter
2026-01-22 10:00:00,48.7,46.90253212288209,-1.79746787711791,1.79746787711791,10,3,1,Winter
2026-01-22 11:00:00,47.1,48.10463616390505,1.0046361639050474,1.0046361639050474,11,3,1,Winter
2026-01-22 12:00:00,50.6,48.42313009017065,-2.1768699098293496,2.1768699098293496,12,3,1,Winter
2026-01-22 13:00:00,44.2,45.845245679623744,1.6452456796237414,1.6452456796237414,13,3,1,Winter
2026-01-22 14:00:00,46.1,46.566657891232346,0.46665789123234447,0.46665789123234447,14,3,1,Winter
2026-01-22 15:00:00,41.8,42.84100038055974,1.041000380559744,1.041000380559744,15,3,1,Winter
2026-01-22 16:00:00,44.3,43.41976534170464,-0.8802346582953575,0.8802346582953575,16,3,1,Winter
2026-01-22 17:00:00,38.2,39.888055172555035,1.688055172555032,1.688055172555032,17,3,1,Winter
2026-01-22 18:00:00,35.9,39.18001171603602,3.2800117160360216,3.2800117160360216,18,3,1,Winter
2026-01-22 19:00:00,38.3,37.118747387009925,-1.1812526129900718,1.1812526129900718,19,3,1,Winter
2026-01-22 20:00:00,34.1,33.552147164736375,-0.547852835263626,0.547852835263626,20,3,1,Winter
2026-01-22 21:00:00,25.3,30.165004280925448,4.865004280925447,4.865004280925447,21,3,1,Winter
2026-01-22 22:00:00,25.9,29.08811717453487,3.18811717453487,3.18811717453487,22,3,1,Winter
2026-01-22 23:00:00,26.4,28.757507051566176,2.357507051566177,2.357507051566177,23,3,1,Winter
2026-01-23 00:00:00,27.3,27.467336903566693,0.16733690356669229,0.16733690356669229,0,4,1,Winter
2026-01-23 01:00:00,32.8,31.00389981625378,-1.7961001837462156,1.7961001837462156,1,4,1,Winter
2026-01-23 02:00:00,32.8,32.385387656763136,-0.41461234323686114,0.41461234323686114,2,4,1,Winter
2026-01-23 03:00:00,37.5,36.111965505278135,-1.3880344947218646,1.3880344947218646,3,4,1,Winter
2026-01-23 04:00:00,37.9,36.950826005815664,-0.9491739941843349,0.9491739941843349,4,4,1,Winter
2026-01-23 05:00:00,41.1,38.46594616485669,-2.6340538351433125,2.6340538351433125,5,4,1,Winter
2026-01-23 06:00:00,41.3,41.21775915773466,-0.08224084226533535,0.08224084226533535,6,4,1,Winter
2026-01-23 07:00:00,41.8,42.65957788818505,0.8595778881850507,0.8595778881850507,7,4,1,Winter
2026-01-23 08:00:00,47.3,46.472200554554085,-0.8277994454459119,0.8277994454459119,8,4,1,Winter
2026-01-23 09:00:00,48.2,48.01153486936284,-0.1884651306371623,0.1884651306371623,9,4,1,Winter
2026-01-23 10:00:00,47.3,46.453280887959984,-0.846719112040013,0.846719112040013,10,4,1,Winter
2026-01-23 11:00:00,51.7,47.60459206586038,-4.095407934139622,4.095407934139622,11,4,1,Winter
2026-01-23 12:00:00,37.5,43.97129847228741,6.471298472287408,6.471298472287408,12,4,1,Winter
2026-01-23 13:00:00,45.4,46.468480156125196,1.0684801561251973,1.0684801561251973,13,4,1,Winter
2026-01-23 14:00:00,44.6,45.46350002269358,0.8635000226935787,0.8635000226935787,14,4,1,Winter
2026-01-23 15:00:00,49.1,45.10489500760183,-3.9951049923981685,3.9951049923981685,15,4,1,Winter
2026-01-23 16:00:00,49.1,44.09859287799861,-5.001407122001389,5.001407122001389,16,4,1,Winter
2026-01-23 17:00:00,35.1,36.82585952329035,1.725859523290346,1.725859523290346,17,4,1,Winter
2026-01-23 18:00:00,44.5,40.03078167945032,-4.469218320549679,4.469218320549679,18,4,1,Winter
2026-01-23 19:00:00,32.1,34.631018236401026,2.5310182364010245,2.5310182364010245,19,4,1,Winter
2026-01-23 20:00:00,30.3,33.75395749238121,3.4539574923812104,3.4539574923812104,20,4,1,Winter
2026-01-23 21:00:00,32.3,32.728113957585485,0.428113957585488,0.428113957585488,21,4,1,Winter
2026-01-23 22:00:00,30.7,30.716223225041933,0.01622322504193363,0.01622322504193363,22,4,1,Winter
2026-01-23 23:00:00,24.9,27.638764513779382,2.7387645137793832,2.7387645137793832,23,4,1,Winter
2026-01-24 00:00:00,28.6,27.547399853987855,-1.0526001460121464,1.0526001460121464,0,5,1,Winter
2026-01-24 01:00:00,29.0,28.82231353421049,-0.17768646578950964,0.17768646578950964,1,5,1,Winter
2026-01-24 02:00:00,31.3,29.452675216725176,-1.847324783274825,1.847324783274825,2,5,1,Winter
2026-01-24 03:00:00,26.6,27.427055876630924,0.8270558766309222,0.8270558766309222,3,5,1,Winter
2026-01-24 04:00:00,29.9,30.474068856710385,0.5740688567103867,0.5740688567103867,4,5,1,Winter
2026-01-24 05:00:00,31.8,31.796935311680585,-0.0030646883194158647,0.0030646883194158647,5,5,1,Winter
2026-01-24 06:00:00,40.8,37.33115330893756,-3.4688466910624385,3.4688466910624385,6,5,1,Winter
2026-01-24 07:00:00,24.7,31.91251181779545,7.212511817795452,7.212511817795452,7,5,1,Winter
2026-01-24 08:00:00,34.2,34.819494805087416,0.6194948050874132,0.6194948050874132,8,5,1,Winter
2026-01-24 09:00:00,39.7,38.97860124479833,-0.7213987552016761,0.7213987552016761,9,5,1,Winter
2026-01-24 10:00:00,36.6,37.888118753795624,1.2881187537956222,1.2881187537956222,10,5,1,Winter
2026-01-24 11:00:00,40.7,41.447278849381824,0.7472788493818214,0.7472788493818214,11,5,1,Winter
2026-01-24 12:00:00,41.5,41.417557508720186,-0.08244249127981362,0.08244249127981362,12,5,1,Winter
2026-01-24 13:00:00,39.1,40.39145900050707,1.2914590005070679,1.2914590005070679,13,5,1,Winter
2026-01-24 14:00:00,41.2,38.96477843354322,-2.2352215664567794,2.2352215664567794,14,5,1,Winter
2026-01-24 15:00:00,42.2,40.09713676904078,-2.1028632309592226,2.1028632309592226,15,5,1,Winter
2026-01-24 16:00:00,37.1,36.94623518095859,-0.15376481904141315,0.15376481904141315,16,5,1,Winter
2026-01-24 17:00:00,34.3,35.474439374806586,1.1744393748065889,1.1744393748065889,17,5,1,Winter
2026-01-24 18:00:00,33.4,32.10496923586931,-1.2950307641306864,1.2950307641306864,18,5,1,Winter
2026-01-24 19:00:00,31.9,31.66619910166941,-0.23380089833058904,0.23380089833058904,19,5,1,Winter
2026-01-24 20:00:00,23.1,25.792283369088757,2.6922833690887558,2.6922833690887558,20,5,1,Winter
2026-01-24 21:00:00,30.2,28.60001523870187,-1.5999847612981277,1.5999847612981277,21,5,1,Winter
2026-01-24 22:00:00,25.3,24.830363708427544,-0.46963629157245634,0.46963629157245634,22,5,1,Winter
2026-01-24 23:00:00,31.3,27.291261850010525,-4.008738149989476,4.008738149989476,23,5,1,Winter
2026-01-25 00:00:00,28.5,27.54332347529817,-0.9566765247018303,0.9566765247018303,0,6,1,Winter
2026-01-25 01:00:00,31.1,29.01272550532734,-2.0872744946726627,2.0872744946726627,1,6,1,Winter
2026-01-25 02:00:00,23.2,26.73976291893398,3.539762918933981,3.539762918933981,2,6,1,Winter
2026-01-25 03:00:00,27.0,29.007050743666362,2.007050743666362,2.007050743666362,3,6,1,Winter
2026-01-25 04:00:00,25.2,28.7410699267679,3.5410699267679,3.5410699267679,4,6,1,Winter
2026-01-25 05:00:00,29.3,30.65465665616742,1.3546566561674176,1.3546566561674176,5,6,1,Winter
2026-01-25 06:00:00,39.2,34.982599268570624,-4.217400731429379,4.217400731429379,6,6,1,Winter
2026-01-25 07:00:00,42.2,38.00081865527326,-4.199181344726746,4.199181344726746,7,6,1,Winter
2026-01-25 08:00:00,33.6,35.43503448670622,1.8350344867062205,1.8350344867062205,8,6,1,Winter
2026-01-25 09:00:00,38.0,39.01047469857534,1.0104746985753366,1.0104746985753366,9,6,1,Winter
2026-01-25 10:00:00,40.8,39.52364171625387,-1.2763582837461271,1.2763582837461271,10,6,1,Winter
2026-01-25 11:00:00,44.2,41.733815780545726,-2.466184219454277,2.466184219454277,11,6,1,Winter
2026-01-25 12:00:00,35.1,38.25727625564305,3.1572762556430476,3.1572762556430476,12,6,1,Winter
2026-01-25 13:00:00,35.5,38.762276651292964,3.2622766512929644,3.2622766512929644,13,6,1,Winter
2026-01-25 14:00:00,43.1,41.87698092269496,-1.2230190773050396,1.2230190773050396,14,6,1,Winter
2026-01-25 15:00:00,32.0,35.54196238370146,3.5419623837014598,3.5419623837014598,15,6,1,Winter
2026-01-25 16:00:00,36.4,37.509066080048235,1.1090660800482368,1.1090660800482368,16,6,1,Winter
2026-01-25 17:00:00,36.9,35.91536917636183,-0.9846308236381702,0.9846308236381702,17,6,1,Winter
2026-01-25 18:00:00,35.8,33.859789114993944,-1.9402108850060529,1.9402108850060529,18,6,1,Winter
2026-01-25 19:00:00,31.5,32.33035217634344,0.8303521763434389,0.8303521763434389,19,6,1,Winter
2026-01-25 20:00:00,28.7,29.02622379641191,0.32622379641190946,0.32622379641190946,20,6,1,Winter
2026-01-25 21:00:00,31.9,30.07151378083163,-1.8284862191683686,1.8284862191683686,21,6,1,Winter
2026-01-25 22:00:00,28.4,27.143160104050885,-1.2568398959491134,1.2568398959491134,22,6,1,Winter
2026-01-25 23:00:00,23.9,25.203692783154693,1.3036927831546947,1.3036927831546947,23,6,1,Winter
2026-01-26 00:00:00,31.5,32.60724679185896,1.1072467918589624,1.1072467918589624,0,0,1,Winter
2026-01-26 01:00:00,33.1,32.63238688000128,-0.4676131199987239,0.4676131199987239,1,0,1,Winter
2026-01-26 02:00:00,39.3,35.70977166841156,-3.5902283315884347,3.5902283315884347,2,0,1,Winter
2026-01-26 03:00:00,36.8,35.240201176365154,-1.5597988236348428,1.5597988236348428,3,0,1,Winter
2026-01-26 04:00:00,40.2,37.86634492772371,-2.3336550722762937,2.3336550722762937,4,0,1,Winter
2026-01-26 05:00:00,34.8,37.57968867329339,2.7796886732933928,2.7796886732933928,5,0,1,Winter
2026-01-26 06:00:00,37.2,38.73461897116658,1.53461897116658,1.53461897116658,6,0,1,Winter
2026-01-26 07:00:00,40.5,41.739721039646135,1.2397210396461347,1.2397210396461347,7,0,1,Winter
2026-01-26 08:00:00,42.8,42.17695931546051,-0.6230406845394896,0.6230406845394896,8,0,1,Winter
2026-01-26 09:00:00,41.0,43.77196216357995,2.77196216357995,2.77196216357995,9,0,1,Winter
2026-01-26 10:00:00,51.3,46.89308511131008,-4.4069148886899185,4.4069148886899185,10,0,1,Winter
2026-01-26 11:00:00,50.6,50.03230283053129,-0.5676971694687083,0.5676971694687083,11,0,1,Winter
2026-01-26 12:00:00,46.1,47.495056176515796,1.3950561765157943,1.3950561765157943,12,0,1,Winter
2026-01-26 13:00:00,49.6,48.967366713214744,-0.6326332867852571,0.6326332867852571,13,0,1,Winter
2026-01-26 14:00:00,47.1,47.3632187837239,0.2632187837239002,0.2632187837239002,14,0,1,Winter
2026-01-26 15:00:00,47.9,47.27057461019823,-0.6294253898017672,0.6294253898017672,15,0,1,Winter
2026-01-26 16:00:00,38.0,41.685270137603055,3.685270137603055,3.685270137603055,16,0,1,Winter
2026-01-26 17:00:00,40.8,40.83359707481145,0.033597074811453354,0.033597074811453354,17,0,1,Winter
2026-01-26 18:00:00,39.1,40.2949153853647,1.1949153853647019,1.1949153853647019,18,0,1,Winter
2026-01-26 19:00:00,39.8,36.2927899307881,-3.5072100692118937,3.5072100692118937,19,0,1,Winter
2026-01-26 20:00:00,32.8,34.00723520604002,1.2072352060400249,1.2072352060400249,20,0,1,Winter
2026-01-26 21:00:00,23.7,31.183490530767475,7.483490530767476,7.483490530767476,21,0,1,Winter
2026-01-26 22:00:00,28.1,29.116485110966394,1.0164851109663928,1.0164851109663928,22,0,1,Winter
2026-01-26 23:00:00,31.4,31.19955991882229,-0.20044008117771028,0.20044008117771028,23,0,1,Winter
2026-01-27 00:00:00,31.7,32.17868550025852,0.47868550025851775,0.47868550025851775,0,1,1,Winter
2026-01-27 01:00:00,38.5,34.993285515709964,-3.506714484290036,3.506714484290036,1,1,1,Winter
2026-01-27 02:00:00,34.9,34.37514141424297,-0.5248585857570305,0.5248585857570305,2,1,1,Winter
2026-01-27 03:00:00,34.2,32.91569382580927,-1.284306174190732,1.284306174190732,3,1,1,Winter
2026-01-27 04:00:00,35.4,35.814428651970935,0.4144286519709368,0.4144286519709368,4,1,1,Winter
2026-01-27 05:00:00,41.8,36.731903319302276,-5.068096680697721,5.068096680697721,5,1,1,Winter
2026-01-27 06:00:00,37.1,38.84020181433318,1.740201814333176,1.740201814333176,6,1,1,Winter
2026-01-27 07:00:00,41.0,42.19910252231352,1.1991025223135168,1.1991025223135168,7,1,1,Winter
2026-01-27 08:00:00,39.1,41.55150219563664,2.4515021956366354,2.4515021956366354,8,1,1,Winter
2026-01-27 09:00:00,50.8,45.64199264233205,-5.158007357667948,5.158007357667948,9,1,1,Winter
2026-01-27 10:00:00,48.0,46.1157572329063,-1.8842427670937028,1.8842427670937028,10,1,1,Winter
2026-01-27 11:00:00,44.4,45.91665418560075,1.5166541856007498,1.5166541856007498,11,1,1,Winter
2026-01-27 12:00:00,47.0,46.87053536141208,-0.129464638587919,0.129464638587919,12,1,1,Winter
2026-01-27 13:00:00,49.2,48.28224036030551,-0.9177596396944949,0.9177596396944949,13,1,1,Winter
2026-01-27 14:00:00,45.4,45.216525731904454,-0.18347426809554435,0.18347426809554435,14,1,1,Winter
2026-01-27 15:00:00,43.0,43.520935453478906,0.5209354534789057,0.5209354534789057,15,1,1,Winter
2026-01-27 16:00:00,40.9,41.61387866925232,0.713878669252324,0.713878669252324,16,1,1,Winter
2026-01-27 17:00:00,42.9,40.85207480341526,-2.0479251965847354,2.0479251965847354,17,1,1,Winter
2026-01-27 18:00:00,38.1,38.63449133349548,0.5344913334954811,0.5344913334954811,18,1,1,Winter
2026-01-27 19:00:00,35.6,36.159245074808446,0.5592450748084445,0.5592450748084445,19,1,1,Winter
2026-01-27 20:00:00,30.1,32.307483489644355,2.2074834896443534,2.2074834896443534,20,1,1,Winter
2026-01-27 21:00:00,34.1,33.71015809581822,-0.3898419041817789,0.3898419041817789,21,1,1,Winter
2026-01-27 22:00:00,31.8,32.10954209719065,0.30954209719064707,0.30954209719064707,22,1,1,Winter
2026-01-27 23:00:00,30.5,32.007925443422884,1.5079254434228844,1.5079254434228844,23,1,1,Winter
2026-01-28 00:00:00,32.4,32.84322491746769,0.44322491746768833,0.44322491746768833,0,2,1,Winter
2026-01-28 01:00:00,34.9,32.32725561366388,-2.572744386336119,2.572744386336119,1,2,1,Winter
2026-01-28 02:00:00,35.5,34.379319996501195,-1.120680003498805,1.120680003498805,2,2,1,Winter
2026-01-28 03:00:00,36.2,35.485021490025154,-0.7149785099748485,0.7149785099748485,3,2,1,Winter
2026-01-28 04:00:00,34.7,34.79818076458782,0.09818076458781633,0.09818076458781633,4,2,1,Winter
2026-01-28 05:00:00,35.3,36.78373789744688,1.4837378974468862,1.4837378974468862,5,2,1,Winter
2026-01-28 06:00:00,35.5,38.50106797080341,3.001067970803412,3.001067970803412,6,2,1,Winter
2026-01-28 07:00:00,39.3,41.03701549164605,1.737015491646055,1.737015491646055,7,2,1,Winter
2026-01-28 08:00:00,43.7,40.57594492561541,-3.124055074384593,3.124055074384593,8,2,1,Winter
2026-01-28 09:00:00,42.1,44.02963507723325,1.9296350772332502,1.9296350772332502,9,2,1,Winter
2026-01-28 10:00:00,46.9,46.29740857849207,-0.6025914215079311,0.6025914215079311,10,2,1,Winter
2026-01-28 11:00:00,43.5,46.250498504818076,2.7504985048180757,2.7504985048180757,11,2,1,Winter
2026-01-28 12:00:00,41.0,45.75191442345406,4.7519144234540605,4.7519144234540605,12,2,1,Winter
2026-01-28 13:00:00,50.6,48.61478879284549,-1.9852112071545136,1.9852112071545136,13,2,1,Winter
2026-01-28 14:00:00,44.7,45.82939827740172,1.1293982774017195,1.1293982774017195,14,2,1,Winter
2026-01-28 15:00:00,41.9,43.92026955103179,2.020269551031788,2.020269551031788,15,2,1,Winter
2026-01-28 16:00:00,39.3,42.74075049182968,3.4407504918296823,3.4407504918296823,16,2,1,Winter
2026-01-28 17:00:00,43.4,41.94765842824038,-1.452341571759618,1.452341571759618,17,2,1,Winter
2026-01-28 18:00:00,45.1,40.652907681429994,-4.447092318570007,4.447092318570007,18,2,1,Winter
2026-01-28 19:00:00,36.0,37.542793706874654,1.5427937068746544,1.5427937068746544,19,2,1,Winter
2026-01-28 20:00:00,34.8,34.73754923825315,-0.062450761746845274,0.062450761746845274,20,2,1,Winter
2026-01-28 21:00:00,38.3,34.79070359379115,-3.509296406208847,3.509296406208847,21,2,1,Winter
2026-01-28 22:00:00,25.5,30.01306964702309,4.513069647023091,4.513069647023091,22,2,1,Winter
2026-01-28 23:00:00,39.8,34.94704157526808,-4.852958424731916,4.852958424731916,23,2,1,Winter
2026-01-29 00:00:00,41.6,34.75088401878347,-6.849115981216528,6.849115981216528,0,3,1,Winter
2026-01-29 01:00:00,21.2,28.89594782857341,7.695947828573409,7.695947828573409,1,3,1,Winter
2026-01-29 02:00:00,32.5,32.404614602121974,-0.09538539787802591,0.09538539787802591,2,3,1,Winter
2026-01-29 03:00:00,31.3,33.89339983216835,2.5933998321683482,2.5933998321683482,3,3,1,Winter
2026-01-29 04:00:00,34.7,34.808201408044965,0.10820140804496248,0.10820140804496248,4,3,1,Winter
2026-01-29 05:00:00,36.0,38.390890769094696,2.390890769094696,2.390890769094696,5,3,1,Winter
2026-01-29 06:00:00,43.0,41.37508960258071,-1.624910397419292,1.624910397419292,6,3,1,Winter
2026-01-29 07:00:00,41.4,42.0935730056436,0.6935730056436,0.6935730056436,7,3,1,Winter
2026-01-29 08:00:00,40.1,42.79825455135216,2.698254551352157,2.698254551352157,8,3,1,Winter
2026-01-29 09:00:00,44.8,46.14154279225375,1.3415427922537546,1.3415427922537546,9,3,1,Winter
2026-01-29 10:00:00,48.8,46.96333541750575,-1.8366645824942438,1.8366645824942438,10,3,1,Winter
2026-01-29 11:00:00,42.8,44.38866569024923,1.5886656902492362,1.5886656902492362,11,3,1,Winter
2026-01-29 12:00:00,41.2,44.81883681474361,3.6188368147436094,3.6188368147436094,12,3,1,Winter
2026-01-29 13:00:00,55.5,50.865790641509335,-4.634209358490665,4.634209358490665,13,3,1,Winter
2026-01-29 14:00:00,44.1,44.294022293058106,0.19402229305810437,0.19402229305810437,14,3,1,Winter
2026-01-29 15:00:00,44.9,44.0580081862895,-0.8419918137105,0.8419918137105,15,3,1,Winter
2026-01-29 16:00:00,42.2,42.538255249378786,0.3382552493787827,0.3382552493787827,16,3,1,Winter
2026-01-29 17:00:00,44.1,42.91098057611148,-1.1890194238885243,1.1890194238885243,17,3,1,Winter
2026-01-29 18:00:00,46.9,42.6761937501844,-4.2238062498155955,4.2238062498155955,18,3,1,Winter
2026-01-29 19:00:00,40.0,38.83299504493963,-1.1670049550603707,1.1670049550603707,19,3,1,Winter
2026-01-29 20:00:00,29.7,34.18151751829948,4.48151751829948,4.48151751829948,20,3,1,Winter
2026-01-29 21:00:00,28.6,29.808909904059856,1.2089099040598548,1.2089099040598548,21,3,1,Winter
2026-01-29 22:00:00,31.3,31.807643176901237,0.5076431769012366,0.5076431769012366,22,3,1,Winter
2026-01-29 23:00:00,31.0,29.597176333447543,-1.4028236665524574,1.4028236665524574,23,3,1,Winter
2026-01-30 00:00:00,25.0,28.099664089068174,3.099664089068174,3.099664089068174,0,4,1,Winter
2026-01-30 01:00:00,35.5,32.67584003983965,-2.824159960160351,2.824159960160351,1,4,1,Winter
2026-01-30 02:00:00,28.7,32.68971147634978,3.989711476349779,3.989711476349779,2,4,1,Winter
2026-01-30 03:00:00,40.3,35.136626455280805,-5.163373544719192,5.163373544719192,3,4,1,Winter
2026-01-30 04:00:00,43.2,37.921961326978156,-5.278038673021847,5.278038673021847,4,4,1,Winter
2026-01-30 05:00:00,36.9,37.22381834538064,0.32381834538064425,0.32381834538064425,5,4,1,Winter
2026-01-30 06:00:00,41.7,40.605138485915575,-1.0948615140844282,1.0948615140844282,6,4,1,Winter
2026-01-30 07:00:00,37.1,41.00695733895056,3.906957338950562,3.906957338950562,7,4,1,Winter
2026-01-30 08:00:00,46.4,44.72139197608386,-1.6786080239161407,1.6786080239161407,8,4,1,Winter
2026-01-30 09:00:00,43.6,44.94070358908841,1.340703589088406,1.340703589088406,9,4,1,Winter
2026-01-30 10:00:00,42.5,45.556974531357405,3.0569745313574046,3.0569745313574046,10,4,1,Winter
2026-01-30 11:00:00,46.5,46.05746073704468,-0.44253926295532153,0.44253926295532153,11,4,1,Winter
2026-01-30 12:00:00,46.1,46.847259343933985,0.7472593439339832,0.7472593439339832,12,4,1,Winter
2026-01-30 13:00:00,46.4,47.593799899826664,1.193799899826665,1.193799899826665,13,4,1,Winter
2026-01-30 14:00:00,50.7,47.825822165161355,-2.8741778348386475,2.8741778348386475,14,4,1,Winter
2026-01-30 15:00:00,42.5,44.5138460275741,2.013846027574097,2.013846027574097,15,4,1,Winter
2026-01-30 16:00:00,50.9,44.141957415050925,-6.758042584949074,6.758042584949074,16,4,1,Winter
2026-01-30 17:00:00,36.7,38.98894190104901,2.2889419010490073,2.2889419010490073,17,4,1,Winter
2026-01-30 18:00:00,46.4,42.1899574772849,-4.210042522715099,4.210042522715099,18,4,1,Winter
2026-01-30 19:00:00,33.8,35.434866120382885,1.6348661203828883,1.6348661203828883,19,4,1,Winter
2026-01-30 20:00:00,35.9,34.85656432162217,-1.0434356783778256,1.0434356783778256,20,4,1,Winter
2026-01-30 21:00:00,32.3,34.16924488926202,1.8692448892620206,1.8692448892620206,21,4,1,Winter
2026-01-30 22:00:00,31.6,32.02673052545345,0.4267305254534506,0.4267305254534506,22,4,1,Winter
2026-01-30 23:00:00,35.4,34.380842152771024,-1.0191578472289748,1.0191578472289748,23,4,1,Winter
2026-01-31 00:00:00,33.1,30.77041579404329,-2.32958420595671,2.32958420595671,0,5,1,Winter
2026-01-31 01:00:00,32.1,31.32616912912426,-0.7738308708757415,0.7738308708757415,1,5,1,Winter
2026-01-31 02:00:00,26.5,28.965192979558264,2.465192979558264,2.465192979558264,2,5,1,Winter
2026-01-31 03:00:00,30.2,29.300167363835286,-0.8998326361647138,0.8998326361647138,3,5,1,Winter
2026-01-31 04:00:00,28.0,30.014289312688536,2.014289312688536,2.014289312688536,4,5,1,Winter
2026-01-31 05:00:00,29.0,31.386209105450938,2.386209105450938,2.386209105450938,5,5,1,Winter
2026-01-31 06:00:00,30.5,34.112011266244025,3.612011266244025,3.612011266244025,6,5,1,Winter
2026-01-31 07:00:00,35.4,33.39569336037509,-2.0043066396249074,2.0043066396249074,7,5,1,Winter
2026-01-31 08:00:00,40.1,38.06023919858788,-2.039760801412122,2.039760801412122,8,5,1,Winter
2026-01-31 09:00:00,33.1,37.55319257727456,4.453192577274557,4.453192577274557,9,5,1,Winter
2026-01-31 10:00:00,41.8,40.71668968491876,-1.0833103150812349,1.0833103150812349,10,5,1,Winter
2026-01-31 11:00:00,48.9,44.555663900662154,-4.344336099337845,4.344336099337845,11,5,1,Winter
2026-01-31 12:00:00,47.6,44.555708633767374,-3.0442913662326276,3.0442913662326276,12,5,1,Winter
2026-01-31 13:00:00,40.5,42.1524209483668,1.652420948366803,1.652420948366803,13,5,1,Winter
2026-01-31 14:00:00,36.4,41.18732119596329,4.787321195963294,4.787321195963294,14,5,1,Winter
2026-01-31 15:00:00,42.6,41.3219145067359,-1.2780854932641006,1.2780854932641006,15,5,1,Winter
2026-01-31 16:00:00,29.8,35.98422280822524,6.18422280822524,6.18422280822524,16,5,1,Winter
2026-01-31 17:00:00,41.6,38.59981445914353,-3.000185540856471,3.000185540856471,17,5,1,Winter
2026-01-31 18:00:00,34.2,35.311001970856395,1.1110019708563925,1.1110019708563925,18,5,1,Winter
2026-01-31 19:00:00,40.3,35.98179276502573,-4.318207234974267,4.318207234974267,19,5,1,Winter
2026-01-31 20:00:00,24.2,26.20401653073903,2.0040165307390296,2.0040165307390296,20,5,1,Winter
2026-01-31 21:00:00,33.1,29.565017749701862,-3.534982250298139,3.534982250298139,21,5,1,Winter
2026-01-31 22:00:00,27.8,27.433439615781058,-0.36656038421894266,0.36656038421894266,22,5,1,Winter
2026-01-31 23:00:00,26.0,27.50009392296159,1.5000939229615895,1.5000939229615895,23,5,1,Winter
2026-02-01 00:00:00,21.8,25.511431772770454,3.711431772770453,3.711431772770453,0,6,2,Winter
2026-02-01 01:00:00,29.9,28.516096284172487,-1.3839037158275111,1.3839037158275111,1,6,2,Winter
2026-02-01 02:00:00,31.0,29.198010327040443,-1.8019896729595573,1.8019896729595573,2,6,2,Winter
2026-02-01 03:00:00,36.7,32.28060559380084,-4.41939440619916,4.41939440619916,3,6,2,Winter
2026-02-01 04:00:00,35.3,33.86557128383592,-1.4344287161640779,1.4344287161640779,4,6,2,Winter
2026-02-01 05:00:00,30.8,32.695034925146295,1.8950349251462946,1.8950349251462946,5,6,2,Winter
2026-02-01 06:00:00,31.2,34.164902177367026,2.9649021773670263,2.9649021773670263,6,6,2,Winter
2026-02-01 07:00:00,31.8,34.50772404912772,2.707724049127716,2.707724049127716,7,6,2,Winter
2026-02-01 08:00:00,45.1,41.87617908697659,-3.2238209130234097,3.2238209130234097,8,6,2,Winter
2026-02-01 09:00:00,37.8,39.67986302910937,1.879863029109373,1.879863029109373,9,6,2,Winter
2026-02-01 10:00:00,48.1,45.12393297800411,-2.9760670219958882,2.9760670219958882,10,6,2,Winter
2026-02-01 11:00:00,45.1,44.90521558675285,-0.1947844132471488,0.1947844132471488,11,6,2,Winter
2026-02-01 12:00:00,44.6,43.670400106430215,-0.9295998935697867,0.9295998935697867,12,6,2,Winter
2026-02-01 13:00:00,41.7,42.063085890442565,0.36308589044256223,0.36308589044256223,13,6,2,Winter
2026-02-01 14:00:00,44.8,42.74077015936808,-2.0592298406319145,2.0592298406319145,14,6,2,Winter
2026-02-01 15:00:00,40.8,40.740805930562495,-0.059194069437502606,0.059194069437502606,15,6,2,Winter
2026-02-01 16:00:00,37.8,39.0698646232956,1.2698646232956037,1.2698646232956037,16,6,2,Winter
2026-02-01 17:00:00,40.1,38.02380015503706,-2.076199844962943,2.076199844962943,17,6,2,Winter
2026-02-01 18:00:00,34.7,34.33635513500733,-0.363644864992672,0.363644864992672,18,6,2,Winter
2026-02-01 19:00:00,30.0,33.472742073182744,3.4727420731827436,3.4727420731827436,19,6,2,Winter
2026-02-01 20:00:00,33.6,32.911855526383775,-0.6881444736162265,0.6881444736162265,20,6,2,Winter
2026-02-01 21:00:00,29.3,29.682959525671382,0.3829595256713816,0.3829595256713816,21,6,2,Winter
2026-02-01 22:00:00,30.3,29.221688013626462,-1.0783119863735386,1.0783119863735386,22,6,2,Winter
2026-02-01 23:00:00,25.7,28.237157419659855,2.537157419659856,2.537157419659856,23,6,2,Winter
2026-02-02 00:00:00,27.5,29.75157685580276,2.2515768558027602,2.2515768558027602,0,0,2,Winter
2026-02-02 01:00:00,39.6,36.30769787338246,-3.2923021266175425,3.2923021266175425,1,0,2,Winter
2026-02-02 02:00:00,39.6,36.628584822140326,-2.971415177859676,2.971415177859676,2,0,2,Winter
2026-02-02 03:00:00,38.3,37.06178660115912,-1.2382133988408768,1.2382133988408768,3,0,2,Winter
2026-02-02 04:00:00,34.8,37.10180309128172,2.3018030912817196,2.3018030912817196,4,0,2,Winter
2026-02-02 05:00:00,37.1,38.28913741158727,1.189137411587268,1.189137411587268,5,0,2,Winter
2026-02-02 06:00:00,45.9,41.25423593084825,-4.6457640691517454,4.6457640691517454,6,0,2,Winter
2026-02-02 07:00:00,41.0,41.85556347097028,0.8555634709702815,0.8555634709702815,7,0,2,Winter
2026-02-02 08:00:00,41.8,45.41066889135083,3.6106688913508336,3.6106688913508336,8,0,2,Winter
2026-02-02 09:00:00,53.5,47.67570746133587,-5.824292538664132,5.824292538664132,9,0,2,Winter
2026-02-02 10:00:00,47.1,46.843292649647914,-0.25670735035208736,0.25670735035208736,10,0,2,Winter
2026-02-02 11:00:00,55.2,52.93903186754484,-2.2609681324551616,2.2609681324551616,11,0,2,Winter
2026-02-02 12:00:00,42.8,46.50360406185843,3.703604061858435,3.703604061858435,12,0,2,Winter
2026-02-02 13:00:00,50.2,49.1999477439528,-1.000052256047205,1.000052256047205,13,0,2,Winter
2026-02-02 14:00:00,55.6,51.041192716273336,-4.558807283726665,4.558807283726665,14,0,2,Winter
2026-02-02 15:00:00,46.2,46.32471836696106,0.12471836696105498,0.12471836696105498,15,0,2,Winter
2026-02-02 16:00:00,43.3,42.98995405076604,-0.31004594923395956,0.31004594923395956,16,0,2,Winter
2026-02-02 17:00:00,37.8,40.40795466252045,2.6079546625204557,2.6079546625204557,17,0,2,Winter
2026-02-02 18:00:00,44.7,41.44459530321357,-3.255404696786435,3.255404696786435,18,0,2,Winter
2026-02-02 19:00:00,35.2,38.88308969162408,3.683089691624076,3.683089691624076,19,0,2,Winter
2026-02-02 20:00:00,36.0,35.40420119376611,-0.595798806233887,0.595798806233887,20,0,2,Winter
2026-02-02 21:00:00,29.8,32.02591847738442,2.225918477384422,2.225918477384422,21,0,2,Winter
2026-02-02 22:00:00,39.7,35.10070679057158,-4.599293209428424,4.599293209428424,22,0,2,Winter
2026-02-02 23:00:00,37.3,35.24097392124062,-2.0590260787593806,2.0590260787593806,23,0,2,Winter
2026-02-03 00:00:00,32.4,32.542704432570076,0.1427044325700777,0.1427044325700777,0,1,2,Winter
2026-02-03 01:00:00,28.2,32.050753666253634,3.8507536662536346,3.8507536662536346,1,1,2,Winter
2026-02-03 02:00:00,39.7,35.360058435813,-4.339941564187001,4.339941564187001,2,1,2,Winter
2026-02-03 03:00:00,33.4,33.816785617621726,0.41678561762172706,0.41678561762172706,3,1,2,Winter
2026-02-03 04:00:00,32.1,33.71254435283337,1.6125443528333676,1.6125443528333676,4,1,2,Winter
2026-02-03 05:00:00,31.4,35.17427799794845,3.7742779979484524,3.7742779979484524,5,1,2,Winter
2026-02-03 06:00:00,37.9,38.88721758812659,0.9872175881265903,0.9872175881265903,6,1,2,Winter
2026-02-03 07:00:00,36.8,39.8537711158666,3.0537711158666028,3.0537711158666028,7,1,2,Winter
2026-02-03 08:00:00,42.0,42.256679760451895,0.25667976045189533,0.25667976045189533,8,1,2,Winter
2026-02-03 09:00:00,49.2,47.025280065364676,-2.174719934635327,2.174719934635327,9,1,2,Winter
2026-02-03 10:00:00,46.0,46.13625288225308,0.13625288225308196,0.13625288225308196,10,1,2,Winter
2026-02-03 11:00:00,49.7,48.84111831977476,-0.8588816802252452,0.8588816802252452,11,1,2,Winter
2026-02-03 12:00:00,45.6,46.81476091893991,1.2147609189399091,1.2147609189399091,12,1,2,Winter
2026-02-03 13:00:00,48.5,48.80979635181739,0.30979635181738985,0.30979635181738985,13,1,2,Winter
2026-02-03 14:00:00,55.1,51.14944796567743,-3.9505520343225697,3.9505520343225697,14,1,2,Winter
2026-02-03 15:00:00,44.8,46.268112657285975,1.4681126572859782,1.4681126572859782,15,1,2,Winter
2026-02-03 16:00:00,46.1,45.13337613094206,-0.9666238690579405,0.9666238690579405,16,1,2,Winter
2026-02-03 17:00:00,36.3,39.923774389981574,3.623774389981577,3.623774389981577,17,1,2,Winter
2026-02-03 18:00:00,46.6,41.95371719415591,-4.646282805844095,4.646282805844095,18,1,2,Winter
2026-02-03 19:00:00,36.5,37.70890650691356,1.2089065069135572,1.2089065069135572,19,1,2,Winter
2026-02-03 20:00:00,40.7,38.11164166468765,-2.58835833531235,2.58835833531235,20,1,2,Winter
2026-02-03 21:00:00,34.4,34.421391529191546,0.021391529191546965,0.021391529191546965,21,1,2,Winter
2026-02-03 22:00:00,36.0,34.198760550577475,-1.8012394494225248,1.8012394494225248,22,1,2,Winter
2026-02-03 23:00:00,35.5,35.49577536352418,-0.0042246364758184995,0.0042246364758184995,23,1,2,Winter
2026-02-04 00:00:00,30.9,30.784576027623306,-0.11542397237669277,0.11542397237669277,0,2,2,Winter
2026-02-04 01:00:00,37.3,36.15267989100816,-1.1473201089918348,1.1473201089918348,1,2,2,Winter
2026-02-04 02:00:00,30.7,32.92447843773499,2.224478437734991,2.224478437734991,2,2,2,Winter
2026-02-04 03:00:00,38.1,37.421530548354774,-0.6784694516452277,0.6784694516452277,3,2,2,Winter
2026-02-04 04:00:00,35.1,35.68425832737711,0.5842583273771069,0.5842583273771069,4,2,2,Winter
2026-02-04 05:00:00,40.0,38.10914855161736,-1.8908514483826409,1.8908514483826409,5,2,2,Winter
2026-02-04 06:00:00,38.8,40.007861404794674,1.2078614047946772,1.2078614047946772,6,2,2,Winter
2026-02-04 07:00:00,42.9,41.73002062874007,-1.1699793712599273,1.1699793712599273,7,2,2,Winter
2026-02-04 08:00:00,40.4,42.78036728408381,2.3803672840838104,2.3803672840838104,8,2,2,Winter
2026-02-04 09:00:00,47.3,46.71657474863621,-0.583425251363785,0.583425251363785,9,2,2,Winter
2026-02-04 10:00:00,47.8,47.628156450168824,-0.17184354983117345,0.17184354983117345,10,2,2,Winter
2026-02-04 11:00:00,46.2,48.21231721480651,2.012317214806508,2.012317214806508,11,2,2,Winter
2026-02-04 12:00:00,48.4,47.44106293699408,-0.9589370630059193,0.9589370630059193,12,2,2,Winter
2026-02-04 13:00:00,48.9,48.38154869173752,-0.5184513082624775,0.5184513082624775,13,2,2,Winter
2026-02-04 14:00:00,45.1,47.375555856089605,2.2755558560896034,2.2755558560896034,14,2,2,Winter
2026-02-04 15:00:00,45.8,45.83539843723442,0.035398437234420044,0.035398437234420044,15,2,2,Winter
2026-02-04 16:00:00,40.6,43.72491447000831,3.1249144700083065,3.1249144700083065,16,2,2,Winter
2026-02-04 17:00:00,52.1,45.867861294971334,-6.232138705028667,6.232138705028667,17,2,2,Winter
2026-02-04 18:00:00,44.9,43.656973145987294,-1.2430268540127045,1.2430268540127045,18,2,2,Winter
2026-02-04 19:00:00,39.7,39.4445492644693,-0.25545073553070097,0.25545073553070097,19,2,2,Winter
2026-02-04 20:00:00,41.4,39.46021523672713,-1.9397847632728684,1.9397847632728684,20,2,2,Winter
2026-02-04 21:00:00,27.1,30.906060703168492,3.806060703168491,3.806060703168491,21,2,2,Winter
2026-02-04 22:00:00,23.5,27.771476217654534,4.271476217654534,4.271476217654534,22,2,2,Winter
2026-02-04 23:00:00,31.3,31.22411345446241,-0.075886545537589,0.075886545537589,23,2,2,Winter
2026-02-05 00:00:00,27.3,28.488697217953643,1.1886972179536421,1.1886972179536421,0,3,2,Winter
2026-02-05 01:00:00,32.1,30.309785318428123,-1.7902146815718787,1.7902146815718787,1,3,2,Winter
2026-02-05 02:00:00,34.7,33.856918226276285,-0.8430817737237177,0.8430817737237177,2,3,2,Winter
2026-02-05 03:00:00,38.8,36.34540376480357,-2.4545962351964263,2.4545962351964263,3,3,2,Winter
2026-02-05 04:00:00,32.3,35.24117902542745,2.941179025427452,2.941179025427452,4,3,2,Winter
2026-02-05 05:00:00,40.3,39.38047626816095,-0.9195237318390497,0.9195237318390497,5,3,2,Winter
2026-02-05 06:00:00,40.9,41.29901170082103,0.39901170082103476,0.39901170082103476,6,3,2,Winter
2026-02-05 07:00:00,44.3,42.34412484435697,-1.955875155643028,1.955875155643028,7,3,2,Winter
2026-02-05 08:00:00,42.7,45.45571531559462,2.755715315594614,2.755715315594614,8,3,2,Winter
2026-02-05 09:00:00,52.0,49.763738698551926,-2.2362613014480743,2.2362613014480743,9,3,2,Winter
2026-02-05 10:00:00,47.3,48.21805163366297,0.9180516336629694,0.9180516336629694,10,3,2,Winter
2026-02-05 11:00:00,55.6,52.19690330037256,-3.40309669962744,3.40309669962744,11,3,2,Winter
2026-02-05 12:00:00,45.6,47.43682579474862,1.83682579474862,1.83682579474862,12,3,2,Winter
2026-02-05 13:00:00,51.5,50.79961464951348,-0.7003853504865205,0.7003853504865205,13,3,2,Winter
2026-02-05 14:00:00,47.5,47.128225540118024,-0.3717744598819763,0.3717744598819763,14,3,2,Winter
2026-02-05 15:00:00,45.2,45.48063171060244,0.2806317106024352,0.2806317106024352,15,3,2,Winter
2026-02-05 16:00:00,47.3,44.836965960134336,-2.4630340398656614,2.4630340398656614,16,3,2,Winter
2026-02-05 17:00:00,41.7,41.91139510818978,0.2113951081897767,0.2113951081897767,17,3,2,Winter
2026-02-05 18:00:00,30.2,36.27785696330674,6.07785696330674,6.07785696330674,18,3,2,Winter
2026-02-05 19:00:00,26.5,32.727862256181744,6.227862256181744,6.227862256181744,19,3,2,Winter
2026-02-05 20:00:00,41.9,36.893024957014134,-5.006975042985864,5.006975042985864,20,3,2,Winter
2026-02-05 21:00:00,40.1,37.47264470112418,-2.6273552988758198,2.6273552988758198,21,3,2,Winter
2026-02-05 22:00:00,41.4,37.78638171622046,-3.6136182837795374,3.6136182837795374,22,3,2,Winter
2026-02-05 23:00:00,33.0,34.2450329507025,1.2450329507025018,1.2450329507025018,23,3,2,Winter
2026-02-06 00:00:00,27.8,30.25765731834442,2.4576573183444204,2.4576573183444204,0,4,2,Winter
2026-02-06 01:00:00,31.5,33.835640118363486,2.335640118363486,2.335640118363486,1,4,2,Winter
2026-02-06 02:00:00,34.1,33.386271546301785,-0.7137284536982165,0.7137284536982165,2,4,2,Winter
2026-02-06 03:00:00,31.3,33.389771165498935,2.0897711654989344,2.0897711654989344,3,4,2,Winter
2026-02-06 04:00:00,43.5,39.37236751542854,-4.127632484571457,4.127632484571457,4,4,2,Winter
2026-02-06 05:00:00,47.8,41.63900580109018,-6.160994198909819,6.160994198909819,5,4,2,Winter
2026-02-06 06:00:00,42.9,41.937520377256064,-0.9624796227439347,0.9624796227439347,6,4,2,Winter
2026-02-06 07:00:00,43.0,42.94171085684958,-0.058289143150418,0.058289143150418,7,4,2,Winter
2026-02-06 08:00:00,39.8,42.57684771866894,2.7768477186689395,2.7768477186689395,8,4,2,Winter
2026-02-06 09:00:00,52.8,50.71151702633143,-2.088482973668569,2.088482973668569,9,4,2,Winter
2026-02-06 10:00:00,48.2,46.70852493016261,-1.4914750698373922,1.4914750698373922,10,4,2,Winter
2026-02-06 11:00:00,47.5,47.10642805345679,-0.3935719465432115,0.3935719465432115,11,4,2,Winter
2026-02-06 12:00:00,50.9,49.80312112686112,-1.096878873138877,1.096878873138877,12,4,2,Winter
2026-02-06 13:00:00,46.3,48.095081168050946,1.7950811680509489,1.7950811680509489,13,4,2,Winter
2026-02-06 14:00:00,48.5,47.450270873655654,-1.0497291263443458,1.0497291263443458,14,4,2,Winter
2026-02-06 15:00:00,40.8,43.84035215839924,3.0403521583992443,3.0403521583992443,15,4,2,Winter
2026-02-06 16:00:00,49.3,46.0469785540328,-3.2530214459671996,3.2530214459671996,16,4,2,Winter
2026-02-06 17:00:00,42.6,43.02714324516929,0.42714324516929025,0.42714324516929025,17,4,2,Winter
2026-02-06 18:00:00,45.6,43.020159594598844,-2.579840405401157,2.579840405401157,18,4,2,Winter
2026-02-06 19:00:00,38.1,37.56019633989605,-0.5398036601039493,0.5398036601039493,19,4,2,Winter
2026-02-06 20:00:00,36.4,38.64626200307962,2.2462620030796216,2.2462620030796216,20,4,2,Winter
2026-02-06 21:00:00,30.4,34.4343092297314,4.034309229731399,4.034309229731399,21,4,2,Winter
2026-02-06 22:00:00,37.1,36.50418510679813,-0.5958148932018688,0.5958148932018688,22,4,2,Winter
2026-02-06 23:00:00,29.7,34.15741659348542,4.457416593485423,4.457416593485423,23,4,2,Winter
2026-02-07 00:00:00,26.1,28.133875798395557,2.033875798395556,2.033875798395556,0,5,2,Winter
2026-02-07 01:00:00,28.4,27.24907642609253,-1.1509235739074697,1.1509235739074697,1,5,2,Winter
2026-02-07 02:00:00,29.6,28.970720855799254,-0.6292791442007477,0.6292791442007477,2,5,2,Winter
2026-02-07 03:00:00,23.6,28.09966792731043,4.49966792731043,4.49966792731043,3,5,2,Winter
2026-02-07 04:00:00,31.2,30.361877381545106,-0.8381226184548929,0.8381226184548929,4,5,2,Winter
2026-02-07 05:00:00,37.2,33.7390694853255,-3.4609305146745015,3.4609305146745015,5,5,2,Winter
2026-02-07 06:00:00,34.6,34.45144325385215,-0.14855674614785386,0.14855674614785386,6,5,2,Winter
2026-02-07 07:00:00,37.3,38.1552268676866,0.8552268676866035,0.8552268676866035,7,5,2,Winter
2026-02-07 08:00:00,40.7,40.327964697018864,-0.3720353029811392,0.3720353029811392,8,5,2,Winter
2026-02-07 09:00:00,41.2,40.290043681642906,-0.9099563183570964,0.9099563183570964,9,5,2,Winter
2026-02-07 10:00:00,38.9,40.706138786356924,1.8061387863569252,1.8061387863569252,10,5,2,Winter
2026-02-07 11:00:00,43.7,44.30124471906308,0.6012447190630752,0.6012447190630752,11,5,2,Winter
2026-02-07 12:00:00,48.1,45.04259875144448,-3.0574012485555215,3.0574012485555215,12,5,2,Winter
2026-02-07 13:00:00,39.6,40.841997492681976,1.2419974926819748,1.2419974926819748,13,5,2,Winter
2026-02-07 14:00:00,41.5,41.924279218591444,0.4242792185914439,0.4242792185914439,14,5,2,Winter
2026-02-07 15:00:00,36.2,38.90520437827225,2.7052043782722492,2.7052043782722492,15,5,2,Winter
2026-02-07 16:00:00,43.9,41.127635156129955,-2.7723648438700437,2.7723648438700437,16,5,2,Winter
2026-02-07 17:00:00,37.8,36.29117033117246,-1.5088296688275378,1.5088296688275378,17,5,2,Winter
2026-02-07 18:00:00,32.7,34.53105717648491,1.8310571764849044,1.8310571764849044,18,5,2,Winter
2026-02-07 19:00:00,34.4,33.44200575752975,-0.9579942424702494,0.9579942424702494,19,5,2,Winter
2026-02-07 20:00:00,27.3,30.530221237109735,3.2302212371097347,3.2302212371097347,20,5,2,Winter
2026-02-07 21:00:00,26.3,27.938457425944186,1.6384574259441855,1.6384574259441855,21,5,2,Winter
2026-02-07 22:00:00,23.3,26.517166805783,3.2171668057829983,3.2171668057829983,22,5,2,Winter
2026-02-07 23:00:00,24.1,25.814716715811787,1.714716715811786,1.714716715811786,23,5,2,Winter
2026-02-08 00:00:00,33.6,29.89714391134928,-3.702856088650723,3.702856088650723,0,6,2,Winter
2026-02-08 01:00:00,25.6,27.532283527181434,1.9322835271814327,1.9322835271814327,1,6,2,Winter
2026-02-08 02:00:00,31.2,29.72475290950359,-1.47524709049641,1.47524709049641,2,6,2,Winter
2026-02-08 03:00:00,27.2,30.530213950574066,3.330213950574066,3.330213950574066,3,6,2,Winter
2026-02-08 04:00:00,35.3,34.70641111379267,-0.5935888862073284,0.5935888862073284,4,6,2,Winter
2026-02-08 05:00:00,30.0,33.26029062139079,3.260290621390787,3.260290621390787,5,6,2,Winter
2026-02-08 06:00:00,36.4,36.33575044420744,-0.06424955579255709,0.06424955579255709,6,6,2,Winter
2026-02-08 07:00:00,38.5,38.44215645123416,-0.05784354876583819,0.05784354876583819,7,6,2,Winter
2026-02-08 08:00:00,49.5,43.90762677558244,-5.592373224417557,5.592373224417557,8,6,2,Winter
2026-02-08 09:00:00,44.4,43.25511030911505,-1.144889690884952,1.144889690884952,9,6,2,Winter
2026-02-08 10:00:00,40.8,43.03963781790156,2.23963781790156,2.23963781790156,10,6,2,Winter
2026-02-08 11:00:00,46.7,46.743486716925815,0.04348671692581263,0.04348671692581263,11,6,2,Winter
2026-02-08 12:00:00,52.8,48.17689133722645,-4.6231086627735465,4.6231086627735465,12,6,2,Winter
2026-02-08 13:00:00,37.4,39.42371960444723,2.02371960444723,2.02371960444723,13,6,2,Winter
2026-02-08 14:00:00,39.8,42.664089016911284,2.8640890169112865,2.8640890169112865,14,6,2,Winter
2026-02-08 15:00:00,40.9,40.87080986313108,-0.02919013686891958,0.02919013686891958,15,6,2,Winter
2026-02-08 16:00:00,38.6,39.30780975987277,0.7078097598727666,0.7078097598727666,16,6,2,Winter
2026-02-08 17:00:00,37.0,37.29580533392328,0.29580533392328334,0.29580533392328334,17,6,2,Winter
2026-02-08 18:00:00,31.0,32.8248741715983,1.824874171598303,1.824874171598303,18,6,2,Winter
2026-02-08 19:00:00,39.8,35.29765242695082,-4.502347573049178,4.502347573049178,19,6,2,Winter
2026-02-08 20:00:00,26.5,28.879216844809058,2.379216844809058,2.379216844809058,20,6,2,Winter
2026-02-08 21:00:00,29.8,29.868332539133142,0.06833253913314152,0.06833253913314152,21,6,2,Winter
2026-02-08 22:00:00,33.5,32.09073581271012,-1.4092641872898781,1.4092641872898781,22,6,2,Winter
2026-02-08 23:00:00,28.4,28.512869996098217,0.1128699960982189,0.1128699960982189,23,6,2,Winter
2026-02-09 00:00:00,29.4,31.4934467555384,2.0934467555384018,2.0934467555384018,0,0,2,Winter
2026-02-09 01:00:00,28.2,32.24398608415575,4.043986084155751,4.043986084155751,1,0,2,Winter
2026-02-09 02:00:00,33.5,33.86881304350533,0.36881304350532673,0.36881304350532673,2,0,2,Winter
2026-02-09 03:00:00,32.7,33.78479997609744,1.084799976097436,1.084799976097436,3,0,2,Winter
2026-02-09 04:00:00,38.2,37.00988995364374,-1.19011004635626,1.19011004635626,4,0,2,Winter
2026-02-09 05:00:00,33.7,38.15968549761257,4.459685497612568,4.459685497612568,5,0,2,Winter
2026-02-09 06:00:00,44.6,43.612491310860946,-0.9875086891390552,0.9875086891390552,6,0,2,Winter
2026-02-09 07:00:00,43.9,44.20175621841352,0.30175621841352296,0.30175621841352296,7,0,2,Winter
2026-02-09 08:00:00,46.1,46.04858958540286,-0.05141041459714302,0.05141041459714302,8,0,2,Winter
2026-02-09 09:00:00,52.8,49.14036908262744,-3.65963091737256,3.65963091737256,9,0,2,Winter
2026-02-09 10:00:00,46.5,47.08236296993146,0.5823629699314594,0.5823629699314594,10,0,2,Winter
2026-02-09 11:00:00,46.2,48.32596555171501,2.125965551715005,2.125965551715005,11,0,2,Winter
2026-02-09 12:00:00,47.2,48.08850895290269,0.8885089529026899,0.8885089529026899,12,0,2,Winter
2026-02-09 13:00:00,48.3,48.64402572581937,0.3440257258193711,0.3440257258193711,13,0,2,Winter
2026-02-09 14:00:00,47.9,46.789140681744286,-1.110859318255713,1.110859318255713,14,0,2,Winter
2026-02-09 15:00:00,43.7,44.7732426414068,1.0732426414068001,1.0732426414068001,15,0,2,Winter
2026-02-09 16:00:00,37.3,42.71433495976641,5.414334959766414,5.414334959766414,16,0,2,Winter
2026-02-09 17:00:00,41.2,40.800389370503,-0.39961062949700477,0.39961062949700477,17,0,2,Winter
2026-02-09 18:00:00,42.8,40.903748098441696,-1.8962519015583013,1.8962519015583013,18,0,2,Winter
2026-02-09 19:00:00,39.8,39.40652930394373,-0.3934706960562693,0.3934706960562693,19,0,2,Winter
2026-02-09 20:00:00,42.2,39.38583589520146,-2.814164104798543,2.814164104798543,20,0,2,Winter
2026-02-09 21:00:00,43.5,41.02922546440615,-2.470774535593847,2.470774535593847,21,0,2,Winter
2026-02-09 22:00:00,37.5,37.7531732735433,0.2531732735432968,0.2531732735432968,22,0,2,Winter
2026-02-09 23:00:00,39.2,38.85108680480068,-0.34891319519932296,0.34891319519932296,23,0,2,Winter
2026-02-10 00:00:00,36.6,36.584082218352435,-0.015917781647566187,0.015917781647566187,0,1,2,Winter
2026-02-10 01:00:00,40.6,37.03782693799581,-3.5621730620041916,3.5621730620041916,1,1,2,Winter
2026-02-10 02:00:00,42.0,38.18109564157468,-3.8189043584253213,3.8189043584253213,2,1,2,Winter
2026-02-10 03:00:00,39.6,38.3191204279747,-1.2808795720252988,1.2808795720252988,3,1,2,Winter
2026-02-10 04:00:00,40.3,39.091648943860704,-1.2083510561392927,1.2083510561392927,4,1,2,Winter
2026-02-10 05:00:00,38.6,38.92911012523033,0.32911012523032923,0.32911012523032923,5,1,2,Winter
2026-02-10 06:00:00,41.3,42.874000858917285,1.5740008589172874,1.5740008589172874,6,1,2,Winter
2026-02-10 07:00:00,42.2,43.76859707484977,1.5685970748497695,1.5685970748497695,7,1,2,Winter
2026-02-10 08:00:00,48.0,45.82728099400192,-2.1727190059980828,2.1727190059980828,8,1,2,Winter
2026-02-10 09:00:00,44.3,45.87493005422131,1.574930054221312,1.574930054221312,9,1,2,Winter
2026-02-10 10:00:00,47.7,47.81463804662569,0.11463804662568577,0.11463804662568577,10,1,2,Winter
2026-02-10 11:00:00,39.8,44.828010353379355,5.028010353379358,5.028010353379358,11,1,2,Winter
2026-02-10 12:00:00,56.4,52.750647155721815,-3.6493528442781837,3.6493528442781837,12,1,2,Winter
2026-02-10 13:00:00,48.3,47.72013497334478,-0.5798650266552201,0.5798650266552201,13,1,2,Winter
2026-02-10 14:00:00,50.2,49.636465655130124,-0.5635343448698791,0.5635343448698791,14,1,2,Winter
2026-02-10 15:00:00,53.0,50.42230543438278,-2.5776945656172217,2.5776945656172217,15,1,2,Winter
2026-02-10 16:00:00,46.7,46.007860679331486,-0.6921393206685167,0.6921393206685167,16,1,2,Winter
2026-02-10 17:00:00,49.3,47.01993101422862,-2.280068985771379,2.280068985771379,17,1,2,Winter
2026-02-10 18:00:00,36.5,38.994834027242014,2.494834027242014,2.494834027242014,18,1,2,Winter
2026-02-10 19:00:00,49.0,44.42654089886585,-4.573459101134148,4.573459101134148,19,1,2,Winter
2026-02-10 20:00:00,41.8,42.092542131889914,0.29254213188991685,0.29254213188991685,20,1,2,Winter
2026-02-10 21:00:00,36.7,36.79864801235986,0.09864801235985965,0.09864801235985965,21,1,2,Winter
2026-02-10 22:00:00,40.3,38.364289236115845,-1.9357107638841526,1.9357107638841526,22,1,2,Winter
2026-02-10 23:00:00,29.1,32.07551582915243,2.975515829152428,2.975515829152428,23,1,2,Winter
2026-02-11 00:00:00,32.5,32.696153454487046,0.19615345448704602,0.19615345448704602,0,2,2,Winter
2026-02-11 01:00:00,39.7,35.61391487696845,-4.086085123031552,4.086085123031552,1,2,2,Winter
2026-02-11 02:00:00,27.2,33.134622689858254,5.934622689858255,5.934622689858255,2,2,2,Winter
2026-02-11 03:00:00,38.2,37.37718396213585,-0.8228160378641505,0.8228160378641505,3,2,2,Winter
2026-02-11 04:00:00,39.7,37.98683474773374,-1.7131652522662648,1.7131652522662648,4,2,2,Winter
2026-02-11 05:00:00,47.4,43.211952481366524,-4.188047518633475,4.188047518633475,5,2,2,Winter
2026-02-11 06:00:00,35.3,41.03263562031124,5.7326356203112425,5.7326356203112425,6,2,2,Winter
2026-02-11 07:00:00,50.1,46.460038247759414,-3.6399617522405876,3.6399617522405876,7,2,2,Winter
2026-02-11 08:00:00,43.4,44.73694774119669,1.3369477411966884,1.3369477411966884,8,2,2,Winter
2026-02-11 09:00:00,45.5,46.298949643361034,0.7989496433610341,0.7989496433610341,9,2,2,Winter
2026-02-11 10:00:00,43.7,46.15958224183078,2.4595822418307804,2.4595822418307804,10,2,2,Winter
2026-02-11 11:00:00,45.0,47.02553741845405,2.02553741845405,2.02553741845405,11,2,2,Winter
2026-02-11 12:00:00,51.2,50.23314893232698,-0.9668510676730193,0.9668510676730193,12,2,2,Winter
2026-02-11 13:00:00,44.9,46.5194086917652,1.6194086917652015,1.6194086917652015,13,2,2,Winter
2026-02-11 14:00:00,51.5,49.13398104068683,-2.3660189593131733,2.3660189593131733,14,2,2,Winter
2026-02-11 15:00:00,44.6,45.657063932401925,1.057063932401924,1.057063932401924,15,2,2,Winter
2026-02-11 16:00:00,40.8,43.58351955825983,2.783519558259833,2.783519558259833,16,2,2,Winter
2026-02-11 17:00:00,41.6,42.20698752847814,0.6069875284781361,0.6069875284781361,17,2,2,Winter
2026-02-11 18:00:00,43.0,42.48959391426166,-0.5104060857383388,0.5104060857383388,18,2,2,Winter
2026-02-11 19:00:00,38.4,39.411558220307526,1.0115582203075277,1.0115582203075277,19,2,2,Winter
2026-02-11 20:00:00,37.8,38.01092069890151,0.21092069890151066,0.21092069890151066,20,2,2,Winter
2026-02-11 21:00:00,38.7,36.56527208303845,-2.134727916961552,2.134727916961552,21,2,2,Winter
2026-02-11 22:00:00,39.0,35.60868336289739,-3.391316637102612,3.391316637102612,22,2,2,Winter
2026-02-11 23:00:00,32.6,34.162263730904606,1.5622637309046041,1.5622637309046041,23,2,2,Winter
2026-02-12 00:00:00,29.6,32.254005841923664,2.654005841923663,2.654005841923663,0,3,2,Winter
2026-02-12 01:00:00,34.3,34.27319067478698,-0.02680932521301571,0.02680932521301571,1,3,2,Winter
2026-02-12 02:00:00,36.7,35.83598054185577,-0.8640194581442344,0.8640194581442344,2,3,2,Winter
2026-02-12 03:00:00,30.2,34.89334739698198,4.693347396981981,4.693347396981981,3,3,2,Winter
2026-02-12 04:00:00,34.2,36.2829789181588,2.082978918158794,2.082978918158794,4,3,2,Winter
2026-02-12 05:00:00,36.8,39.13135803492617,2.3313580349261755,2.3313580349261755,5,3,2,Winter
2026-02-12 06:00:00,40.9,40.74049091647052,-0.15950908352947835,0.15950908352947835,6,3,2,Winter
2026-02-12 07:00:00,40.8,43.53659532564495,2.736595325644956,2.736595325644956,7,3,2,Winter
2026-02-12 08:00:00,48.6,44.941608767334166,-3.658391232665835,3.658391232665835,8,3,2,Winter
2026-02-12 09:00:00,41.0,43.624027422093505,2.624027422093505,2.624027422093505,9,3,2,Winter
2026-02-12 10:00:00,42.4,44.707206168358994,2.307206168358995,2.307206168358995,10,3,2,Winter
2026-02-12 11:00:00,48.1,47.33425559782691,-0.765744402173091,0.765744402173091,11,3,2,Winter
2026-02-12 12:00:00,49.0,49.621953840968416,0.6219538409684162,0.6219538409684162,12,3,2,Winter
2026-02-12 13:00:00,43.7,45.429929143973965,1.729929143973962,1.729929143973962,13,3,2,Winter
2026-02-12 14:00:00,46.2,47.702720490136755,1.5027204901367526,1.5027204901367526,14,3,2,Winter
2026-02-12 15:00:00,45.8,46.173485699724495,0.3734856997244975,0.3734856997244975,15,3,2,Winter
2026-02-12 16:00:00,44.2,44.5650436971813,0.36504369718129936,0.36504369718129936,16,3,2,Winter
2026-02-12 17:00:00,44.4,44.48020421796496,0.0802042179649618,0.0802042179649618,17,3,2,Winter
2026-02-12 18:00:00,39.1,41.017646741109616,1.917646741109614,1.917646741109614,18,3,2,Winter
2026-02-12 19:00:00,45.6,41.80767774828678,-3.792322251713223,3.792322251713223,19,3,2,Winter
2026-02-12 20:00:00,39.7,38.78241045877722,-0.9175895412227817,0.9175895412227817,20,3,2,Winter
2026-02-12 21:00:00,32.9,35.31586490278099,2.4158649027809886,2.4158649027809886,21,3,2,Winter
2026-02-12 22:00:00,35.2,35.63816535513668,0.4381653551366753,0.4381653551366753,22,3,2,Winter
2026-02-12 23:00:00,34.5,34.21408559347212,-0.2859144065278798,0.2859144065278798,23,3,2,Winter
2026-02-13 00:00:00,38.7,35.585619473168336,-3.114380526831667,3.114380526831667,0,4,2,Winter
2026-02-13 01:00:00,31.7,32.72674695986891,1.0267469598689125,1.0267469598689125,1,4,2,Winter
2026-02-13 02:00:00,38.0,36.12637444909837,-1.8736255509016289,1.8736255509016289,2,4,2,Winter
2026-02-13 03:00:00,36.4,36.0133189356476,-0.3866810643524019,0.3866810643524019,3,4,2,Winter
2026-02-13 04:00:00,43.8,40.68412830328417,-3.1158716967158284,3.1158716967158284,4,4,2,Winter
2026-02-13 05:00:00,45.0,43.65887285061322,-1.3411271493867787,1.3411271493867787,5,4,2,Winter
2026-02-13 06:00:00,42.7,41.38096677124251,-1.3190332287574904,1.3190332287574904,6,4,2,Winter
2026-02-13 07:00:00,42.9,44.13225199761756,1.2322519976175599,1.2322519976175599,7,4,2,Winter
2026-02-13 08:00:00,47.9,46.80756505769467,-1.0924349423053314,1.0924349423053314,8,4,2,Winter
2026-02-13 09:00:00,46.8,47.13820483686776,0.33820483686776015,0.33820483686776015,9,4,2,Winter
2026-02-13 10:00:00,55.5,50.77514488910759,-4.724855110892413,4.724855110892413,10,4,2,Winter
2026-02-13 11:00:00,49.9,49.44863221534888,-0.4513677846511186,0.4513677846511186,11,4,2,Winter
2026-02-13 12:00:00,48.2,49.23040703999336,1.0304070399933565,1.0304070399933565,12,4,2,Winter
2026-02-13 13:00:00,47.8,48.213399706296634,0.41339970629663725,0.41339970629663725,13,4,2,Winter
2026-02-13 14:00:00,43.9,46.676462400861645,2.7764624008616465,2.7764624008616465,14,4,2,Winter
2026-02-13 15:00:00,49.8,47.694120538230365,-2.105879461769632,2.105879461769632,15,4,2,Winter
2026-02-13 16:00:00,42.6,44.982327931499725,2.3823279314997237,2.3823279314997237,16,4,2,Winter
2026-02-13 17:00:00,48.3,44.910749590487875,-3.3892504095121225,3.3892504095121225,17,4,2,Winter
2026-02-13 18:00:00,36.7,40.44448054472121,3.744480544721206,3.744480544721206,18,4,2,Winter
2026-02-13 19:00:00,40.3,41.24451471283997,0.9445147128399753,0.9445147128399753,19,4,2,Winter
2026-02-13 20:00:00,42.5,40.510898872370554,-1.9891011276294464,1.9891011276294464,20,4,2,Winter
2026-02-13 21:00:00,27.6,31.389240695784,3.789240695783999,3.789240695783999,21,4,2,Winter
2026-02-13 22:00:00,43.0,37.356030171556455,-5.643969828443545,5.643969828443545,22,4,2,Winter
2026-02-13 23:00:00,32.4,33.38319423490446,0.9831942349044596,0.9831942349044596,23,4,2,Winter
2026-02-14 00:00:00,29.6,29.76829179015854,0.16829179015853768,0.16829179015853768,0,5,2,Winter
2026-02-14 01:00:00,31.6,31.0536206858486,-0.5463793141514017,0.5463793141514017,1,5,2,Winter
2026-02-14 02:00:00,33.0,32.096521744174076,-0.9034782558259238,0.9034782558259238,2,5,2,Winter
2026-02-14 03:00:00,32.4,30.7444660861075,-1.6555339138924978,1.6555339138924978,3,5,2,Winter
2026-02-14 04:00:00,37.0,35.81547506340852,-1.1845249365914796,1.1845249365914796,4,5,2,Winter
2026-02-14 05:00:00,37.0,37.931383939333855,0.9313839393338554,0.9313839393338554,5,5,2,Winter
2026-02-14 06:00:00,44.0,39.70059076858654,-4.299409231413463,4.299409231413463,6,5,2,Winter
2026-02-14 07:00:00,41.2,41.84099894042655,0.6409989404265488,0.6409989404265488,7,5,2,Winter
2026-02-14 08:00:00,48.9,45.615755769977525,-3.2842442300224732,3.2842442300224732,8,5,2,Winter
2026-02-14 09:00:00,46.3,45.382375511499255,-0.9176244885007421,0.9176244885007421,9,5,2,Winter
2026-02-14 10:00:00,36.7,41.89527166081685,5.19527166081685,5.19527166081685,10,5,2,Winter
2026-02-14 11:00:00,55.2,49.608249356913305,-5.591750643086698,5.591750643086698,11,5,2,Winter
2026-02-14 12:00:00,42.7,44.615101815584794,1.9151018155847908,1.9151018155847908,12,5,2,Winter
2026-02-14 13:00:00,50.7,47.984005925564794,-2.7159940744352085,2.7159940744352085,13,5,2,Winter
2026-02-14 14:00:00,44.0,45.25347616624125,1.2534761662412492,1.2534761662412492,14,5,2,Winter
2026-02-14 15:00:00,46.9,44.43365373823849,-2.466346261761508,2.466346261761508,15,5,2,Winter
2026-02-14 16:00:00,38.2,40.40030180429165,2.200301804291648,2.200301804291648,16,5,2,Winter
2026-02-14 17:00:00,41.6,41.27520361165557,-0.32479638834443136,0.32479638834443136,17,5,2,Winter
2026-02-14 18:00:00,36.0,37.21962270436843,1.2196227043684331,1.2196227043684331,18,5,2,Winter
2026-02-14 19:00:00,41.2,39.040537645122384,-2.1594623548776184,2.1594623548776184,19,5,2,Winter
2026-02-14 20:00:00,34.7,34.312027743646944,-0.3879722563530592,0.3879722563530592,20,5,2,Winter
2026-02-14 21:00:00,35.1,32.187811399037706,-2.9121886009622955,2.9121886009622955,21,5,2,Winter
2026-02-14 22:00:00,21.4,27.019568492461925,5.6195684924619265,5.6195684924619265,22,5,2,Winter
2026-02-14 23:00:00,28.9,29.037594495559322,0.13759449555932335,0.13759449555932335,23,5,2,Winter
2026-02-15 00:00:00,30.8,32.07815034038763,1.2781503403876293,1.2781503403876293,0,6,2,Winter
2026-02-15 01:00:00,30.3,30.326766249302743,0.026766249302742295,0.026766249302742295,1,6,2,Winter
2026-02-15 02:00:00,34.0,32.50125609367429,-1.498743906325707,1.498743906325707,2,6,2,Winter
2026-02-15 03:00:00,30.0,30.94489499178135,0.9448949917813501,0.9448949917813501,3,6,2,Winter
2026-02-15 04:00:00,33.3,34.07347322241762,0.7734732224176213,0.7734732224176213,4,6,2,Winter
2026-02-15 05:00:00,39.8,36.314353439594214,-3.485646560405783,3.485646560405783,5,6,2,Winter
2026-02-15 06:00:00,28.0,34.4145807338425,6.414580733842499,6.414580733842499,6,6,2,Winter
2026-02-15 07:00:00,41.5,39.51278442459864,-1.9872155754013576,1.9872155754013576,7,6,2,Winter
2026-02-15 08:00:00,39.8,41.37684980956251,1.5768498095625105,1.5768498095625105,8,6,2,Winter
2026-02-15 09:00:00,39.1,41.02344348886674,1.923443488866738,1.923443488866738,9,6,2,Winter
2026-02-15 10:00:00,45.4,44.1617839814668,-1.2382160185332012,1.2382160185332012,10,6,2,Winter
2026-02-15 11:00:00,49.8,48.33335399694858,-1.466646003051416,1.466646003051416,11,6,2,Winter
2026-02-15 12:00:00,49.3,48.33104742203378,-0.9689525779662205,0.9689525779662205,12,6,2,Winter
2026-02-15 13:00:00,44.3,45.345590913909625,1.0455909139096278,1.0455909139096278,13,6,2,Winter
2026-02-15 14:00:00,47.5,45.84158255460828,-1.65841744539172,1.65841744539172,14,6,2,Winter
2026-02-15 15:00:00,46.2,45.79642495676063,-0.4035750432393712,0.4035750432393712,15,6,2,Winter
2026-02-15 16:00:00,40.8,41.61217960157212,0.8121796015721259,0.8121796015721259,16,6,2,Winter
2026-02-15 17:00:00,36.4,38.27849495587607,1.8784949558760715,1.8784949558760715,17,6,2,Winter
2026-02-15 18:00:00,34.6,35.837089432135436,1.2370894321354342,1.2370894321354342,18,6,2,Winter
2026-02-15 19:00:00,38.4,37.49268058658735,-0.907319413412651,0.907319413412651,19,6,2,Winter
2026-02-15 20:00:00,32.9,32.81756623643583,-0.08243376356416832,0.08243376356416832,20,6,2,Winter
2026-02-15 21:00:00,27.3,29.496145747942485,2.1961457479424844,2.1961457479424844,21,6,2,Winter
2026-02-15 22:00:00,23.4,26.782059096755933,3.3820590967559347,3.3820590967559347,22,6,2,Winter
2026-02-15 23:00:00,32.7,29.325375663676247,-3.3746243363237554,3.3746243363237554,23,6,2,Winter
2026-02-16 00:00:00,32.0,32.77486478435725,0.7748647843572485,0.7748647843572485,0,0,2,Winter
2026-02-16 01:00:00,35.8,34.76559531479239,-1.0344046852076048,1.0344046852076048,1,0,2,Winter
2026-02-16 02:00:00,40.3,37.071775607546755,-3.2282243924532423,3.2282243924532423,2,0,2,Winter
2026-02-16 03:00:00,31.3,34.0886827758523,2.7886827758522976,2.7886827758522976,3,0,2,Winter
2026-02-16 04:00:00,38.1,38.54070155939372,0.440701559393716,0.440701559393716,4,0,2,Winter
2026-02-16 05:00:00,39.5,40.14167994144377,0.641679941443769,0.641679941443769,5,0,2,Winter
2026-02-16 06:00:00,43.8,42.90727242800314,-0.8927275719968577,0.8927275719968577,6,0,2,Winter
2026-02-16 07:00:00,49.3,45.17415198070629,-4.125848019293706,4.125848019293706,7,0,2,Winter
2026-02-16 08:00:00,40.9,44.867015822226335,3.9670158222263368,3.9670158222263368,8,0,2,Winter
2026-02-16 09:00:00,50.2,48.271366202854296,-1.9286337971457073,1.9286337971457073,9,0,2,Winter
2026-02-16 10:00:00,53.3,51.350523381448,-1.9494766185519978,1.9494766185519978,10,0,2,Winter
2026-02-16 11:00:00,49.2,48.83177617448029,-0.36822382551971344,0.36822382551971344,11,0,2,Winter
2026-02-16 12:00:00,49.7,49.79949940750943,0.09949940750942687,0.09949940750942687,12,0,2,Winter
2026-02-16 13:00:00,51.6,50.922180494670066,-0.6778195053299356,0.6778195053299356,13,0,2,Winter
2026-02-16 14:00:00,50.5,50.45943334469675,-0.040566655303251764,0.040566655303251764,14,0,2,Winter
2026-02-16 15:00:00,50.2,49.428994648543544,-0.7710053514564592,0.7710053514564592,15,0,2,Winter
2026-02-16 16:00:00,48.5,47.16771240817105,-1.3322875918289512,1.3322875918289512,16,0,2,Winter
2026-02-16 17:00:00,40.4,42.18541295724918,1.7854129572491786,1.7854129572491786,17,0,2,Winter
2026-02-16 18:00:00,46.2,43.4748812704213,-2.7251187295787034,2.7251187295787034,18,0,2,Winter
2026-02-16 19:00:00,44.8,41.329436634439844,-3.470563365560153,3.470563365560153,19,0,2,Winter
2026-02-16 20:00:00,39.0,37.965297919499854,-1.0347020805001463,1.0347020805001463,20,0,2,Winter
2026-02-16 21:00:00,30.6,34.8167149327731,4.216714932773101,4.216714932773101,21,0,2,Winter
2026-02-16 22:00:00,34.8,35.5663959919153,0.7663959919153029,0.7663959919153029,22,0,2,Winter
2026-02-16 23:00:00,35.3,34.96918902388453,-0.3308109761154654,0.3308109761154654,23,0,2,Winter
2026-02-17 00:00:00,29.8,31.702381171988275,1.9023811719882744,1.9023811719882744,0,1,2,Winter
2026-02-17 01:00:00,33.2,34.42065712805177,1.2206571280517693,1.2206571280517693,1,1,2,Winter
2026-02-17 02:00:00,29.8,33.04770117371431,3.247701173714308,3.247701173714308,2,1,2,Winter
2026-02-17 03:00:00,39.1,36.95437795756957,-2.145622042430432,2.145622042430432,3,1,2,Winter
2026-02-17 04:00:00,39.0,37.29096109213898,-1.7090389078610215,1.7090389078610215,4,1,2,Winter
2026-02-17 05:00:00,33.7,37.74911436156355,4.0491143615635465,4.0491143615635465,5,1,2,Winter
2026-02-17 06:00:00,43.8,41.508286888895704,-2.2917131111042934,2.2917131111042934,6,1,2,Winter
2026-02-17 07:00:00,44.2,44.34479664909924,0.1447966490992343,0.1447966490992343,7,1,2,Winter
2026-02-17 08:00:00,48.4,45.73827250630584,-2.6617274936941584,2.6617274936941584,8,1,2,Winter
2026-02-17 09:00:00,46.4,48.14521402993414,1.7452140299341394,1.7452140299341394,9,1,2,Winter
2026-02-17 10:00:00,46.1,48.27283583626305,2.1728358362630473,2.1728358362630473,10,1,2,Winter
2026-02-17 11:00:00,47.0,48.775896010081205,1.7758960100812047,1.7758960100812047,11,1,2,Winter
2026-02-17 12:00:00,48.2,50.71211507254593,2.5121150725459245,2.5121150725459245,12,1,2,Winter
2026-02-17 13:00:00,50.2,48.64041456816492,-1.5595854318350817,1.5595854318350817,13,1,2,Winter
2026-02-17 14:00:00,49.9,49.348549224746456,-0.5514507752535422,0.5514507752535422,14,1,2,Winter
2026-02-17 15:00:00,47.2,48.19759349689523,0.9975934968952274,0.9975934968952274,15,1,2,Winter
2026-02-17 16:00:00,44.7,45.540996339691226,0.8409963396912232,0.8409963396912232,16,1,2,Winter
2026-02-17 17:00:00,43.0,43.25484461268252,0.25484461268251835,0.25484461268251835,17,1,2,Winter
2026-02-17 18:00:00,52.4,45.47199985934649,-6.928000140653509,6.928000140653509,18,1,2,Winter
2026-02-17 19:00:00,37.2,39.75069989682046,2.550699896820454,2.550699896820454,19,1,2,Winter
2026-02-17 20:00:00,36.1,38.72489926669297,2.624899266692971,2.624899266692971,20,1,2,Winter
2026-02-17 21:00:00,49.9,41.25727470870289,-8.642725291297111,8.642725291297111,21,1,2,Winter
2026-02-17 22:00:00,37.1,36.423559885130054,-0.6764401148699477,0.6764401148699477,22,1,2,Winter
2026-02-17 23:00:00,29.1,32.24456243737943,3.1445624373794274,3.1445624373794274,23,1,2,Winter
2026-02-18 00:00:00,37.8,36.53953245930323,-1.2604675406967658,1.2604675406967658,0,2,2,Winter
2026-02-18 01:00:00,31.1,33.192645103859135,2.092645103859134,2.092645103859134,1,2,2,Winter
2026-02-18 02:00:00,39.2,36.98246314222884,-2.217536857771165,2.217536857771165,2,2,2,Winter
2026-02-18 03:00:00,36.0,36.60105995800444,0.6010599580044413,0.6010599580044413,3,2,2,Winter
2026-02-18 04:00:00,36.7,38.13951090766903,1.4395109076690247,1.4395109076690247,4,2,2,Winter
2026-02-18 05:00:00,46.8,43.70969497875364,-3.0903050212463583,3.0903050212463583,5,2,2,Winter
2026-02-18 06:00:00,44.7,43.21059746086248,-1.4894025391375223,1.4894025391375223,6,2,2,Winter
2026-02-18 07:00:00,48.4,46.2355016612044,-2.164498338795596,2.164498338795596,7,2,2,Winter
2026-02-18 08:00:00,48.2,47.83934235801708,-0.36065764198292527,0.36065764198292527,8,2,2,Winter
2026-02-18 09:00:00,46.3,47.60935060300247,1.3093506030024713,1.3093506030024713,9,2,2,Winter
2026-02-18 10:00:00,51.8,50.92890025913777,-0.8710997408622276,0.8710997408622276,10,2,2,Winter
2026-02-18 11:00:00,55.0,53.55758555753598,-1.4424144424640204,1.4424144424640204,11,2,2,Winter
2026-02-18 12:00:00,51.0,52.017154574358145,1.0171545743581447,1.0171545743581447,12,2,2,Winter
2026-02-18 13:00:00,57.4,53.97450075296028,-3.425499247039717,3.425499247039717,13,2,2,Winter
2026-02-18 14:00:00,52.8,53.56552967352619,0.7655296735261956,0.7655296735261956,14,2,2,Winter
2026-02-18 15:00:00,49.0,49.9083943645938,0.9083943645938035,0.9083943645938035,15,2,2,Winter
2026-02-18 16:00:00,47.5,47.60984941629665,0.10984941629664746,0.10984941629664746,16,2,2,Winter
2026-02-18 17:00:00,45.1,45.21506282833326,0.11506282833325798,0.11506282833325798,17,2,2,Winter
2026-02-18 18:00:00,37.5,40.73111176549686,3.2311117654968626,3.2311117654968626,18,2,2,Winter
2026-02-18 19:00:00,40.0,39.76210344470526,-0.2378965552947392,0.2378965552947392,19,2,2,Winter
2026-02-18 20:00:00,39.4,38.643206275686346,-0.7567937243136527,0.7567937243136527,20,2,2,Winter
2026-02-18 21:00:00,35.1,36.63112304022548,1.5311230402254807,1.5311230402254807,21,2,2,Winter
2026-02-18 22:00:00,36.9,36.54930307584604,-0.3506969241539579,0.3506969241539579,22,2,2,Winter
2026-02-18 23:00:00,34.8,35.71707057869277,0.9170705786927726,0.9170705786927726,23,2,2,Winter
2026-02-19 00:00:00,37.7,35.50085394503539,-2.199146054964615,2.199146054964615,0,3,2,Winter
2026-02-19 01:00:00,37.5,36.1466967905064,-1.3533032094936033,1.3533032094936033,1,3,2,Winter
2026-02-19 02:00:00,36.3,35.8237347819213,-0.4762652180786944,0.4762652180786944,2,3,2,Winter
2026-02-19 03:00:00,31.5,34.53906994601771,3.0390699460177117,3.0390699460177117,3,3,2,Winter
2026-02-19 04:00:00,45.7,40.14304362285586,-5.5569563771441395,5.5569563771441395,4,3,2,Winter
2026-02-19 05:00:00,39.9,41.08911118298378,1.1891111829837797,1.1891111829837797,5,3,2,Winter
2026-02-19 06:00:00,42.3,43.21636628565134,0.9163662856513426,0.9163662856513426,6,3,2,Winter
2026-02-19 07:00:00,43.3,44.27409316402463,0.9740931640246302,0.9740931640246302,7,3,2,Winter
2026-02-19 08:00:00,44.6,47.61016430440817,3.010164304408171,3.010164304408171,8,3,2,Winter
2026-02-19 09:00:00,54.4,49.68847182723227,-4.7115281727677285,4.7115281727677285,9,3,2,Winter
2026-02-19 10:00:00,55.1,50.4878236278999,-4.612176372100102,4.612176372100102,10,3,2,Winter
2026-02-19 11:00:00,52.1,52.34970354775965,0.2497035477596512,0.2497035477596512,11,3,2,Winter
2026-02-19 12:00:00,50.2,51.352117090526946,1.1521170905269429,1.1521170905269429,12,3,2,Winter
2026-02-19 13:00:00,52.8,52.23495548046992,-0.5650445195300762,0.5650445195300762,13,3,2,Winter
2026-02-19 14:00:00,49.8,50.39399789633903,0.5939978963390331,0.5939978963390331,14,3,2,Winter
2026-02-19 15:00:00,47.5,47.96306021082737,0.46306021082737203,0.46306021082737203,15,3,2,Winter
2026-02-19 16:00:00,47.9,46.57088301616236,-1.3291169838376362,1.3291169838376362,16,3,2,Winter
2026-02-19 17:00:00,42.9,42.308748463798544,-0.5912515362014545,0.5912515362014545,17,3,2,Winter
2026-02-19 18:00:00,43.6,44.17609121610574,0.5760912161057377,0.5760912161057377,18,3,2,Winter
2026-02-19 19:00:00,41.3,41.25368293224796,-0.04631706775203526,0.04631706775203526,19,3,2,Winter
2026-02-19 20:00:00,41.0,40.172670047688584,-0.8273299523114162,0.8273299523114162,20,3,2,Winter
2026-02-19 21:00:00,34.4,35.82463040087038,1.4246304008703845,1.4246304008703845,21,3,2,Winter
2026-02-19 22:00:00,38.5,36.49511815683671,-2.0048818431632895,2.0048818431632895,22,3,2,Winter
2026-02-19 23:00:00,31.2,32.14824561953743,0.9482456195374276,0.9482456195374276,23,3,2,Winter
2026-02-20 00:00:00,32.4,33.75149030983904,1.3514903098390434,1.3514903098390434,0,4,2,Winter
2026-02-20 01:00:00,32.9,34.117558758298536,1.2175587582985372,1.2175587582985372,1,4,2,Winter
2026-02-20 02:00:00,31.5,34.23959888901144,2.7395988890114396,2.7395988890114396,2,4,2,Winter
2026-02-20 03:00:00,41.1,37.68075546587783,-3.4192445341221713,3.4192445341221713,3,4,2,Winter
2026-02-20 04:00:00,34.8,38.25161632715845,3.4516163271584546,3.4516163271584546,4,4,2,Winter
2026-02-20 05:00:00,37.8,41.21040682670908,3.4104068267090852,3.4104068267090852,5,4,2,Winter
2026-02-20 06:00:00,47.7,43.915181016597856,-3.784818983402147,3.784818983402147,6,4,2,Winter
2026-02-20 07:00:00,42.5,42.39263030923194,-0.10736969076805991,0.10736969076805991,7,4,2,Winter
2026-02-20 08:00:00,45.9,45.61399580449225,-0.2860041955077506,0.2860041955077506,8,4,2,Winter
2026-02-20 09:00:00,44.3,48.2426273742782,3.942627374278203,3.942627374278203,9,4,2,Winter
2026-02-20 10:00:00,53.0,50.977566375141436,-2.0224336248585644,2.0224336248585644,10,4,2,Winter
2026-02-20 11:00:00,53.8,52.376097805682186,-1.4239021943178116,1.4239021943178116,11,4,2,Winter
2026-02-20 12:00:00,53.6,53.070172799798655,-0.5298272002013462,0.5298272002013462,12,4,2,Winter
2026-02-20 13:00:00,52.6,52.170273830412064,-0.4297261695879371,0.4297261695879371,13,4,2,Winter
2026-02-20 14:00:00,49.9,50.443624679344715,0.5436246793447168,0.5436246793447168,14,4,2,Winter
2026-02-20 15:00:00,46.3,47.90315282911223,1.6031528291122328,1.6031528291122328,15,4,2,Winter
2026-02-20 16:00:00,43.4,46.25520064858827,2.855200648588273,2.855200648588273,16,4,2,Winter
2026-02-20 17:00:00,49.9,45.796491940134885,-4.1035080598651135,4.1035080598651135,17,4,2,Winter
2026-02-20 18:00:00,45.8,45.28920950598212,-0.5107904940178756,0.5107904940178756,18,4,2,Winter
2026-02-20 19:00:00,37.9,39.828794414756636,1.9287944147566378,1.9287944147566378,19,4,2,Winter
2026-02-20 20:00:00,38.9,39.162019576500995,0.2620195765009967,0.2620195765009967,20,4,2,Winter
2026-02-20 21:00:00,35.8,35.90654375382443,0.10654375382443249,0.10654375382443249,21,4,2,Winter
2026-02-20 22:00:00,31.3,33.437614086149146,2.1376140861491457,2.1376140861491457,22,4,2,Winter
2026-02-20 23:00:00,35.7,35.31394363226571,-0.386056367734291,0.386056367734291,23,4,2,Winter
2026-02-21 00:00:00,28.1,29.479678176885862,1.3796781768858608,1.3796781768858608,0,5,2,Winter
2026-02-21 01:00:00,26.3,28.289888845094467,1.989888845094466,1.989888845094466,1,5,2,Winter
2026-02-21 02:00:00,25.0,28.541451064918352,3.541451064918352,3.541451064918352,2,5,2,Winter
2026-02-21 03:00:00,25.9,28.013002425011123,2.113002425011125,2.113002425011125,3,5,2,Winter
2026-02-21 04:00:00,32.3,32.721703362461945,0.4217033624619475,0.4217033624619475,4,5,2,Winter
2026-02-21 05:00:00,35.4,35.07794336671845,-0.322056633281548,0.322056633281548,5,5,2,Winter
2026-02-21 06:00:00,34.3,36.43429905038437,2.134299050384371,2.134299050384371,6,5,2,Winter
2026-02-21 07:00:00,42.5,39.90258044869213,-2.5974195513078726,2.5974195513078726,7,5,2,Winter
2026-02-21 08:00:00,41.5,41.331957059681116,-0.1680429403188839,0.1680429403188839,8,5,2,Winter
2026-02-21 09:00:00,45.8,43.26301628557137,-2.5369837144286294,2.5369837144286294,9,5,2,Winter
2026-02-21 10:00:00,44.0,43.12994798522456,-0.8700520147754389,0.8700520147754389,10,5,2,Winter
2026-02-21 11:00:00,42.4,43.72510682288184,1.3251068228818426,1.3251068228818426,11,5,2,Winter
2026-02-21 12:00:00,46.3,45.049813131281056,-1.2501868687189415,1.2501868687189415,12,5,2,Winter
2026-02-21 13:00:00,40.5,43.81497271464528,3.314972714645279,3.314972714645279,13,5,2,Winter
2026-02-21 14:00:00,46.9,45.28864402083149,-1.6113559791685077,1.6113559791685077,14,5,2,Winter
2026-02-21 15:00:00,39.7,41.680710748362074,1.9807107483620712,1.9807107483620712,15,5,2,Winter
2026-02-21 16:00:00,45.5,43.694493340814255,-1.8055066591857454,1.8055066591857454,16,5,2,Winter
2026-02-21 17:00:00,38.5,40.12364573118906,1.6236457311890575,1.6236457311890575,17,5,2,Winter
2026-02-21 18:00:00,42.1,39.19999536724098,-2.900004632759021,2.900004632759021,18,5,2,Winter
2026-02-21 19:00:00,31.2,34.27026909649658,3.0702690964965775,3.0702690964965775,19,5,2,Winter
2026-02-21 20:00:00,31.1,33.51553423321852,2.4155342332185157,2.4155342332185157,20,5,2,Winter
2026-02-21 21:00:00,33.7,34.53062285959922,0.8306228595992167,0.8306228595992167,21,5,2,Winter
2026-02-21 22:00:00,35.6,33.58124662198245,-2.01875337801755,2.01875337801755,22,5,2,Winter
2026-02-21 23:00:00,36.7,32.090525999129156,-4.609474000870847,4.609474000870847,23,5,2,Winter
2026-02-22 00:00:00,30.1,30.67312821825709,0.5731282182570894,0.5731282182570894,0,6,2,Winter
2026-02-22 01:00:00,37.5,33.91618554669252,-3.5838144533074825,3.5838144533074825,1,6,2,Winter
2026-02-22 02:00:00,29.8,30.637099178743803,0.8370991787438022,0.8370991787438022,2,6,2,Winter
2026-02-22 03:00:00,36.6,33.854160392591,-2.7458396074090032,2.7458396074090032,3,6,2,Winter
2026-02-22 04:00:00,30.1,31.630540994259633,1.5305409942596313,1.5305409942596313,4,6,2,Winter
2026-02-22 05:00:00,37.5,36.30123866990253,-1.1987613300974687,1.1987613300974687,5,6,2,Winter
2026-02-22 06:00:00,28.5,32.253621488912934,3.753621488912934,3.753621488912934,6,6,2,Winter
2026-02-22 07:00:00,35.5,37.60196768188455,2.1019676818845525,2.1019676818845525,7,6,2,Winter
2026-02-22 08:00:00,43.8,41.38404019143885,-2.415959808561148,2.415959808561148,8,6,2,Winter
2026-02-22 09:00:00,38.3,38.93972349402186,0.6397234940218652,0.6397234940218652,9,6,2,Winter
2026-02-22 10:00:00,46.5,44.97166780244022,-1.5283321975597772,1.5283321975597772,10,6,2,Winter
2026-02-22 11:00:00,49.3,46.80070772915768,-2.499292270842318,2.499292270842318,11,6,2,Winter
2026-02-22 12:00:00,43.9,45.279534324225374,1.379534324225375,1.379534324225375,12,6,2,Winter
2026-02-22 13:00:00,41.8,43.19649524625006,1.396495246250062,1.396495246250062,13,6,2,Winter
2026-02-22 14:00:00,42.9,45.179064709486596,2.2790647094865975,2.2790647094865975,14,6,2,Winter
2026-02-22 15:00:00,39.7,41.13717247724606,1.4371724772460581,1.4371724772460581,15,6,2,Winter
2026-02-22 16:00:00,41.5,41.69216560186131,0.19216560186131204,0.19216560186131204,16,6,2,Winter
2026-02-22 17:00:00,40.4,39.73258681589754,-0.6674131841024575,0.6674131841024575,17,6,2,Winter
2026-02-22 18:00:00,36.7,37.800433784242884,1.100433784242881,1.100433784242881,18,6,2,Winter
2026-02-22 19:00:00,42.5,37.62447202188726,-4.875527978112743,4.875527978112743,19,6,2,Winter
2026-02-22 20:00:00,31.0,32.61772173733438,1.617721737334378,1.617721737334378,20,6,2,Winter
2026-02-22 21:00:00,37.8,34.30071328536173,-3.4992867146382665,3.4992867146382665,21,6,2,Winter
2026-02-22 22:00:00,26.8,28.467220788040883,1.6672207880408827,1.6672207880408827,22,6,2,Winter
2026-02-22 23:00:00,30.5,31.286915317265606,0.7869153172656063,0.7869153172656063,23,6,2,Winter
2026-02-23 00:00:00,39.7,37.13726928225331,-2.562730717746696,2.562730717746696,0,0,2,Winter
2026-02-23 01:00:00,39.8,37.79234592370564,-2.007654076294358,2.007654076294358,1,0,2,Winter
2026-02-23 02:00:00,34.4,36.09136447273213,1.6913644727321326,1.6913644727321326,2,0,2,Winter
2026-02-23 03:00:00,39.6,38.91700342655545,-0.682996573444548,0.682996573444548,3,0,2,Winter
2026-02-23 04:00:00,40.7,39.72827342646301,-0.9717265735369907,0.9717265735369907,4,0,2,Winter
2026-02-23 05:00:00,38.8,40.961720822070866,2.161720822070869,2.161720822070869,5,0,2,Winter
2026-02-23 06:00:00,45.5,44.54680685546562,-0.9531931445343815,0.9531931445343815,6,0,2,Winter
2026-02-23 07:00:00,52.5,47.57571791393587,-4.924282086064132,4.924282086064132,7,0,2,Winter
2026-02-23 08:00:00,48.9,48.36083323776528,-0.5391667622347214,0.5391667622347214,8,0,2,Winter
2026-02-23 09:00:00,50.9,50.328954442224195,-0.571045557775804,0.571045557775804,9,0,2,Winter
2026-02-23 10:00:00,52.6,51.22633647126524,-1.3736635287347596,1.3736635287347596,10,0,2,Winter
2026-02-23 11:00:00,44.9,49.307259968091145,4.407259968091147,4.407259968091147,11,0,2,Winter
2026-02-23 12:00:00,52.9,51.588619930312376,-1.3113800696876226,1.3113800696876226,12,0,2,Winter
2026-02-23 13:00:00,46.7,48.44549341450274,1.7454934145027394,1.7454934145027394,13,0,2,Winter
2026-02-23 14:00:00,47.6,49.878084510309364,2.2780845103093625,2.2780845103093625,14,0,2,Winter
2026-02-23 15:00:00,57.3,51.67469754005498,-5.6253024599450185,5.6253024599450185,15,0,2,Winter
2026-02-23 16:00:00,46.0,46.34060565683023,0.3406056568302276,0.3406056568302276,16,0,2,Winter
2026-02-23 17:00:00,42.1,43.83549631769608,1.7354963176960752,1.7354963176960752,17,0,2,Winter
2026-02-23 18:00:00,47.6,43.719701437053054,-3.8802985629469475,3.8802985629469475,18,0,2,Winter
2026-02-23 19:00:00,37.2,39.39540650674926,2.195406506749258,2.195406506749258,19,0,2,Winter
2026-02-23 20:00:00,37.2,38.97479376271015,1.7747937627101464,1.7747937627101464,20,0,2,Winter
2026-02-23 21:00:00,42.4,38.99246094370055,-3.4075390562994485,3.4075390562994485,21,0,2,Winter
2026-02-23 22:00:00,36.3,37.00211253077508,0.7021125307750822,0.7021125307750822,22,0,2,Winter
2026-02-23 23:00:00,29.0,34.76351049890965,5.763510498909653,5.763510498909653,23,0,2,Winter
2026-02-24 00:00:00,37.3,36.22391137045704,-1.0760886295429586,1.0760886295429586,0,1,2,Winter
2026-02-24 01:00:00,33.8,34.35904087306017,0.5590408730601695,0.5590408730601695,1,1,2,Winter
2026-02-24 02:00:00,42.3,37.77605635700662,-4.52394364299338,4.52394364299338,2,1,2,Winter
2026-02-24 03:00:00,35.0,37.12405131222368,2.1240513122236777,2.1240513122236777,3,1,2,Winter
2026-02-24 04:00:00,43.3,39.99495223727025,-3.3050477627297496,3.3050477627297496,4,1,2,Winter
2026-02-24 05:00:00,48.1,42.48950113498787,-5.610498865012133,5.610498865012133,5,1,2,Winter
2026-02-24 06:00:00,39.7,40.36759332356479,0.6675933235647875,0.6675933235647875,6,1,2,Winter
2026-02-24 07:00:00,44.4,45.50809648146014,1.1080964814601444,1.1080964814601444,7,1,2,Winter
2026-02-24 08:00:00,48.7,48.17156935090787,-0.5284306490921296,0.5284306490921296,8,1,2,Winter
2026-02-24 09:00:00,45.3,48.581713592996515,3.2817135929965175,3.2817135929965175,9,1,2,Winter
2026-02-24 10:00:00,51.1,50.156895794083525,-0.9431042059164767,0.9431042059164767,10,1,2,Winter
2026-02-24 11:00:00,49.9,50.80264098972585,0.9026409897258532,0.9026409897258532,11,1,2,Winter
2026-02-24 12:00:00,50.1,51.293925085991134,1.1939250859911326,1.1939250859911326,12,1,2,Winter
2026-02-24 13:00:00,51.0,51.241495309922314,0.24149530992231405,0.24149530992231405,13,1,2,Winter
2026-02-24 14:00:00,50.3,51.18415432183783,0.8841543218378334,0.8841543218378334,14,1,2,Winter
2026-02-24 15:00:00,49.4,49.90821319826276,0.5082131982627587,0.5082131982627587,15,1,2,Winter
2026-02-24 16:00:00,44.7,46.44676618598134,1.7467661859813362,1.7467661859813362,16,1,2,Winter
2026-02-24 17:00:00,43.0,43.58004818221563,0.5800481822156272,0.5800481822156272,17,1,2,Winter
2026-02-24 18:00:00,42.6,42.82681681515878,0.22681681515877727,0.22681681515877727,18,1,2,Winter
2026-02-24 19:00:00,40.9,40.70985073690386,-0.19014926309613855,0.19014926309613855,19,1,2,Winter
2026-02-24 20:00:00,37.4,37.860855873821876,0.46085587382187754,0.46085587382187754,20,1,2,Winter
2026-02-24 21:00:00,38.8,37.831161752769844,-0.9688382472301527,0.9688382472301527,21,1,2,Winter
2026-02-24 22:00:00,28.9,33.60470504224132,4.704705042241322,4.704705042241322,22,1,2,Winter
2026-02-24 23:00:00,32.5,34.80108510837024,2.3010851083702377,2.3010851083702377,23,1,2,Winter
2026-02-25 00:00:00,34.1,34.90816338086522,0.8081633808652171,0.8081633808652171,0,2,2,Winter
2026-02-25 01:00:00,32.1,33.94361063439043,1.84361063439043,1.84361063439043,1,2,2,Winter
2026-02-25 02:00:00,42.8,38.12098084527474,-4.67901915472526,4.67901915472526,2,2,2,Winter
2026-02-25 03:00:00,37.6,36.64684398610263,-0.9531560138973703,0.9531560138973703,3,2,2,Winter
2026-02-25 04:00:00,39.9,39.18153892092203,-0.7184610790779686,0.7184610790779686,4,2,2,Winter
2026-02-25 05:00:00,39.2,41.50338495706981,2.3033849570698095,2.3033849570698095,5,2,2,Winter
2026-02-25 06:00:00,43.2,42.413669066967124,-0.7863309330328789,0.7863309330328789,6,2,2,Winter
2026-02-25 07:00:00,40.4,42.70958541467101,2.3095854146710124,2.3095854146710124,7,2,2,Winter
2026-02-25 08:00:00,46.5,46.783371466975424,0.28337146697542437,0.28337146697542437,8,2,2,Winter
2026-02-25 09:00:00,45.1,46.87370984803543,1.7737098480354305,1.7737098480354305,9,2,2,Winter
2026-02-25 10:00:00,49.0,49.56293420014357,0.5629342001435731,0.5629342001435731,10,2,2,Winter
2026-02-25 11:00:00,40.7,46.56486966158572,5.864869661585715,5.864869661585715,11,2,2,Winter
2026-02-25 12:00:00,46.7,48.9579891552178,2.2579891552177997,2.2579891552177997,12,2,2,Winter
2026-02-25 13:00:00,56.8,53.24250945984765,-3.557490540152344,3.557490540152344,13,2,2,Winter
2026-02-25 14:00:00,53.5,52.03917284595031,-1.4608271540496887,1.4608271540496887,14,2,2,Winter
2026-02-25 15:00:00,54.1,50.91259301794341,-3.1874069820565936,3.1874069820565936,15,2,2,Winter
2026-02-25 16:00:00,52.8,50.81962904863364,-1.9803709513663605,1.9803709513663605,16,2,2,Winter
2026-02-25 17:00:00,48.0,46.95921385776793,-1.040786142232072,1.040786142232072,17,2,2,Winter
2026-02-25 18:00:00,41.4,42.34853900773508,0.9485390077350786,0.9485390077350786,18,2,2,Winter
2026-02-25 19:00:00,37.0,37.488141606292906,0.48814160629290626,0.48814160629290626,19,2,2,Winter
2026-02-25 20:00:00,43.8,41.44775076074107,-2.3522492392589243,2.3522492392589243,20,2,2,Winter
2026-02-25 21:00:00,37.8,38.58858183306411,0.7885818330641143,0.7885818330641143,21,2,2,Winter
2026-02-25 22:00:00,46.3,41.172714410934496,-5.127285589065501,5.127285589065501,22,2,2,Winter
2026-02-25 23:00:00,34.0,35.06403606691213,1.0640360669121307,1.0640360669121307,23,2,2,Winter
2026-02-26 00:00:00,43.2,38.162392710932366,-5.037607289067637,5.037607289067637,0,3,2,Winter
2026-02-26 01:00:00,35.0,37.372610443151565,2.372610443151565,2.372610443151565,1,3,2,Winter
2026-02-26 02:00:00,41.7,39.495624053076654,-2.2043759469233493,2.2043759469233493,2,3,2,Winter
2026-02-26 03:00:00,44.4,40.93332503753176,-3.4666749624682396,3.4666749624682396,3,3,2,Winter
2026-02-26 04:00:00,35.2,38.285735275512195,3.0857352755121923,3.0857352755121923,4,3,2,Winter
2026-02-26 05:00:00,39.3,39.93339931760777,0.6333993176077755,0.6333993176077755,5,3,2,Winter
2026-02-26 06:00:00,39.2,40.757621735302386,1.5576217353023836,1.5576217353023836,6,3,2,Winter
2026-02-26 07:00:00,40.5,43.41500022922609,2.915000229226088,2.915000229226088,7,3,2,Winter
2026-02-26 08:00:00,50.0,46.60574834750902,-3.394251652490979,3.394251652490979,8,3,2,Winter
2026-02-26 09:00:00,48.2,48.02652647139973,-0.17347352860027598,0.17347352860027598,9,3,2,Winter
2026-02-26 10:00:00,50.4,51.105488738974515,0.7054887389745161,0.7054887389745161,10,3,2,Winter
2026-02-26 11:00:00,53.3,51.68590543076811,-1.614094569231888,1.614094569231888,11,3,2,Winter
2026-02-26 12:00:00,43.9,49.236759458057556,5.336759458057557,5.336759458057557,12,3,2,Winter
2026-02-26 13:00:00,56.2,53.84996317860985,-2.3500368213901552,2.3500368213901552,13,3,2,Winter
2026-02-26 14:00:00,48.8,51.08325940379428,2.2832594037942826,2.2832594037942826,14,3,2,Winter
2026-02-26 15:00:00,51.1,50.07479450715383,-1.025205492846169,1.025205492846169,15,3,2,Winter
2026-02-26 16:00:00,49.8,48.830454174391214,-0.9695458256087832,0.9695458256087832,16,3,2,Winter
2026-02-26 17:00:00,50.9,45.90062824853244,-4.999371751467557,4.999371751467557,17,3,2,Winter
2026-02-26 18:00:00,42.9,43.86905511816167,0.9690551181616698,0.9690551181616698,18,3,2,Winter
2026-02-26 19:00:00,32.7,36.97043430960732,4.270434309607317,4.270434309607317,19,3,2,Winter
2026-02-26 20:00:00,39.5,38.95093240005296,-0.5490675999470369,0.5490675999470369,20,3,2,Winter
2026-02-26 21:00:00,38.5,37.330170715393415,-1.1698292846065854,1.1698292846065854,21,3,2,Winter
2026-02-26 22:00:00,32.2,34.88767805935937,2.6876780593593637,2.6876780593593637,22,3,2,Winter
2026-02-26 23:00:00,36.2,35.28106689809772,-0.9189331019022831,0.9189331019022831,23,3,2,Winter
2026-02-27 00:00:00,34.0,35.24540828772681,1.2454082877268107,1.2454082877268107,0,4,2,Winter
2026-02-27 01:00:00,30.3,33.431895222750306,3.1318952227503054,3.1318952227503054,1,4,2,Winter
2026-02-27 02:00:00,39.2,37.41579932036702,-1.7842006796329812,1.7842006796329812,2,4,2,Winter
2026-02-27 03:00:00,35.5,37.3836428342494,1.8836428342494003,1.8836428342494003,3,4,2,Winter
2026-02-27 04:00:00,37.8,37.03743743430265,-0.762562565697344,0.762562565697344,4,4,2,Winter
2026-02-27 05:00:00,39.5,40.9402076094537,1.4402076094537009,1.4402076094537009,5,4,2,Winter
2026-02-27 06:00:00,48.3,45.09073005058257,-3.2092699494174255,3.2092699494174255,6,4,2,Winter
2026-02-27 07:00:00,45.3,43.84998222440923,-1.4500177755907657,1.4500177755907657,7,4,2,Winter
2026-02-27 08:00:00,47.7,48.017110696064506,0.3171106960645034,0.3171106960645034,8,4,2,Winter
2026-02-27 09:00:00,47.3,48.45174592994534,1.151745929945342,1.151745929945342,9,4,2,Winter
2026-02-27 10:00:00,52.2,52.48964117151819,0.28964117151818414,0.28964117151818414,10,4,2,Winter
2026-02-27 11:00:00,56.5,52.97721663562712,-3.522783364372877,3.522783364372877,11,4,2,Winter
2026-02-27 12:00:00,54.0,51.86458831969891,-2.1354116803010896,2.1354116803010896,12,4,2,Winter
2026-02-27 13:00:00,53.9,51.80244004160566,-2.097559958394342,2.097559958394342,13,4,2,Winter
2026-02-27 14:00:00,52.8,52.45980396705882,-0.3401960329411793,0.3401960329411793,14,4,2,Winter
2026-02-27 15:00:00,43.5,46.92216974887986,3.4221697488798597,3.4221697488798597,15,4,2,Winter
2026-02-27 16:00:00,43.9,45.13099363333917,1.2309936333391747,1.2309936333391747,16,4,2,Winter
2026-02-27 17:00:00,44.7,44.26546993253022,-0.4345300674697796,0.4345300674697796,17,4,2,Winter
2026-02-27 18:00:00,40.5,40.532929854163044,0.032929854163043615,0.032929854163043615,18,4,2,Winter
2026-02-27 19:00:00,37.1,38.024049876774235,0.9240498767742338,0.9240498767742338,19,4,2,Winter
2026-02-27 20:00:00,31.9,37.24344217662573,5.343442176625729,5.343442176625729,20,4,2,Winter
2026-02-27 21:00:00,32.4,35.77395692334754,3.373956923347542,3.373956923347542,21,4,2,Winter
2026-02-27 22:00:00,35.5,34.42182973912017,-1.0781702608798298,1.0781702608798298,22,4,2,Winter
2026-02-27 23:00:00,35.4,33.98783461732069,-1.4121653826793121,1.4121653826793121,23,4,2,Winter
2026-02-28 00:00:00,27.3,29.106750299092113,1.806750299092112,1.806750299092112,0,5,2,Winter
2026-02-28 01:00:00,31.1,31.411125422251313,0.3111254222513118,0.3111254222513118,1,5,2,Winter
2026-02-28 02:00:00,29.8,30.622845083913003,0.8228450839130019,0.8228450839130019,2,5,2,Winter
2026-02-28 03:00:00,37.2,35.247346930698335,-1.9526530693016682,1.9526530693016682,3,5,2,Winter
2026-02-28 04:00:00,33.9,34.74111215994225,0.8411121599422486,0.8411121599422486,4,5,2,Winter
2026-02-28 05:00:00,39.2,38.159157720886235,-1.0408422791137681,1.0408422791137681,5,5,2,Winter
2026-02-28 06:00:00,39.3,38.44903088704383,-0.8509691129561645,0.8509691129561645,6,5,2,Winter
2026-02-28 07:00:00,35.0,37.691075230574604,2.6910752305746044,2.6910752305746044,7,5,2,Winter
2026-02-28 08:00:00,42.1,42.10912526724541,0.009125267245408963,0.009125267245408963,8,5,2,Winter
2026-02-28 09:00:00,39.2,42.07595840863787,2.875958408637864,2.875958408637864,9,5,2,Winter
2026-02-28 10:00:00,45.0,44.63959188996341,-0.36040811003658746,0.36040811003658746,10,5,2,Winter
2026-02-28 11:00:00,43.2,44.04239330137308,0.8423933013730789,0.8423933013730789,11,5,2,Winter
2026-02-28 12:00:00,48.0,46.806843315330575,-1.1931566846694253,1.1931566846694253,12,5,2,Winter
2026-02-28 13:00:00,40.9,42.98335670831443,2.083356708314433,2.083356708314433,13,5,2,Winter
2026-02-28 14:00:00,45.5,45.76592283905656,0.26592283905655734,0.26592283905655734,14,5,2,Winter
2026-02-28 15:00:00,46.4,43.122952325132864,-3.277047674867134,3.277047674867134,15,5,2,Winter
2026-02-28 16:00:00,46.1,44.1562822383422,-1.9437177616578012,1.9437177616578012,16,5,2,Winter
2026-02-28 17:00:00,37.5,38.880312528080445,1.3803125280804451,1.3803125280804451,17,5,2,Winter
2026-02-28 18:00:00,38.6,37.69776364961003,-0.9022363503899697,0.9022363503899697,18,5,2,Winter
2026-02-28 19:00:00,37.2,37.485440842282756,0.28544084228275324,0.28544084228275324,19,5,2,Winter
2026-02-28 20:00:00,40.7,35.33908583720096,-5.360914162799041,5.360914162799041,20,5,2,Winter
2026-02-28 21:00:00,26.9,29.684396414694316,2.784396414694317,2.784396414694317,21,5,2,Winter
2026-02-28 22:00:00,27.9,30.28657863074985,2.3865786307498524,2.3865786307498524,22,5,2,Winter
2026-02-28 23:00:00,42.0,35.15851652394599,-6.841483476054009,6.841483476054009,23,5,2,Winter
2026-03-01 00:00:00,29.5,29.35077323686841,-0.14922676313159045,0.14922676313159045,0,6,3,Spring
2026-03-01 01:00:00,23.3,27.692269372309973,4.392269372309972,4.392269372309972,1,6,3,Spring
2026-03-01 02:00:00,29.3,30.49576960056624,1.1957696005662406,1.1957696005662406,2,6,3,Spring
2026-03-01 03:00:00,21.9,28.06433837978016,6.164338379780162,6.164338379780162,3,6,3,Spring
2026-03-01 04:00:00,35.6,33.92965844913935,-1.6703415508606483,1.6703415508606483,4,6,3,Spring
2026-03-01 05:00:00,39.8,37.312228120956924,-2.4877718790430734,2.4877718790430734,5,6,3,Spring
2026-03-01 06:00:00,34.9,36.73586874984188,1.8358687498418789,1.8358687498418789,6,6,3,Spring
2026-03-01 07:00:00,38.8,37.91699223356029,-0.8830077664397038,0.8830077664397038,7,6,3,Spring
2026-03-01 08:00:00,46.3,43.59568991188316,-2.7043100881168343,2.7043100881168343,8,6,3,Spring
2026-03-01 09:00:00,37.2,40.04500545435892,2.845005454358919,2.845005454358919,9,6,3,Spring
2026-03-01 10:00:00,40.2,42.48130359671045,2.281303596710444,2.281303596710444,10,6,3,Spring
2026-03-01 11:00:00,45.4,45.03945300732758,-0.3605469926724183,0.3605469926724183,11,6,3,Spring
2026-03-01 12:00:00,43.6,44.034254995714605,0.43425499571460335,0.43425499571460335,12,6,3,Spring
2026-03-01 13:00:00,45.1,44.94519073634656,-0.1548092636534406,0.1548092636534406,13,6,3,Spring
2026-03-01 14:00:00,40.5,42.7397553294369,2.2397553294369033,2.2397553294369033,14,6,3,Spring
2026-03-01 15:00:00,45.1,44.04262570571498,-1.0573742942850188,1.0573742942850188,15,6,3,Spring
2026-03-01 16:00:00,42.0,42.45104573038685,0.45104573038685203,0.45104573038685203,16,6,3,Spring
2026-03-01 17:00:00,42.9,40.58107297944371,-2.3189270205562877,2.3189270205562877,17,6,3,Spring
2026-03-01 18:00:00,39.4,37.967210263078606,-1.4327897369213929,1.4327897369213929,18,6,3,Spring
2026-03-01 19:00:00,37.3,36.41288557278736,-0.8871144272126372,0.8871144272126372,19,6,3,Spring
2026-03-01 20:00:00,28.8,33.103259183879715,4.303259183879714,4.303259183879714,20,6,3,Spring
2026-03-01 21:00:00,34.9,35.039676042606274,0.13967604260627553,0.13967604260627553,21,6,3,Spring
2026-03-01 22:00:00,30.3,31.97698101017641,1.6769810101764087,1.6769810101764087,22,6,3,Spring
2026-03-01 23:00:00,30.2,30.259479103765845,0.05947910376584531,0.05947910376584531,23,6,3,Spring
2026-03-02 00:00:00,39.9,37.12472341192502,-2.7752765880749806,2.7752765880749806,0,0,3,Spring
2026-03-02 01:00:00,33.1,35.00384576021783,1.903845760217827,1.903845760217827,1,0,3,Spring
2026-03-02 02:00:00,42.2,38.64420467444812,-3.555795325551884,3.555795325551884,2,0,3,Spring
2026-03-02 03:00:00,43.8,40.14160836811611,-3.6583916318838874,3.6583916318838874,3,0,3,Spring
2026-03-02 04:00:00,42.7,40.2433210603137,-2.456678939686306,2.456678939686306,4,0,3,Spring
2026-03-02 05:00:00,37.7,39.93980637187641,2.239806371876405,2.239806371876405,5,0,3,Spring
2026-03-02 06:00:00,34.9,40.96766260806914,6.067662608069142,6.067662608069142,6,0,3,Spring
2026-03-02 07:00:00,50.1,47.570016254085424,-2.5299837459145778,2.5299837459145778,7,0,3,Spring
2026-03-02 08:00:00,48.1,46.46799589639304,-1.6320041036069597,1.6320041036069597,8,0,3,Spring
2026-03-02 09:00:00,46.4,48.077761653709494,1.6777616537094957,1.6777616537094957,9,0,3,Spring
2026-03-02 10:00:00,55.3,52.216718284263784,-3.083281715736213,3.083281715736213,10,0,3,Spring
2026-03-02 11:00:00,48.0,48.59857302925275,0.5985730292527478,0.5985730292527478,11,0,3,Spring
2026-03-02 12:00:00,50.0,50.97145878494835,0.9714587849483465,0.9714587849483465,12,0,3,Spring
2026-03-02 13:00:00,53.5,52.906542202573455,-0.5934577974265451,0.5934577974265451,13,0,3,Spring
2026-03-02 14:00:00,46.1,49.22831024980567,3.128310249805672,3.128310249805672,14,0,3,Spring
2026-03-02 15:00:00,48.9,50.28418787637676,1.3841878763767639,1.3841878763767639,15,0,3,Spring
2026-03-02 16:00:00,52.0,48.685631318252874,-3.3143686817471263,3.3143686817471263,16,0,3,Spring
2026-03-02 17:00:00,46.6,45.27998898449847,-1.320011015501528,1.320011015501528,17,0,3,Spring
2026-03-02 18:00:00,48.7,48.43430944239301,-0.26569055760699456,0.26569055760699456,18,0,3,Spring
2026-03-02 19:00:00,46.1,43.26440963150063,-2.835590368499375,2.835590368499375,19,0,3,Spring
2026-03-02 20:00:00,39.7,41.059915840022214,1.3599158400222109,1.3599158400222109,20,0,3,Spring
2026-03-02 21:00:00,28.7,35.22233102991136,6.52233102991136,6.52233102991136,21,0,3,Spring
2026-03-02 22:00:00,32.3,35.321854723929555,3.0218547239295575,3.0218547239295575,22,0,3,Spring
2026-03-02 23:00:00,39.0,38.168075452668454,-0.8319245473315462,0.8319245473315462,23,0,3,Spring
2026-03-03 00:00:00,29.6,33.75287351126167,4.152873511261667,4.152873511261667,0,1,3,Spring
2026-03-03 01:00:00,34.7,35.427272249230874,0.7272722492308716,0.7272722492308716,1,1,3,Spring
2026-03-03 02:00:00,38.2,36.42207303590264,-1.777926964097361,1.777926964097361,2,1,3,Spring
2026-03-03 03:00:00,44.0,40.78727689199643,-3.2127231080035727,3.2127231080035727,3,1,3,Spring
2026-03-03 04:00:00,37.5,39.453257014539716,1.953257014539716,1.953257014539716,4,1,3,Spring
2026-03-03 05:00:00,39.1,40.656290357664844,1.5562903576648424,1.5562903576648424,5,1,3,Spring
2026-03-03 06:00:00,43.5,41.72488753229222,-1.7751124677077783,1.7751124677077783,6,1,3,Spring
2026-03-03 07:00:00,47.2,45.714053372319306,-1.485946627680697,1.485946627680697,7,1,3,Spring
2026-03-03 08:00:00,47.1,48.3278592164342,1.2278592164341973,1.2278592164341973,8,1,3,Spring
2026-03-03 09:00:00,53.6,51.914988028315456,-1.6850119716845455,1.6850119716845455,9,1,3,Spring
2026-03-03 10:00:00,47.5,49.466102659255995,1.966102659255995,1.966102659255995,10,1,3,Spring
2026-03-03 11:00:00,52.0,51.89336924073465,-0.10663075926535015,0.10663075926535015,11,1,3,Spring
2026-03-03 12:00:00,53.5,51.92608803980961,-1.5739119601903866,1.5739119601903866,12,1,3,Spring
2026-03-03 13:00:00,49.9,49.86027921493016,-0.03972078506983934,0.03972078506983934,13,1,3,Spring
2026-03-03 14:00:00,54.0,52.37877205349328,-1.6212279465067212,1.6212279465067212,14,1,3,Spring
2026-03-03 15:00:00,50.0,49.08383730260172,-0.9161626973982777,0.9161626973982777,15,1,3,Spring
2026-03-03 16:00:00,50.9,48.74384098543831,-2.1561590145616876,2.1561590145616876,16,1,3,Spring
2026-03-03 17:00:00,46.6,46.41359801862727,-0.18640198137273245,0.18640198137273245,17,1,3,Spring
2026-03-03 18:00:00,45.3,44.51759272535273,-0.7824072746472694,0.7824072746472694,18,1,3,Spring
2026-03-03 19:00:00,39.2,40.31545008641535,1.1154500864153505,1.1154500864153505,19,1,3,Spring
2026-03-03 20:00:00,37.2,37.86672321925112,0.6667232192511179,0.6667232192511179,20,1,3,Spring
2026-03-03 21:00:00,43.0,39.02928886945078,-3.970711130549219,3.970711130549219,21,1,3,Spring
2026-03-03 22:00:00,39.4,35.961715704898346,-3.438284295101653,3.438284295101653,22,1,3,Spring
2026-03-03 23:00:00,31.9,32.934715334500524,1.0347153345005253,1.0347153345005253,23,1,3,Spring
2026-03-04 00:00:00,36.6,35.99101699981914,-0.6089830001808636,0.6089830001808636,0,2,3,Spring
2026-03-04 01:00:00,26.6,30.375456999736322,3.7754569997363205,3.7754569997363205,1,2,3,Spring
2026-03-04 02:00:00,34.6,35.16777148541797,0.5677714854179712,0.5677714854179712,2,2,3,Spring
2026-03-04 03:00:00,42.0,39.35152899814119,-2.648471001858809,2.648471001858809,3,2,3,Spring
2026-03-04 04:00:00,39.3,39.16693244902385,-0.13306755097615053,0.13306755097615053,4,2,3,Spring
2026-03-04 05:00:00,42.2,40.536963169110955,-1.6630368308890482,1.6630368308890482,5,2,3,Spring
2026-03-04 06:00:00,31.8,38.20285164466905,6.402851644669052,6.402851644669052,6,2,3,Spring
2026-03-04 07:00:00,44.3,44.39009679276171,0.09009679276171312,0.09009679276171312,7,2,3,Spring
2026-03-04 08:00:00,49.2,47.049614234942695,-2.150385765057308,2.150385765057308,8,2,3,Spring
2026-03-04 09:00:00,51.4,50.1313070010531,-1.2686929989468965,1.2686929989468965,9,2,3,Spring
2026-03-04 10:00:00,54.6,52.751142646231735,-1.8488573537682669,1.8488573537682669,10,2,3,Spring
2026-03-04 11:00:00,50.7,50.4216531684785,-0.2783468315215032,0.2783468315215032,11,2,3,Spring
2026-03-04 12:00:00,51.2,52.61515829273191,1.4151582927319097,1.4151582927319097,12,2,3,Spring
2026-03-04 13:00:00,46.2,50.11602482605596,3.91602482605596,3.91602482605596,13,2,3,Spring
2026-03-04 14:00:00,50.0,50.470455852177274,0.4704558521772739,0.4704558521772739,14,2,3,Spring
2026-03-04 15:00:00,44.5,46.93533301055895,2.4353330105589492,2.4353330105589492,15,2,3,Spring
2026-03-04 16:00:00,40.4,43.80566241610559,3.405662416105592,3.405662416105592,16,2,3,Spring
2026-03-04 17:00:00,41.6,43.61852788911709,2.018527889117088,2.018527889117088,17,2,3,Spring
2026-03-04 18:00:00,49.9,45.12934521493356,-4.770654785066441,4.770654785066441,18,2,3,Spring
2026-03-04 19:00:00,40.7,40.55006180962655,-0.14993819037345446,0.14993819037345446,19,2,3,Spring
2026-03-04 20:00:00,40.7,39.96943794832458,-0.7305620516754203,0.7305620516754203,20,2,3,Spring
2026-03-04 21:00:00,36.1,36.26051762034982,0.16051762034982175,0.16051762034982175,21,2,3,Spring
2026-03-04 22:00:00,29.8,32.79109166919503,2.9910916691950327,2.9910916691950327,22,2,3,Spring
2026-03-04 23:00:00,39.9,37.71208163697283,-2.1879183630271655,2.1879183630271655,23,2,3,Spring
2026-03-05 00:00:00,27.2,30.222199624452127,3.022199624452128,3.022199624452128,0,3,3,Spring
2026-03-05 01:00:00,34.0,35.35318373194132,1.3531837319413214,1.3531837319413214,1,3,3,Spring
2026-03-05 02:00:00,36.8,36.13463212026719,-0.6653678797328055,0.6653678797328055,2,3,3,Spring
2026-03-05 03:00:00,39.2,38.04861887105587,-1.1513811289441307,1.1513811289441307,3,3,3,Spring
2026-03-05 04:00:00,37.0,37.96706714391176,0.9670671439117626,0.9670671439117626,4,3,3,Spring
2026-03-05 05:00:00,34.5,40.074314401960876,5.574314401960876,5.574314401960876,5,3,3,Spring
2026-03-05 06:00:00,40.7,41.003255692452086,0.3032556924520833,0.3032556924520833,6,3,3,Spring
2026-03-05 07:00:00,43.0,42.66344892290145,-0.33655107709854803,0.33655107709854803,7,3,3,Spring
2026-03-05 08:00:00,44.8,45.61283549615673,0.8128354961567297,0.8128354961567297,8,3,3,Spring
2026-03-05 09:00:00,53.5,49.62306874452108,-3.8769312554789224,3.8769312554789224,9,3,3,Spring
2026-03-05 10:00:00,46.0,47.5151497358209,1.5151497358208985,1.5151497358208985,10,3,3,Spring
2026-03-05 11:00:00,52.9,51.697871687945536,-1.2021283120544624,1.2021283120544624,11,3,3,Spring
2026-03-05 12:00:00,52.6,51.646314907596214,-0.9536850924037878,0.9536850924037878,12,3,3,Spring
2026-03-05 13:00:00,55.5,53.23269407759515,-2.2673059224048515,2.2673059224048515,13,3,3,Spring
2026-03-05 14:00:00,50.3,49.67325121819484,-0.6267487818051549,0.6267487818051549,14,3,3,Spring
2026-03-05 15:00:00,52.7,50.636099796628834,-2.063900203371169,2.063900203371169,15,3,3,Spring
2026-03-05 16:00:00,47.2,48.20174718994502,1.0017471899450143,1.0017471899450143,16,3,3,Spring
2026-03-05 17:00:00,47.7,46.184253096958344,-1.5157469030416593,1.5157469030416593,17,3,3,Spring
2026-03-05 18:00:00,37.9,41.770321372821066,3.870321372821067,3.870321372821067,18,3,3,Spring
2026-03-05 19:00:00,31.3,37.22616726199138,5.926167261991377,5.926167261991377,19,3,3,Spring
2026-03-05 20:00:00,41.4,38.84850168974312,-2.551498310256882,2.551498310256882,20,3,3,Spring
2026-03-05 21:00:00,40.0,37.827598265274375,-2.172401734725625,2.172401734725625,21,3,3,Spring
2026-03-05 22:00:00,38.9,36.92816333187456,-1.971836668125441,1.971836668125441,22,3,3,Spring
2026-03-05 23:00:00,34.1,35.750864954808875,1.650864954808874,1.650864954808874,23,3,3,Spring
2026-03-06 00:00:00,42.0,37.73664503618281,-4.263354963817193,4.263354963817193,0,4,3,Spring
2026-03-06 01:00:00,34.4,34.15286424223457,-0.2471357577654274,0.2471357577654274,1,4,3,Spring
2026-03-06 02:00:00,38.8,37.17800684169343,-1.6219931583065659,1.6219931583065659,2,4,3,Spring
2026-03-06 03:00:00,40.7,40.09184965863266,-0.6081503413673417,0.6081503413673417,3,4,3,Spring
2026-03-06 04:00:00,46.9,41.86194158615645,-5.038058413843551,5.038058413843551,4,4,3,Spring
2026-03-06 05:00:00,40.7,41.04836907527854,0.34836907527854066,0.34836907527854066,5,4,3,Spring
2026-03-06 06:00:00,41.4,42.015735076215734,0.615735076215735,0.615735076215735,6,4,3,Spring
2026-03-06 07:00:00,40.1,44.30619587442021,4.20619587442021,4.20619587442021,7,4,3,Spring
2026-03-06 08:00:00,54.2,47.8611193506122,-6.338880649387804,6.338880649387804,8,4,3,Spring
2026-03-06 09:00:00,51.3,50.136581342977436,-1.1634186570225609,1.1634186570225609,9,4,3,Spring
2026-03-06 10:00:00,52.7,51.34445969936508,-1.355540300634921,1.355540300634921,10,4,3,Spring
2026-03-06 11:00:00,64.2,57.815148319318666,-6.3848516806813365,6.3848516806813365,11,4,3,Spring
2026-03-06 12:00:00,53.3,51.16425136682011,-2.1357486331798867,2.1357486331798867,12,4,3,Spring
2026-03-06 13:00:00,46.5,48.59601011868754,2.0960101186875377,2.0960101186875377,13,4,3,Spring
2026-03-06 14:00:00,50.1,50.3770137344304,0.27701373443039756,0.27701373443039756,14,4,3,Spring
2026-03-06 15:00:00,45.8,47.04531436396482,1.2453143639648232,1.2453143639648232,15,4,3,Spring
2026-03-06 16:00:00,46.4,45.88433439367807,-0.5156656063219316,0.5156656063219316,16,4,3,Spring
2026-03-06 17:00:00,44.5,43.819603062524166,-0.6803969374758339,0.6803969374758339,17,4,3,Spring
2026-03-06 18:00:00,41.6,43.34819327672254,1.7481932767225388,1.7481932767225388,18,4,3,Spring
2026-03-06 19:00:00,36.4,39.558869475259705,3.1588694752597064,3.1588694752597064,19,4,3,Spring
2026-03-06 20:00:00,46.4,42.938823572264276,-3.4611764277357224,3.4611764277357224,20,4,3,Spring
2026-03-06 21:00:00,39.5,38.87381321289324,-0.6261867871067608,0.6261867871067608,21,4,3,Spring
2026-03-06 22:00:00,36.2,35.68959248190476,-0.5104075180952421,0.5104075180952421,22,4,3,Spring
2026-03-06 23:00:00,39.3,36.85259690276317,-2.4474030972368297,2.4474030972368297,23,4,3,Spring
2026-03-07 00:00:00,33.0,31.984857200029992,-1.0151427999700076,1.0151427999700076,0,5,3,Spring
2026-03-07 01:00:00,32.4,31.884501407165953,-0.5154985928340459,0.5154985928340459,1,5,3,Spring
2026-03-07 02:00:00,34.9,33.71346566793911,-1.1865343320608872,1.1865343320608872,2,5,3,Spring
2026-03-07 03:00:00,33.9,35.45228094297419,1.5522809429741926,1.5522809429741926,3,5,3,Spring
2026-03-07 04:00:00,37.8,36.16057565627422,-1.6394243437257785,1.6394243437257785,4,5,3,Spring
2026-03-07 05:00:00,40.0,39.33594034495065,-0.6640596550493498,0.6640596550493498,5,5,3,Spring
2026-03-07 06:00:00,39.7,39.125009921201126,-0.5749900787988764,0.5749900787988764,6,5,3,Spring
2026-03-07 07:00:00,40.3,40.851787755112845,0.5517877551128478,0.5517877551128478,7,5,3,Spring
2026-03-07 08:00:00,49.2,44.57996656287577,-4.620033437124235,4.620033437124235,8,5,3,Spring
2026-03-07 09:00:00,42.8,43.744339328375354,0.9443393283753565,0.9443393283753565,9,5,3,Spring
2026-03-07 10:00:00,47.6,47.4218727090361,-0.1781272909639,0.1781272909639,10,5,3,Spring
2026-03-07 11:00:00,48.5,46.605966566924,-1.8940334330759967,1.8940334330759967,11,5,3,Spring
2026-03-07 12:00:00,44.6,45.92919480110344,1.3291948011034407,1.3291948011034407,12,5,3,Spring
2026-03-07 13:00:00,43.6,44.70544588512606,1.1054458851260591,1.1054458851260591,13,5,3,Spring
2026-03-07 14:00:00,44.6,44.613250983309975,0.013250983309973208,0.013250983309973208,14,5,3,Spring
2026-03-07 15:00:00,42.8,41.8554217374528,-0.9445782625471963,0.9445782625471963,15,5,3,Spring
2026-03-07 16:00:00,37.2,39.484689471504005,2.2846894715040023,2.2846894715040023,16,5,3,Spring
2026-03-07 17:00:00,38.5,40.36827351640529,1.8682735164052886,1.8682735164052886,17,5,3,Spring
2026-03-07 18:00:00,40.1,38.10872558636427,-1.991274413635729,1.991274413635729,18,5,3,Spring
2026-03-07 19:00:00,42.1,37.489285431110716,-4.610714568889286,4.610714568889286,19,5,3,Spring
2026-03-07 20:00:00,37.3,36.273202061769155,-1.0267979382308425,1.0267979382308425,20,5,3,Spring
2026-03-07 21:00:00,23.0,29.087678044798913,6.087678044798913,6.087678044798913,21,5,3,Spring
2026-03-07 22:00:00,34.7,32.26429524279769,-2.4357047572023163,2.4357047572023163,22,5,3,Spring
2026-03-07 23:00:00,29.1,30.16895638980556,1.0689563898055603,1.0689563898055603,23,5,3,Spring
2026-03-08 00:00:00,33.0,32.632967059868854,-0.3670329401311463,0.3670329401311463,0,6,3,Spring
2026-03-08 01:00:00,31.4,31.375653649258613,-0.02434635074138569,0.02434635074138569,1,6,3,Spring
2026-03-08 02:00:00,31.4,31.51150550978671,0.11150550978670992,0.11150550978670992,2,6,3,Spring
2026-03-08 03:00:00,33.1,32.858257440639804,-0.24174255936019762,0.24174255936019762,3,6,3,Spring
2026-03-08 04:00:00,35.1,35.70934633419876,0.6093463341987615,0.6093463341987615,4,6,3,Spring
2026-03-08 05:00:00,42.4,41.1097288333404,-1.2902711666596005,1.2902711666596005,5,6,3,Spring
2026-03-08 06:00:00,39.1,38.49602952067347,-0.6039704793265344,0.6039704793265344,6,6,3,Spring
2026-03-08 07:00:00,45.6,42.19761130013775,-3.40238869986225,3.40238869986225,7,6,3,Spring
2026-03-08 08:00:00,46.9,44.70369140300847,-2.1963085969915284,2.1963085969915284,8,6,3,Spring
2026-03-08 09:00:00,47.5,47.052556045158305,-0.4474439548416953,0.4474439548416953,9,6,3,Spring
2026-03-08 10:00:00,38.9,43.5102182103578,4.6102182103578,4.6102182103578,10,6,3,Spring
2026-03-08 11:00:00,51.3,49.84880086678915,-1.4511991332108494,1.4511991332108494,11,6,3,Spring
2026-03-08 12:00:00,45.3,46.55998812821704,1.2599881282170458,1.2599881282170458,12,6,3,Spring
2026-03-08 13:00:00,49.7,47.993862632633274,-1.706137367366729,1.706137367366729,13,6,3,Spring
2026-03-08 14:00:00,42.2,43.88271157790338,1.682711577903376,1.682711577903376,14,6,3,Spring
2026-03-08 15:00:00,40.1,42.13521539426774,2.0352153942677376,2.0352153942677376,15,6,3,Spring
2026-03-08 16:00:00,51.0,45.57612282867766,-5.423877171322339,5.423877171322339,16,6,3,Spring
2026-03-08 17:00:00,37.4,38.56639012769391,1.1663901276939086,1.1663901276939086,17,6,3,Spring
2026-03-08 18:00:00,43.7,40.33121926840092,-3.368780731599081,3.368780731599081,18,6,3,Spring
2026-03-08 19:00:00,37.5,37.11491648997884,-0.38508351002116115,0.38508351002116115,19,6,3,Spring
2026-03-08 20:00:00,33.5,33.26350714956911,-0.23649285043089208,0.23649285043089208,20,6,3,Spring
2026-03-08 21:00:00,33.3,33.767114415483256,0.46711441548325894,0.46711441548325894,21,6,3,Spring
2026-03-08 22:00:00,27.0,29.798592106011377,2.7985921060113768,2.7985921060113768,22,6,3,Spring
2026-03-08 23:00:00,31.4,29.79900240624407,-1.6009975937559275,1.6009975937559275,23,6,3,Spring
2026-03-09 00:00:00,31.9,34.35948370461896,2.459483704618961,2.459483704618961,0,0,3,Spring
2026-03-09 01:00:00,34.9,36.031642013888074,1.1316420138880758,1.1316420138880758,1,0,3,Spring
2026-03-09 02:00:00,41.0,38.88896987469168,-2.111030125308318,2.111030125308318,2,0,3,Spring
2026-03-09 03:00:00,39.6,40.11137523926253,0.5113752392625273,0.5113752392625273,3,0,3,Spring
2026-03-09 04:00:00,34.3,38.81733982529173,4.517339825291735,4.517339825291735,4,0,3,Spring
2026-03-09 05:00:00,45.5,44.144085260816325,-1.3559147391836746,1.3559147391836746,5,0,3,Spring
2026-03-09 06:00:00,44.2,43.84768985208093,-0.35231014791907,0.35231014791907,6,0,3,Spring
2026-03-09 07:00:00,44.1,44.84284468649456,0.742844686494557,0.742844686494557,7,0,3,Spring
2026-03-09 08:00:00,51.2,49.31777696469137,-1.882223035308634,1.882223035308634,8,0,3,Spring
2026-03-09 09:00:00,49.2,49.630575797972384,0.43057579797238077,0.43057579797238077,9,0,3,Spring
2026-03-09 10:00:00,46.5,50.2042292822477,3.7042292822477023,3.7042292822477023,10,0,3,Spring
2026-03-09 11:00:00,59.3,55.23601813437771,-4.063981865622289,4.063981865622289,11,0,3,Spring
2026-03-09 12:00:00,52.1,50.672568417943324,-1.427431582056677,1.427431582056677,12,0,3,Spring
2026-03-09 13:00:00,51.6,51.28051945532007,-0.3194805446799336,0.3194805446799336,13,0,3,Spring
2026-03-09 14:00:00,49.5,50.656145533449155,1.1561455334491555,1.1561455334491555,14,0,3,Spring
2026-03-09 15:00:00,54.6,51.160430849566865,-3.4395691504331367,3.4395691504331367,15,0,3,Spring
2026-03-09 16:00:00,46.1,47.10157194946531,1.0015719494653084,1.0015719494653084,16,0,3,Spring
2026-03-09 17:00:00,40.1,43.12419952137169,3.024199521371692,3.024199521371692,17,0,3,Spring
2026-03-09 18:00:00,41.5,42.73312307350394,1.2331230735039398,1.2331230735039398,18,0,3,Spring
2026-03-09 19:00:00,47.4,42.47380978762526,-4.926190212374742,4.926190212374742,19,0,3,Spring
2026-03-09 20:00:00,43.5,42.296658900152714,-1.203341099847286,1.203341099847286,20,0,3,Spring
2026-03-09 21:00:00,37.5,38.141080403141515,0.6410804031415154,0.6410804031415154,21,0,3,Spring
2026-03-09 22:00:00,42.8,39.314421216845574,-3.4855787831544234,3.4855787831544234,22,0,3,Spring
2026-03-09 23:00:00,39.5,37.88346202664753,-1.6165379733524716,1.6165379733524716,23,0,3,Spring
2026-03-10 00:00:00,35.2,34.950430489313135,-0.24956951068686806,0.24956951068686806,0,1,3,Spring
2026-03-10 01:00:00,35.9,35.41527919119365,-0.48472080880635104,0.48472080880635104,1,1,3,Spring
2026-03-10 02:00:00,38.7,37.98847654627843,-0.7115234537215755,0.7115234537215755,2,1,3,Spring
2026-03-10 03:00:00,35.3,37.17253485243465,1.8725348524346543,1.8725348524346543,3,1,3,Spring
2026-03-10 04:00:00,40.3,39.34905824862256,-0.9509417513774352,0.9509417513774352,4,1,3,Spring
2026-03-10 05:00:00,43.4,42.52287785503693,-0.8771221449630673,0.8771221449630673,5,1,3,Spring
2026-03-10 06:00:00,37.5,41.17199989657184,3.6719998965718403,3.6719998965718403,6,1,3,Spring
2026-03-10 07:00:00,45.6,44.93485958169432,-0.6651404183056826,0.6651404183056826,7,1,3,Spring
2026-03-10 08:00:00,47.1,47.06093220483613,-0.0390677951638736,0.0390677951638736,8,1,3,Spring
2026-03-10 09:00:00,54.0,51.28987080459739,-2.710129195402608,2.710129195402608,9,1,3,Spring
2026-03-10 10:00:00,43.8,46.76103130002311,2.961031300023116,2.961031300023116,10,1,3,Spring
2026-03-10 11:00:00,50.5,51.77186754652776,1.2718675465277585,1.2718675465277585,11,1,3,Spring
2026-03-10 12:00:00,50.3,51.73653512754368,1.436535127543685,1.436535127543685,12,1,3,Spring
2026-03-10 13:00:00,55.8,53.391839595612716,-2.4081604043872815,2.4081604043872815,13,1,3,Spring
2026-03-10 14:00:00,51.0,51.923714225744185,0.9237142257441846,0.9237142257441846,14,1,3,Spring
2026-03-10 15:00:00,57.1,52.6158637440462,-4.4841362559538,4.4841362559538,15,1,3,Spring
2026-03-10 16:00:00,50.9,48.72064116620087,-2.179358833799128,2.179358833799128,16,1,3,Spring
2026-03-10 17:00:00,44.7,45.24535183343616,0.5453518334361576,0.5453518334361576,17,1,3,Spring
2026-03-10 18:00:00,45.2,45.87074040672279,0.6707404067227856,0.6707404067227856,18,1,3,Spring
2026-03-10 19:00:00,40.8,40.16649167451193,-0.6335083254880658,0.6335083254880658,19,1,3,Spring
2026-03-10 20:00:00,43.7,41.48291288673883,-2.2170871132611722,2.2170871132611722,20,1,3,Spring
2026-03-10 21:00:00,33.3,35.681129750805205,2.381129750805208,2.381129750805208,21,1,3,Spring
2026-03-10 22:00:00,34.1,34.51369122703497,0.41369122703496686,0.41369122703496686,22,1,3,Spring
2026-03-10 23:00:00,38.4,36.910797562153725,-1.4892024378462736,1.4892024378462736,23,1,3,Spring
2026-03-11 00:00:00,41.2,37.34076464942538,-3.8592353505746217,3.8592353505746217,0,2,3,Spring
2026-03-11 01:00:00,27.8,32.170502168793725,4.370502168793724,4.370502168793724,1,2,3,Spring
2026-03-11 02:00:00,42.9,39.42597988343016,-3.4740201165698394,3.4740201165698394,2,2,3,Spring
2026-03-11 03:00:00,38.1,36.828538947087274,-1.271461052912727,1.271461052912727,3,2,3,Spring
2026-03-11 04:00:00,32.8,37.26074059292141,4.460740592921411,4.460740592921411,4,2,3,Spring
2026-03-11 05:00:00,30.3,37.26653061993094,6.966530619930939,6.966530619930939,5,2,3,Spring
2026-03-11 06:00:00,38.2,40.940106840251026,2.7401068402510234,2.7401068402510234,6,2,3,Spring
2026-03-11 07:00:00,46.3,45.121154317050085,-1.1788456829499125,1.1788456829499125,7,2,3,Spring
2026-03-11 08:00:00,48.1,47.025340500951295,-1.0746594990487068,1.0746594990487068,8,2,3,Spring
2026-03-11 09:00:00,52.5,50.36156543910238,-2.138434560897622,2.138434560897622,9,2,3,Spring
2026-03-11 10:00:00,49.1,49.828982722431405,0.7289827224314038,0.7289827224314038,10,2,3,Spring
2026-03-11 11:00:00,47.6,49.689323441413315,2.0893234414133133,2.0893234414133133,11,2,3,Spring
2026-03-11 12:00:00,50.7,51.42105234693388,0.7210523469338739,0.7210523469338739,12,2,3,Spring
2026-03-11 13:00:00,52.2,52.13344577173699,-0.0665542282630156,0.0665542282630156,13,2,3,Spring
2026-03-11 14:00:00,52.2,51.244415546645826,-0.9555844533541773,0.9555844533541773,14,2,3,Spring
2026-03-11 15:00:00,46.8,49.00306633986375,2.203066339863753,2.203066339863753,15,2,3,Spring
2026-03-11 16:00:00,51.9,48.696654652792425,-3.2033453472075735,3.2033453472075735,16,2,3,Spring
2026-03-11 17:00:00,43.9,45.034799480473275,1.1347994804732764,1.1347994804732764,17,2,3,Spring
2026-03-11 18:00:00,40.9,42.02188406309835,1.1218840630983493,1.1218840630983493,18,2,3,Spring
2026-03-11 19:00:00,40.1,40.437430463640254,0.33743046364025275,0.33743046364025275,19,2,3,Spring
2026-03-11 20:00:00,44.6,41.47439659781156,-3.125603402188439,3.125603402188439,20,2,3,Spring
2026-03-11 21:00:00,38.2,39.766660478062185,1.5666604780621824,1.5666604780621824,21,2,3,Spring
2026-03-11 22:00:00,34.6,36.38950488347568,1.7895048834756793,1.7895048834756793,22,2,3,Spring
2026-03-11 23:00:00,40.3,37.694020351211755,-2.6059796487882423,2.6059796487882423,23,2,3,Spring
2026-03-12 00:00:00,45.0,39.57418012404162,-5.425819875958382,5.425819875958382,0,3,3,Spring
2026-03-12 01:00:00,37.5,38.50053448298744,1.0005344829874403,1.0005344829874403,1,3,3,Spring
2026-03-12 02:00:00,42.4,40.442911369091235,-1.957088630908764,1.957088630908764,2,3,3,Spring
2026-03-12 03:00:00,42.9,40.63676673110425,-2.263233268895746,2.263233268895746,3,3,3,Spring
2026-03-12 04:00:00,38.0,39.73230715422085,1.7323071542208481,1.7323071542208481,4,3,3,Spring
2026-03-12 05:00:00,42.4,40.58385059592339,-1.8161494040766115,1.8161494040766115,5,3,3,Spring
2026-03-12 06:00:00,39.3,41.677199657138395,2.377199657138398,2.377199657138398,6,3,3,Spring
2026-03-12 07:00:00,45.6,44.66261498930261,-0.9373850106973904,0.9373850106973904,7,3,3,Spring
2026-03-12 08:00:00,45.9,47.19814799805628,1.2981479980562796,1.2981479980562796,8,3,3,Spring
2026-03-12 09:00:00,48.4,49.75028418978133,1.350284189781334,1.350284189781334,9,3,3,Spring
2026-03-12 10:00:00,48.3,50.39059913191673,2.0905991319167327,2.0905991319167327,10,3,3,Spring
2026-03-12 11:00:00,51.0,50.55723177872235,-0.44276822127765314,0.44276822127765314,11,3,3,Spring
2026-03-12 12:00:00,54.5,52.00122016814764,-2.49877983185236,2.49877983185236,12,3,3,Spring
2026-03-12 13:00:00,51.6,53.31045903246287,1.7104590324628717,1.7104590324628717,13,3,3,Spring
2026-03-12 14:00:00,43.9,49.51027207909809,5.610272079098088,5.610272079098088,14,3,3,Spring
2026-03-12 15:00:00,47.1,48.716787108443256,1.6167871084432548,1.6167871084432548,15,3,3,Spring
2026-03-12 16:00:00,42.3,45.89984754462882,3.5998475446288225,3.5998475446288225,16,3,3,Spring
2026-03-12 17:00:00,47.4,45.136719085522465,-2.2632809144775337,2.2632809144775337,17,3,3,Spring
2026-03-12 18:00:00,46.4,45.18116800389843,-1.2188319961015708,1.2188319961015708,18,3,3,Spring
2026-03-12 19:00:00,43.4,42.39083767642136,-1.0091623235786358,1.0091623235786358,19,3,3,Spring
2026-03-12 20:00:00,37.2,39.09979295479059,1.899792954790584,1.899792954790584,20,3,3,Spring
2026-03-12 21:00:00,39.7,38.27059353915721,-1.4294064608427917,1.4294064608427917,21,3,3,Spring
2026-03-12 22:00:00,35.6,35.64586030752773,0.0458603075277253,0.0458603075277253,22,3,3,Spring
2026-03-12 23:00:00,32.1,34.2565930494007,2.1565930494006977,2.1565930494006977,23,3,3,Spring
2026-03-13 00:00:00,39.4,37.87733945239899,-1.5226605476010064,1.5226605476010064,0,4,3,Spring
2026-03-13 01:00:00,40.0,37.19889996566003,-2.8011000343399672,2.8011000343399672,1,4,3,Spring
2026-03-13 02:00:00,41.3,40.41786309470082,-0.882136905299177,0.882136905299177,2,4,3,Spring
2026-03-13 03:00:00,36.4,38.65224172625422,2.252241726254219,2.252241726254219,3,4,3,Spring
2026-03-13 04:00:00,45.2,43.06697325873513,-2.133026741264871,2.133026741264871,4,4,3,Spring
2026-03-13 05:00:00,40.4,41.36119113326586,0.9611911332658636,0.9611911332658636,5,4,3,Spring
2026-03-13 06:00:00,47.1,45.39183302654024,-1.708166973459761,1.708166973459761,6,4,3,Spring
2026-03-13 07:00:00,44.5,45.077511373633406,0.5775113736334063,0.5775113736334063,7,4,3,Spring
2026-03-13 08:00:00,47.6,48.182464105718815,0.5824641057188131,0.5824641057188131,8,4,3,Spring
2026-03-13 09:00:00,40.4,46.516268047822116,6.116268047822118,6.116268047822118,9,4,3,Spring
2026-03-13 10:00:00,50.2,51.39796554923505,1.1979655492350503,1.1979655492350503,10,4,3,Spring
2026-03-13 11:00:00,52.5,52.77319747744055,0.27319747744054723,0.27319747744054723,11,4,3,Spring
2026-03-13 12:00:00,50.8,52.15901015710041,1.359010157100414,1.359010157100414,12,4,3,Spring
2026-03-13 13:00:00,59.2,54.26792557543029,-4.932074424569713,4.932074424569713,13,4,3,Spring
2026-03-13 14:00:00,46.7,49.60215723874093,2.9021572387409265,2.9021572387409265,14,4,3,Spring
2026-03-13 15:00:00,47.9,50.21322464425836,2.313224644258362,2.313224644258362,15,4,3,Spring
2026-03-13 16:00:00,44.8,47.50747078739507,2.7074707873950743,2.7074707873950743,16,4,3,Spring
2026-03-13 17:00:00,44.3,44.67575653761201,0.37575653761201266,0.37575653761201266,17,4,3,Spring
2026-03-13 18:00:00,48.6,45.469843307004574,-3.1301566929954276,3.1301566929954276,18,4,3,Spring
2026-03-13 19:00:00,48.3,44.780477941325614,-3.519522058674383,3.519522058674383,19,4,3,Spring
2026-03-13 20:00:00,37.7,39.3896646054281,1.6896646054280993,1.6896646054280993,20,4,3,Spring
2026-03-13 21:00:00,35.9,37.33930960397002,1.439309603970024,1.439309603970024,21,4,3,Spring
2026-03-13 22:00:00,32.9,35.8449630451066,2.9449630451066042,2.9449630451066042,22,4,3,Spring
2026-03-13 23:00:00,42.0,39.11790309523556,-2.8820969047644382,2.8820969047644382,23,4,3,Spring
2026-03-14 00:00:00,36.0,33.90251409444742,-2.097485905552581,2.097485905552581,0,5,3,Spring
2026-03-14 01:00:00,31.4,30.8062392179699,-0.593760782030099,0.593760782030099,1,5,3,Spring
2026-03-14 02:00:00,27.0,30.052496756539917,3.0524967565399166,3.0524967565399166,2,5,3,Spring
2026-03-14 03:00:00,28.6,30.862381744658375,2.2623817446583736,2.2623817446583736,3,5,3,Spring
2026-03-14 04:00:00,36.2,34.11524471017234,-2.084755289827662,2.084755289827662,4,5,3,Spring
2026-03-14 05:00:00,39.6,38.26630966227555,-1.3336903377244482,1.3336903377244482,5,5,3,Spring
2026-03-14 06:00:00,31.2,34.669409797987846,3.469409797987847,3.469409797987847,6,5,3,Spring
2026-03-14 07:00:00,40.3,38.8999529341459,-1.4000470658540962,1.4000470658540962,7,5,3,Spring
2026-03-14 08:00:00,50.0,45.90919455132876,-4.09080544867124,4.09080544867124,8,5,3,Spring
2026-03-14 09:00:00,44.3,44.67510906825633,0.37510906825633583,0.37510906825633583,9,5,3,Spring
2026-03-14 10:00:00,52.4,49.20002563984532,-3.199974360154677,3.199974360154677,10,5,3,Spring
2026-03-14 11:00:00,49.8,49.00224570363462,-0.7977542963653761,0.7977542963653761,11,5,3,Spring
2026-03-14 12:00:00,43.2,45.28336247588445,2.0833624758844493,2.0833624758844493,12,5,3,Spring
2026-03-14 13:00:00,46.1,46.29304866790125,0.19304866790125175,0.19304866790125175,13,5,3,Spring
2026-03-14 14:00:00,45.9,45.43424301010507,-0.46575698989492764,0.46575698989492764,14,5,3,Spring
2026-03-14 15:00:00,41.4,42.36839218777451,0.9683921877745121,0.9683921877745121,15,5,3,Spring
2026-03-14 16:00:00,39.6,41.63000404256351,2.0300040425635117,2.0300040425635117,16,5,3,Spring
2026-03-14 17:00:00,47.6,43.6126614598994,-3.987338540100602,3.987338540100602,17,5,3,Spring
2026-03-14 18:00:00,35.6,37.239557694724915,1.639557694724914,1.639557694724914,18,5,3,Spring
2026-03-14 19:00:00,41.8,40.170152228538825,-1.629847771461172,1.629847771461172,19,5,3,Spring
2026-03-14 20:00:00,33.8,35.23547364897563,1.4354736489756306,1.4354736489756306,20,5,3,Spring
2026-03-14 21:00:00,33.8,31.289122179944194,-2.5108778200558035,2.5108778200558035,21,5,3,Spring
2026-03-14 22:00:00,34.8,32.86168113012602,-1.9383188698739744,1.9383188698739744,22,5,3,Spring
2026-03-14 23:00:00,29.4,30.394674649155935,0.994674649155936,0.994674649155936,23,5,3,Spring
2026-03-15 00:00:00,33.8,31.938194929879046,-1.8618050701209512,1.8618050701209512,0,6,3,Spring
2026-03-15 01:00:00,23.6,28.346359680909625,4.746359680909624,4.746359680909624,1,6,3,Spring
2026-03-15 02:00:00,34.4,32.486661237415376,-1.9133387625846225,1.9133387625846225,2,6,3,Spring
2026-03-15 03:00:00,24.0,30.047348428921886,6.047348428921886,6.047348428921886,3,6,3,Spring
2026-03-15 04:00:00,34.7,34.20318334970464,-0.49681665029536504,0.49681665029536504,4,6,3,Spring
2026-03-15 05:00:00,40.9,37.688784914202344,-3.2112150857976545,3.2112150857976545,5,6,3,Spring
2026-03-15 06:00:00,42.1,39.998700782492044,-2.1012992175079575,2.1012992175079575,6,6,3,Spring
2026-03-15 07:00:00,36.4,39.34536359866755,2.945363598667548,2.945363598667548,7,6,3,Spring
2026-03-15 08:00:00,38.9,42.98614795593686,4.086147955936859,4.086147955936859,8,6,3,Spring
2026-03-15 09:00:00,42.5,43.50985236296032,1.0098523629603235,1.0098523629603235,9,6,3,Spring
2026-03-15 10:00:00,47.2,44.66957729187673,-2.5304227081232753,2.5304227081232753,10,6,3,Spring
2026-03-15 11:00:00,39.2,44.42571028372088,5.225710283720879,5.225710283720879,11,6,3,Spring
2026-03-15 12:00:00,47.5,46.7271942020735,-0.7728057979265017,0.7728057979265017,12,6,3,Spring
2026-03-15 13:00:00,48.5,47.96050702226311,-0.5394929777368915,0.5394929777368915,13,6,3,Spring
2026-03-15 14:00:00,45.4,45.19540684079553,-0.20459315920447096,0.20459315920447096,14,6,3,Spring
2026-03-15 15:00:00,47.3,45.1836114177041,-2.1163885822958974,2.1163885822958974,15,6,3,Spring
2026-03-15 16:00:00,44.5,44.04379847678088,-0.45620152321912144,0.45620152321912144,16,6,3,Spring
2026-03-15 17:00:00,39.5,40.110751744740554,0.6107517447405542,0.6107517447405542,17,6,3,Spring
2026-03-15 18:00:00,31.8,35.964960214859154,4.164960214859153,4.164960214859153,18,6,3,Spring
2026-03-15 19:00:00,38.0,39.143241997326385,1.1432419973263848,1.1432419973263848,19,6,3,Spring
2026-03-15 20:00:00,31.8,32.61579843396926,0.8157984339692597,0.8157984339692597,20,6,3,Spring
2026-03-15 21:00:00,31.6,31.925356829355223,0.32535682935522203,0.32535682935522203,21,6,3,Spring
2026-03-15 22:00:00,34.6,31.97181094373653,-2.628189056263473,2.628189056263473,22,6,3,Spring
2026-03-15 23:00:00,37.5,33.37071435801567,-4.129285641984332,4.129285641984332,23,6,3,Spring
2026-03-16 00:00:00,36.5,35.68028334861367,-0.8197166513863294,0.8197166513863294,0,0,3,Spring
2026-03-16 01:00:00,39.1,36.69145040654368,-2.4085495934563212,2.4085495934563212,1,0,3,Spring
2026-03-16 02:00:00,31.9,34.3639509028523,2.4639509028523037,2.4639509028523037,2,0,3,Spring
2026-03-16 03:00:00,39.9,38.091446513451594,-1.808553486548405,1.808553486548405,3,0,3,Spring
2026-03-16 04:00:00,40.4,39.207053545310785,-1.1929464546892135,1.1929464546892135,4,0,3,Spring
2026-03-16 05:00:00,47.5,44.9254957650712,-2.5745042349288028,2.5745042349288028,5,0,3,Spring
2026-03-16 06:00:00,42.4,43.488306218470676,1.0883062184706773,1.0883062184706773,6,0,3,Spring
2026-03-16 07:00:00,45.7,45.38714722491402,-0.31285277508598597,0.31285277508598597,7,0,3,Spring
2026-03-16 08:00:00,52.8,50.821233526842484,-1.9787664731575134,1.9787664731575134,8,0,3,Spring
2026-03-16 09:00:00,49.9,48.888665899698594,-1.0113341003014042,1.0113341003014042,9,0,3,Spring
2026-03-16 10:00:00,47.1,51.039982526671125,3.9399825266711233,3.9399825266711233,10,0,3,Spring
2026-03-16 11:00:00,62.5,56.5352987623741,-5.964701237625903,5.964701237625903,11,0,3,Spring
2026-03-16 12:00:00,48.3,50.31767592341831,2.0176759234183095,2.0176759234183095,12,0,3,Spring
2026-03-16 13:00:00,52.1,51.704587318244236,-0.39541268175576505,0.39541268175576505,13,0,3,Spring
2026-03-16 14:00:00,52.9,50.591285097554064,-2.308714902445935,2.308714902445935,14,0,3,Spring
2026-03-16 15:00:00,51.3,50.462578833986264,-0.8374211660137334,0.8374211660137334,15,0,3,Spring
2026-03-16 16:00:00,47.9,48.591115604060185,0.6911156040601867,0.6911156040601867,16,0,3,Spring
2026-03-16 17:00:00,45.9,45.32626963452985,-0.5737303654701478,0.5737303654701478,17,0,3,Spring
2026-03-16 18:00:00,43.7,43.34357357246827,-0.35642642753172993,0.35642642753172993,18,0,3,Spring
2026-03-16 19:00:00,38.1,42.25891597970713,4.158915979707132,4.158915979707132,19,0,3,Spring
2026-03-16 20:00:00,49.2,43.64879223161676,-5.551207768383243,5.551207768383243,20,0,3,Spring
2026-03-16 21:00:00,38.1,39.293198441890674,1.1931984418906723,1.1931984418906723,21,0,3,Spring
2026-03-16 22:00:00,40.1,39.541801986289386,-0.5581980137106157,0.5581980137106157,22,0,3,Spring
2026-03-16 23:00:00,35.5,35.932270687357615,0.4322706873576152,0.4322706873576152,23,0,3,Spring
2026-03-17 00:00:00,35.2,34.78596265096421,-0.4140373490357945,0.4140373490357945,0,1,3,Spring
2026-03-17 01:00:00,35.1,35.704223667008435,0.6042236670084336,0.6042236670084336,1,1,3,Spring
2026-03-17 02:00:00,31.5,35.10264327402427,3.602643274024267,3.602643274024267,2,1,3,Spring
2026-03-17 03:00:00,38.4,37.67948365221947,-0.7205163477805314,0.7205163477805314,3,1,3,Spring
2026-03-17 04:00:00,39.0,39.2692838361124,0.26928383611240037,0.26928383611240037,4,1,3,Spring
2026-03-17 05:00:00,47.3,42.53482598866929,-4.765174011330707,4.765174011330707,5,1,3,Spring
2026-03-17 06:00:00,39.9,42.97849854866089,3.078498548660889,3.078498548660889,6,1,3,Spring
2026-03-17 07:00:00,44.4,45.14017927421909,0.7401792742190949,0.7401792742190949,7,1,3,Spring
2026-03-17 08:00:00,45.1,47.209814935306134,2.109814935306133,2.109814935306133,8,1,3,Spring
2026-03-17 09:00:00,56.1,52.02912343034734,-4.070876569652661,4.070876569652661,9,1,3,Spring
2026-03-17 10:00:00,48.1,50.260724955382585,2.160724955382584,2.160724955382584,10,1,3,Spring
2026-03-17 11:00:00,54.6,54.79113280489347,0.19113280489347062,0.19113280489347062,11,1,3,Spring
2026-03-17 12:00:00,56.5,54.394976490715486,-2.105023509284514,2.105023509284514,12,1,3,Spring
2026-03-17 13:00:00,51.8,52.34227074604345,0.5422707460434495,0.5422707460434495,13,1,3,Spring
2026-03-17 14:00:00,46.1,50.41567623598908,4.315676235989081,4.315676235989081,14,1,3,Spring
2026-03-17 15:00:00,44.9,49.139967076674075,4.239967076674077,4.239967076674077,15,1,3,Spring
2026-03-17 16:00:00,52.1,48.2780219261278,-3.8219780738722022,3.8219780738722022,16,1,3,Spring
2026-03-17 17:00:00,41.7,43.56991524422006,1.86991524422006,1.86991524422006,17,1,3,Spring
2026-03-17 18:00:00,46.2,43.61386020800239,-2.58613979199761,2.58613979199761,18,1,3,Spring
2026-03-17 19:00:00,43.0,42.359429749326225,-0.6405702506737754,0.6405702506737754,19,1,3,Spring
2026-03-17 20:00:00,42.2,41.83802704724055,-0.3619729527594515,0.3619729527594515,20,1,3,Spring
2026-03-17 21:00:00,40.9,38.99232811402565,-1.9076718859743451,1.9076718859743451,21,1,3,Spring
2026-03-17 22:00:00,34.0,36.460404662405224,2.4604046624052245,2.4604046624052245,22,1,3,Spring
2026-03-17 23:00:00,33.0,35.46663714058703,2.466637140587032,2.466637140587032,23,1,3,Spring
2026-03-18 00:00:00,39.6,36.85324577764854,-2.7467542223514627,2.7467542223514627,0,2,3,Spring
2026-03-18 01:00:00,34.5,34.3293824452689,-0.17061755473110196,0.17061755473110196,1,2,3,Spring
2026-03-18 02:00:00,26.8,32.268373805510834,5.468373805510833,5.468373805510833,2,2,3,Spring
2026-03-18 03:00:00,41.6,40.52705330799641,-1.0729466920035904,1.0729466920035904,3,2,3,Spring
2026-03-18 04:00:00,36.6,38.118089365554304,1.518089365554303,1.518089365554303,4,2,3,Spring
2026-03-18 05:00:00,44.5,42.53683704928419,-1.9631629507158124,1.9631629507158124,5,2,3,Spring
2026-03-18 06:00:00,50.3,45.70919712323586,-4.590802876764137,4.590802876764137,6,2,3,Spring
2026-03-18 07:00:00,46.8,46.10353307772251,-0.6964669222774873,0.6964669222774873,7,2,3,Spring
2026-03-18 08:00:00,52.7,50.86851092768247,-1.831489072317531,1.831489072317531,8,2,3,Spring
2026-03-18 09:00:00,51.0,52.31228203712453,1.3122820371245325,1.3122820371245325,9,2,3,Spring
2026-03-18 10:00:00,58.0,54.21243200030079,-3.7875679996992133,3.7875679996992133,10,2,3,Spring
2026-03-18 11:00:00,48.2,50.64999341105575,2.4499934110557504,2.4499934110557504,11,2,3,Spring
2026-03-18 12:00:00,52.7,53.3991045411606,0.6991045411605938,0.6991045411605938,12,2,3,Spring
2026-03-18 13:00:00,55.1,54.075025823969966,-1.0249741760300353,1.0249741760300353,13,2,3,Spring
2026-03-18 14:00:00,50.9,51.6278227017869,0.7278227017868986,0.7278227017868986,14,2,3,Spring
2026-03-18 15:00:00,55.0,52.040424048531435,-2.9595759514685653,2.9595759514685653,15,2,3,Spring
2026-03-18 16:00:00,47.0,48.65766162612005,1.6576616261200527,1.6576616261200527,16,2,3,Spring
2026-03-18 17:00:00,55.0,49.44388012589058,-5.55611987410942,5.55611987410942,17,2,3,Spring
2026-03-18 18:00:00,53.2,48.39105335695224,-4.808946643047761,4.808946643047761,18,2,3,Spring
2026-03-18 19:00:00,43.8,43.9434353003929,0.14343530039290187,0.14343530039290187,19,2,3,Spring
2026-03-18 20:00:00,42.9,42.60922738640095,-0.2907726135990458,0.2907726135990458,20,2,3,Spring
2026-03-18 21:00:00,43.8,41.27197546044319,-2.52802453955681,2.52802453955681,21,2,3,Spring
2026-03-18 22:00:00,33.0,36.10518069447429,3.105180694474292,3.105180694474292,22,2,3,Spring
2026-03-18 23:00:00,31.7,34.68241328236645,2.9824132823664478,2.9824132823664478,23,2,3,Spring
2026-03-19 00:00:00,41.8,39.89447886700721,-1.9055211329927886,1.9055211329927886,0,3,3,Spring
2026-03-19 01:00:00,38.1,37.30569178162952,-0.7943082183704817,0.7943082183704817,1,3,3,Spring
2026-03-19 02:00:00,36.9,36.94521559928929,0.04521559928929264,0.04521559928929264,2,3,3,Spring
2026-03-19 03:00:00,39.1,38.435194709277276,-0.6648052907227253,0.6648052907227253,3,3,3,Spring
2026-03-19 04:00:00,31.2,37.069083869055646,5.869083869055647,5.869083869055647,4,3,3,Spring
2026-03-19 05:00:00,41.9,41.20681174044634,-0.6931882595536578,0.6931882595536578,5,3,3,Spring
2026-03-19 06:00:00,41.7,42.16623426410861,0.466234264108607,0.466234264108607,6,3,3,Spring
2026-03-19 07:00:00,50.5,48.66118478550184,-1.8388152144981618,1.8388152144981618,7,3,3,Spring
2026-03-19 08:00:00,52.7,49.88209722528231,-2.8179027747176946,2.8179027747176946,8,3,3,Spring
2026-03-19 09:00:00,52.7,51.59348326133376,-1.1065167386662438,1.1065167386662438,9,3,3,Spring
2026-03-19 10:00:00,53.3,52.8949010959174,-0.40509890408259963,0.40509890408259963,10,3,3,Spring
2026-03-19 11:00:00,46.5,49.75822517802406,3.2582251780240625,3.2582251780240625,11,3,3,Spring
2026-03-19 12:00:00,55.1,53.51525144662197,-1.5847485533780343,1.5847485533780343,12,3,3,Spring
2026-03-19 13:00:00,55.0,53.44438523202635,-1.5556147679736512,1.5556147679736512,13,3,3,Spring
2026-03-19 14:00:00,56.6,53.8286828289614,-2.7713171710386035,2.7713171710386035,14,3,3,Spring
2026-03-19 15:00:00,58.9,53.34243184872813,-5.557568151271866,5.557568151271866,15,3,3,Spring
2026-03-19 16:00:00,42.0,45.788886256840584,3.788886256840584,3.788886256840584,16,3,3,Spring
2026-03-19 17:00:00,45.3,45.993770937373434,0.6937709373734364,0.6937709373734364,17,3,3,Spring
2026-03-19 18:00:00,41.8,42.911502255405225,1.1115022554052274,1.1115022554052274,18,3,3,Spring
2026-03-19 19:00:00,43.4,41.89921150307772,-1.5007884969222758,1.5007884969222758,19,3,3,Spring
2026-03-19 20:00:00,40.8,41.32181723505004,0.5218172350500438,0.5218172350500438,20,3,3,Spring
2026-03-19 21:00:00,38.1,39.701906672916934,1.6019066729169325,1.6019066729169325,21,3,3,Spring
2026-03-19 22:00:00,41.9,37.82147778960718,-4.078522210392819,4.078522210392819,22,3,3,Spring
2026-03-19 23:00:00,32.6,34.66989746629047,2.0698974662904703,2.0698974662904703,23,3,3,Spring
2026-03-20 00:00:00,32.6,34.59466635849104,1.9946663584910382,1.9946663584910382,0,4,3,Spring
2026-03-20 01:00:00,33.0,34.78144637445591,1.7814463744559106,1.7814463744559106,1,4,3,Spring
2026-03-20 02:00:00,36.4,34.654367110809,-1.7456328891910005,1.7456328891910005,2,4,3,Spring
2026-03-20 03:00:00,34.2,37.63542952320489,3.4354295232048884,3.4354295232048884,3,4,3,Spring
2026-03-20 04:00:00,40.6,41.12925772795417,0.5292577279541675,0.5292577279541675,4,4,3,Spring
2026-03-20 05:00:00,42.0,40.99301334644485,-1.0069866535551526,1.0069866535551526,5,4,3,Spring
2026-03-20 06:00:00,41.6,43.230618924050155,1.6306189240501539,1.6306189240501539,6,4,3,Spring
2026-03-20 07:00:00,50.3,49.60536460143506,-0.6946353985649338,0.6946353985649338,7,4,3,Spring
2026-03-20 08:00:00,48.5,49.88739667064733,1.3873966706473269,1.3873966706473269,8,4,3,Spring
2026-03-20 09:00:00,54.7,51.68332681676349,-3.016673183236513,3.016673183236513,9,4,3,Spring
2026-03-20 10:00:00,50.9,50.82336676819596,-0.07663323180403836,0.07663323180403836,10,4,3,Spring
2026-03-20 11:00:00,52.4,51.911935858821046,-0.4880641411789526,0.4880641411789526,11,4,3,Spring
2026-03-20 12:00:00,50.5,51.77535796170058,1.2753579617005784,1.2753579617005784,12,4,3,Spring
2026-03-20 13:00:00,52.5,53.012669924233435,0.5126699242334354,0.5126699242334354,13,4,3,Spring
2026-03-20 14:00:00,54.6,52.743872724515,-1.856127275485001,1.856127275485001,14,4,3,Spring
2026-03-20 15:00:00,48.8,49.592304217329286,0.7923042173292885,0.7923042173292885,15,4,3,Spring
2026-03-20 16:00:00,50.9,50.31644773846785,-0.583552261532148,0.583552261532148,16,4,3,Spring
2026-03-20 17:00:00,43.6,46.67713822461497,3.07713822461497,3.07713822461497,17,4,3,Spring
2026-03-20 18:00:00,47.8,45.32920840820776,-2.470791591792235,2.470791591792235,18,4,3,Spring
2026-03-20 19:00:00,40.4,41.956845281117424,1.5568452811174254,1.5568452811174254,19,4,3,Spring
2026-03-20 20:00:00,44.2,42.549334275147615,-1.650665724852388,1.650665724852388,20,4,3,Spring
2026-03-20 21:00:00,39.4,40.043663778559,0.6436637785590023,0.6436637785590023,21,4,3,Spring
2026-03-20 22:00:00,43.9,40.02235128163423,-3.8776487183657693,3.8776487183657693,22,4,3,Spring
2026-03-20 23:00:00,32.4,34.284739881794096,1.884739881794097,1.884739881794097,23,4,3,Spring
2026-03-21 00:00:00,25.9,29.81115775671763,3.911157756717632,3.911157756717632,0,5,3,Spring
2026-03-21 01:00:00,29.6,29.59967754774873,-0.00032245225127169874,0.00032245225127169874,1,5,3,Spring
2026-03-21 02:00:00,27.3,29.735537320484422,2.4355373204844213,2.4355373204844213,2,5,3,Spring
2026-03-21 03:00:00,28.6,29.504242508014723,0.9042425080147218,0.9042425080147218,3,5,3,Spring
2026-03-21 04:00:00,38.3,36.0649610908988,-2.235038909101199,2.235038909101199,4,5,3,Spring
2026-03-21 05:00:00,37.7,37.85110075210711,0.15110075210710505,0.15110075210710505,5,5,3,Spring
2026-03-21 06:00:00,37.9,37.99580800859224,0.09580800859224325,0.09580800859224325,6,5,3,Spring
2026-03-21 07:00:00,40.3,41.25780688424111,0.9578068842411156,0.9578068842411156,7,5,3,Spring
2026-03-21 08:00:00,41.4,43.55554355905811,2.15554355905811,2.15554355905811,8,5,3,Spring
2026-03-21 09:00:00,52.1,49.50388993437134,-2.5961100656286646,2.5961100656286646,9,5,3,Spring
2026-03-21 10:00:00,43.8,46.28920369133595,2.489203691335952,2.489203691335952,10,5,3,Spring
2026-03-21 11:00:00,42.3,45.31338708940114,3.0133870894011423,3.0133870894011423,11,5,3,Spring
2026-03-21 12:00:00,51.0,49.52760723769532,-1.472392762304679,1.472392762304679,12,5,3,Spring
2026-03-21 13:00:00,46.7,47.37274620504032,0.672746205040319,0.672746205040319,13,5,3,Spring
2026-03-21 14:00:00,54.9,51.09257351678658,-3.807426483213419,3.807426483213419,14,5,3,Spring
2026-03-21 15:00:00,43.4,44.76744639783514,1.3674463978351383,1.3674463978351383,15,5,3,Spring
2026-03-21 16:00:00,47.2,45.38039957647976,-1.8196004235202423,1.8196004235202423,16,5,3,Spring
2026-03-21 17:00:00,46.2,44.54432373469306,-1.6556762653069441,1.6556762653069441,17,5,3,Spring
2026-03-21 18:00:00,37.7,39.37855682835024,1.6785568283502386,1.6785568283502386,18,5,3,Spring
2026-03-21 19:00:00,34.8,35.77043432913622,0.970434329136225,0.970434329136225,19,5,3,Spring
2026-03-21 20:00:00,38.8,36.323295076811156,-2.4767049231888407,2.4767049231888407,20,5,3,Spring
2026-03-21 21:00:00,36.5,33.7698811428439,-2.7301188571561,2.7301188571561,21,5,3,Spring
2026-03-21 22:00:00,27.2,31.836572330846376,4.636572330846377,4.636572330846377,22,5,3,Spring
2026-03-21 23:00:00,27.6,29.215434053782662,1.6154340537826606,1.6154340537826606,23,5,3,Spring
2026-03-22 00:00:00,21.7,26.079155690342326,4.379155690342326,4.379155690342326,0,6,3,Spring
2026-03-22 01:00:00,34.5,32.90399506904206,-1.596004930957939,1.596004930957939,1,6,3,Spring
2026-03-22 02:00:00,31.9,31.317632148222877,-0.5823678517771214,0.5823678517771214,2,6,3,Spring
2026-03-22 03:00:00,33.5,32.24500552290681,-1.2549944770931916,1.2549944770931916,3,6,3,Spring
2026-03-22 04:00:00,29.1,33.44451489880197,4.344514898801968,4.344514898801968,4,6,3,Spring
2026-03-22 05:00:00,33.4,34.79478511586306,1.3947851158630584,1.3947851158630584,5,6,3,Spring
2026-03-22 06:00:00,37.9,36.67379366900964,-1.2262063309903581,1.2262063309903581,6,6,3,Spring
2026-03-22 07:00:00,39.2,40.620848919511424,1.4208489195114211,1.4208489195114211,7,6,3,Spring
2026-03-22 08:00:00,44.3,42.977437455903406,-1.3225625440965914,1.3225625440965914,8,6,3,Spring
2026-03-22 09:00:00,47.8,46.59581410830693,-1.204185891693065,1.204185891693065,9,6,3,Spring
2026-03-22 10:00:00,55.9,49.528178234606536,-6.371821765393463,6.371821765393463,10,6,3,Spring
2026-03-22 11:00:00,47.5,46.609229104854116,-0.8907708951458844,0.8907708951458844,11,6,3,Spring
2026-03-22 12:00:00,52.3,50.63203713652876,-1.6679628634712387,1.6679628634712387,12,6,3,Spring
2026-03-22 13:00:00,44.3,46.08632693344024,1.7863269334402432,1.7863269334402432,13,6,3,Spring
2026-03-22 14:00:00,40.1,43.45012942351834,3.3501294235183394,3.3501294235183394,14,6,3,Spring
2026-03-22 15:00:00,44.1,44.498910721186306,0.39891072118630433,0.39891072118630433,15,6,3,Spring
2026-03-22 16:00:00,37.5,40.0900848817119,2.5900848817119027,2.5900848817119027,16,6,3,Spring
2026-03-22 17:00:00,42.0,41.88100646837272,-0.11899353162728232,0.11899353162728232,17,6,3,Spring
2026-03-22 18:00:00,36.7,36.56647238209556,-0.13352761790444134,0.13352761790444134,18,6,3,Spring
2026-03-22 19:00:00,30.0,34.4556208463608,4.455620846360802,4.455620846360802,19,6,3,Spring
2026-03-22 20:00:00,42.8,38.66543466277527,-4.134565337224728,4.134565337224728,20,6,3,Spring
2026-03-22 21:00:00,32.0,32.649703787561585,0.6497037875615845,0.6497037875615845,21,6,3,Spring
2026-03-22 22:00:00,26.4,30.854648450932913,4.454648450932915,4.454648450932915,22,6,3,Spring
2026-03-22 23:00:00,35.7,33.90777554704817,-1.7922244529518352,1.7922244529518352,23,6,3,Spring
2026-03-23 00:00:00,34.0,35.22886799542343,1.2288679954234283,1.2288679954234283,0,0,3,Spring
2026-03-23 01:00:00,41.5,39.34225343029021,-2.1577465697097935,2.1577465697097935,1,0,3,Spring
2026-03-23 02:00:00,35.0,36.85502718196517,1.8550271819651698,1.8550271819651698,2,0,3,Spring
2026-03-23 03:00:00,37.1,38.19878249008927,1.0987824900892704,1.0987824900892704,3,0,3,Spring
2026-03-23 04:00:00,42.3,42.154852634209725,-0.14514736579027243,0.14514736579027243,4,0,3,Spring
2026-03-23 05:00:00,45.2,45.80347153382604,0.6034715338260384,0.6034715338260384,5,0,3,Spring
2026-03-23 06:00:00,47.9,44.98447717620732,-2.915522823792678,2.915522823792678,6,0,3,Spring
2026-03-23 07:00:00,46.6,46.35839629561624,-0.24160370438376333,0.24160370438376333,7,0,3,Spring
2026-03-23 08:00:00,51.0,49.862642031466315,-1.137357968533685,1.137357968533685,8,0,3,Spring
2026-03-23 09:00:00,53.5,52.00220428324263,-1.4977957167573734,1.4977957167573734,9,0,3,Spring
2026-03-23 10:00:00,52.6,52.490288821504635,-0.10971117849536682,0.10971117849536682,10,0,3,Spring
2026-03-23 11:00:00,52.0,51.68460410816797,-0.31539589183203276,0.31539589183203276,11,0,3,Spring
2026-03-23 12:00:00,47.1,51.170210733490656,4.070210733490654,4.070210733490654,12,0,3,Spring
2026-03-23 13:00:00,55.0,53.48168648889082,-1.5183135111091772,1.5183135111091772,13,0,3,Spring
2026-03-23 14:00:00,52.0,51.35971427837245,-0.6402857216275493,0.6402857216275493,14,0,3,Spring
2026-03-23 15:00:00,48.9,50.03464602606354,1.1346460260635425,1.1346460260635425,15,0,3,Spring
2026-03-23 16:00:00,54.0,50.45883876832496,-3.5411612316750407,3.5411612316750407,16,0,3,Spring
2026-03-23 17:00:00,41.2,43.45921756161028,2.259217561610278,2.259217561610278,17,0,3,Spring
2026-03-23 18:00:00,51.4,46.54738126180848,-4.8526187381915165,4.8526187381915165,18,0,3,Spring
2026-03-23 19:00:00,42.7,44.00275352091553,1.3027535209155303,1.3027535209155303,19,0,3,Spring
2026-03-23 20:00:00,42.1,42.92560248729716,0.8256024872971608,0.8256024872971608,20,0,3,Spring
2026-03-23 21:00:00,37.6,39.84611295147305,2.2461129514730516,2.2461129514730516,21,0,3,Spring
2026-03-23 22:00:00,31.3,35.64258720207341,4.342587202073407,4.342587202073407,22,0,3,Spring
2026-03-23 23:00:00,36.6,37.06972495779958,0.4697249577995777,0.4697249577995777,23,0,3,Spring
2026-03-24 00:00:00,38.2,37.671589006782284,-0.5284109932177188,0.5284109932177188,0,1,3,Spring
2026-03-24 01:00:00,39.9,38.07065387117513,-1.8293461288248665,1.8293461288248665,1,1,3,Spring
2026-03-24 02:00:00,37.2,36.284122453947425,-0.9158775460525774,0.9158775460525774,2,1,3,Spring
2026-03-24 03:00:00,30.5,35.15466059040678,4.6546605904067775,4.6546605904067775,3,1,3,Spring
2026-03-24 04:00:00,34.7,38.20708222808962,3.5070822280896152,3.5070822280896152,4,1,3,Spring
2026-03-24 05:00:00,51.0,46.9407183010143,-4.0592816989857,4.0592816989857,5,1,3,Spring
2026-03-24 06:00:00,40.5,42.98373632470797,2.4837363247079693,2.4837363247079693,6,1,3,Spring
2026-03-24 07:00:00,52.7,48.78507266891299,-3.9149273310870143,3.9149273310870143,7,1,3,Spring
2026-03-24 08:00:00,45.2,48.427843317909385,3.2278433179093824,3.2278433179093824,8,1,3,Spring
2026-03-24 09:00:00,49.8,51.58219554242438,1.7821955424243825,1.7821955424243825,9,1,3,Spring
2026-03-24 10:00:00,54.3,52.90708207966188,-1.392917920338114,1.392917920338114,10,1,3,Spring
2026-03-24 11:00:00,49.3,51.451761925953306,2.151761925953309,2.151761925953309,11,1,3,Spring
2026-03-24 12:00:00,59.3,56.43685059959524,-2.863149400404758,2.863149400404758,12,1,3,Spring
2026-03-24 13:00:00,52.9,52.63556065939476,-0.2644393406052359,0.2644393406052359,13,1,3,Spring
2026-03-24 14:00:00,53.7,52.238445052553374,-1.4615549474466292,1.4615549474466292,14,1,3,Spring
2026-03-24 15:00:00,49.5,50.29139033600432,0.7913903360043193,0.7913903360043193,15,1,3,Spring
2026-03-24 16:00:00,51.5,50.067832498487704,-1.4321675015122963,1.4321675015122963,16,1,3,Spring
2026-03-24 17:00:00,53.3,50.03837355079637,-3.261626449203625,3.261626449203625,17,1,3,Spring
2026-03-24 18:00:00,44.4,45.636394722938455,1.2363947229384564,1.2363947229384564,18,1,3,Spring
2026-03-24 19:00:00,49.7,45.2960373448224,-4.403962655177601,4.403962655177601,19,1,3,Spring
2026-03-24 20:00:00,38.5,41.549545269719715,3.049545269719715,3.049545269719715,20,1,3,Spring
2026-03-24 21:00:00,42.3,40.215056549211425,-2.084943450788572,2.084943450788572,21,1,3,Spring
2026-03-24 22:00:00,39.9,37.106671512014934,-2.7933284879850646,2.7933284879850646,22,1,3,Spring
2026-03-24 23:00:00,32.9,35.53334699702606,2.6333469970260595,2.6333469970260595,23,1,3,Spring
2026-03-25 00:00:00,37.8,35.80560653579544,-1.9943934642045562,1.9943934642045562,0,2,3,Spring
2026-03-25 01:00:00,37.2,36.579316590258934,-0.6206834097410692,0.6206834097410692,1,2,3,Spring
2026-03-25 02:00:00,34.6,35.31853737685167,0.7185373768516712,0.7185373768516712,2,2,3,Spring
2026-03-25 03:00:00,40.7,38.737283639448435,-1.9627163605515676,1.9627163605515676,3,2,3,Spring
2026-03-25 04:00:00,41.5,39.910722686174424,-1.5892773138255762,1.5892773138255762,4,2,3,Spring
2026-03-25 05:00:00,42.6,43.028696471932534,0.4286964719325326,0.4286964719325326,5,2,3,Spring
2026-03-25 06:00:00,44.6,44.30655688521961,-0.29344311478039486,0.29344311478039486,6,2,3,Spring
2026-03-25 07:00:00,46.6,45.68315123712675,-0.9168487628732507,0.9168487628732507,7,2,3,Spring
2026-03-25 08:00:00,47.5,48.22916532270336,0.7291653227033592,0.7291653227033592,8,2,3,Spring
2026-03-25 09:00:00,51.1,51.333135653986986,0.23313565398698444,0.23313565398698444,9,2,3,Spring
2026-03-25 10:00:00,49.3,52.60782593345293,3.307825933452932,3.307825933452932,10,2,3,Spring
2026-03-25 11:00:00,63.3,56.28651828032398,-7.013481719676015,7.013481719676015,11,2,3,Spring
2026-03-25 12:00:00,47.3,50.23298528017201,2.932985280172012,2.932985280172012,12,2,3,Spring
2026-03-25 13:00:00,50.3,54.20712848328878,3.90712848328878,3.90712848328878,13,2,3,Spring
2026-03-25 14:00:00,49.8,52.12921750535925,2.329217505359253,2.329217505359253,14,2,3,Spring
2026-03-25 15:00:00,58.7,53.905232846831424,-4.7947671531685785,4.7947671531685785,15,2,3,Spring
2026-03-25 16:00:00,43.6,46.47111397748217,2.8711139774821675,2.8711139774821675,16,2,3,Spring
2026-03-25 17:00:00,48.7,47.45338538796717,-1.246614612032836,1.246614612032836,17,2,3,Spring
2026-03-25 18:00:00,45.9,46.2545467460448,0.35454674604480374,0.35454674604480374,18,2,3,Spring
2026-03-25 19:00:00,44.2,44.14578346776478,-0.05421653223522327,0.05421653223522327,19,2,3,Spring
2026-03-25 20:00:00,45.9,42.802069732915314,-3.097930267084685,3.097930267084685,20,2,3,Spring
2026-03-25 21:00:00,44.1,42.13766816452619,-1.9623318354738117,1.9623318354738117,21,2,3,Spring
2026-03-25 22:00:00,36.2,37.72243719834706,1.5224371983470562,1.5224371983470562,22,2,3,Spring
2026-03-25 23:00:00,38.0,37.79341919600601,-0.2065808039939867,0.2065808039939867,23,2,3,Spring
2026-03-26 00:00:00,29.5,32.412972717261226,2.9129727172612263,2.9129727172612263,0,3,3,Spring
2026-03-26 01:00:00,37.6,37.00658358822739,-0.5934164117726084,0.5934164117726084,1,3,3,Spring
2026-03-26 02:00:00,34.8,35.45866097706175,0.65866097706175,0.65866097706175,2,3,3,Spring
2026-03-26 03:00:00,38.5,38.14258045712594,-0.3574195428740623,0.3574195428740623,3,3,3,Spring
2026-03-26 04:00:00,34.2,37.229265840876245,3.029265840876242,3.029265840876242,4,3,3,Spring
2026-03-26 05:00:00,44.5,43.17488192989376,-1.3251180701062424,1.3251180701062424,5,3,3,Spring
2026-03-26 06:00:00,38.2,40.931213670603896,2.7312136706038928,2.7312136706038928,6,3,3,Spring
2026-03-26 07:00:00,47.6,47.781232200126055,0.181232200126054,0.181232200126054,7,3,3,Spring
2026-03-26 08:00:00,44.0,45.243152613627466,1.2431526136274655,1.2431526136274655,8,3,3,Spring
2026-03-26 09:00:00,47.2,48.83085428416251,1.6308542841625098,1.6308542841625098,9,3,3,Spring
2026-03-26 10:00:00,56.5,53.79886579995416,-2.7011342000458427,2.7011342000458427,10,3,3,Spring
2026-03-26 11:00:00,55.0,53.88451288284474,-1.1154871171552614,1.1154871171552614,11,3,3,Spring
2026-03-26 12:00:00,57.5,54.98155168090338,-2.5184483190966205,2.5184483190966205,12,3,3,Spring
2026-03-26 13:00:00,58.9,55.46212250360037,-3.4378774963996293,3.4378774963996293,13,3,3,Spring
2026-03-26 14:00:00,48.8,51.1837566522333,2.383756652233302,2.383756652233302,14,3,3,Spring
2026-03-26 15:00:00,56.6,53.5836581570314,-3.0163418429686004,3.0163418429686004,15,3,3,Spring
2026-03-26 16:00:00,43.1,44.94270610162087,1.8427061016208697,1.8427061016208697,16,3,3,Spring
2026-03-26 17:00:00,50.0,47.920882255208014,-2.0791177447919864,2.0791177447919864,17,3,3,Spring
2026-03-26 18:00:00,43.0,43.94256010163225,0.9425601016322531,0.9425601016322531,18,3,3,Spring
2026-03-26 19:00:00,39.2,40.56819960672521,1.3681996067252058,1.3681996067252058,19,3,3,Spring
2026-03-26 20:00:00,43.4,42.566719283025336,-0.833280716974663,0.833280716974663,20,3,3,Spring
2026-03-26 21:00:00,43.1,41.86983569543809,-1.2301643045619102,1.2301643045619102,21,3,3,Spring
2026-03-26 22:00:00,41.7,40.37378151111736,-1.3262184888826454,1.3262184888826454,22,3,3,Spring
2026-03-26 23:00:00,38.1,38.2103636768473,0.11036367684729953,0.11036367684729953,23,3,3,Spring
2026-03-27 00:00:00,37.5,36.74998627672507,-0.7500137232749324,0.7500137232749324,0,4,3,Spring
2026-03-27 01:00:00,39.3,38.61538565164606,-0.6846143483539393,0.6846143483539393,1,4,3,Spring
2026-03-27 02:00:00,39.2,38.11522972935454,-1.084770270645464,1.084770270645464,2,4,3,Spring
2026-03-27 03:00:00,41.5,39.367342053536326,-2.1326579464636737,2.1326579464636737,3,4,3,Spring
2026-03-27 04:00:00,41.8,41.37037128919132,-0.4296287108086787,0.4296287108086787,4,4,3,Spring
2026-03-27 05:00:00,46.3,44.44819123419017,-1.8518087658098281,1.8518087658098281,5,4,3,Spring
2026-03-27 06:00:00,38.5,40.87583696154387,2.375836961543868,2.375836961543868,6,4,3,Spring
2026-03-27 07:00:00,46.5,46.13142534180638,-0.3685746581936229,0.3685746581936229,7,4,3,Spring
2026-03-27 08:00:00,43.4,46.773663444798,3.373663444797998,3.373663444797998,8,4,3,Spring
2026-03-27 09:00:00,51.7,51.20347671313825,-0.49652328686175196,0.49652328686175196,9,4,3,Spring
2026-03-27 10:00:00,58.5,55.40790791979141,-3.0920920802085874,3.0920920802085874,10,4,3,Spring
2026-03-27 11:00:00,50.8,51.702865960315904,0.902865960315907,0.902865960315907,11,4,3,Spring
2026-03-27 12:00:00,53.5,53.70203322822584,0.20203322822583658,0.20203322822583658,12,4,3,Spring
2026-03-27 13:00:00,55.7,53.52325599624963,-2.176744003750372,2.176744003750372,13,4,3,Spring
2026-03-27 14:00:00,43.6,47.58420456923569,3.984204569235686,3.984204569235686,14,4,3,Spring
2026-03-27 15:00:00,48.5,49.75327088371699,1.2532708837169935,1.2532708837169935,15,4,3,Spring
2026-03-27 16:00:00,50.4,48.56537472180014,-1.8346252781998587,1.8346252781998587,16,4,3,Spring
2026-03-27 17:00:00,35.4,41.460647568375464,6.060647568375465,6.060647568375465,17,4,3,Spring
2026-03-27 18:00:00,41.1,43.2943794566412,2.194379456641201,2.194379456641201,18,4,3,Spring
2026-03-27 19:00:00,47.3,43.693532641111766,-3.6064673588882314,3.6064673588882314,19,4,3,Spring
2026-03-27 20:00:00,45.0,41.87146473162029,-3.128535268379707,3.128535268379707,20,4,3,Spring
2026-03-27 21:00:00,40.8,41.91028671278017,1.110286712780173,1.110286712780173,21,4,3,Spring
2026-03-27 22:00:00,41.6,40.457019310982304,-1.1429806890176977,1.1429806890176977,22,4,3,Spring
2026-03-27 23:00:00,38.1,38.42484808957294,0.32484808957293865,0.32484808957293865,23,4,3,Spring
2026-03-28 00:00:00,34.2,32.98458364008134,-1.2154163599186631,1.2154163599186631,0,5,3,Spring
2026-03-28 01:00:00,31.0,32.00901040310144,1.009010403101442,1.009010403101442,1,5,3,Spring
2026-03-28 02:00:00,33.5,33.79094605679936,0.29094605679936336,0.29094605679936336,2,5,3,Spring
2026-03-28 03:00:00,31.8,34.07119736828938,2.271197368289382,2.271197368289382,3,5,3,Spring
2026-03-28 04:00:00,41.0,39.74106667957587,-1.258933320424127,1.258933320424127,4,5,3,Spring
2026-03-28 05:00:00,44.0,43.11246553679796,-0.8875344632020372,0.8875344632020372,5,5,3,Spring
2026-03-28 06:00:00,45.5,42.64427874538142,-2.8557212546185795,2.8557212546185795,6,5,3,Spring
2026-03-28 07:00:00,40.4,41.30724191183155,0.907241911831548,0.907241911831548,7,5,3,Spring
2026-03-28 08:00:00,40.2,42.24192441800071,2.041924418000704,2.041924418000704,8,5,3,Spring
2026-03-28 09:00:00,50.7,48.76801852771733,-1.931981472282672,1.931981472282672,9,5,3,Spring
2026-03-28 10:00:00,49.1,48.79140108404239,-0.30859891595761013,0.30859891595761013,10,5,3,Spring
2026-03-28 11:00:00,49.0,47.82416392348868,-1.1758360765113167,1.1758360765113167,11,5,3,Spring
2026-03-28 12:00:00,45.4,47.054851429742754,1.654851429742756,1.654851429742756,12,5,3,Spring
2026-03-28 13:00:00,49.4,48.991460210558934,-0.4085397894410647,0.4085397894410647,13,5,3,Spring
2026-03-28 14:00:00,42.6,45.36252055353856,2.7625205535385575,2.7625205535385575,14,5,3,Spring
2026-03-28 15:00:00,48.2,47.16399448014796,-1.03600551985204,1.03600551985204,15,5,3,Spring
2026-03-28 16:00:00,49.5,47.55311332356493,-1.9468866764350707,1.9468866764350707,16,5,3,Spring
2026-03-28 17:00:00,48.6,45.07274641050329,-3.527253589496709,3.527253589496709,17,5,3,Spring
2026-03-28 18:00:00,42.8,41.31758570846375,-1.4824142915362444,1.4824142915362444,18,5,3,Spring
2026-03-28 19:00:00,32.4,35.191409801781184,2.7914098017811853,2.7914098017811853,19,5,3,Spring
2026-03-28 20:00:00,36.8,37.18558813197652,0.38558813197652597,0.38558813197652597,20,5,3,Spring
2026-03-28 21:00:00,42.9,40.49533199576094,-2.4046680042390562,2.4046680042390562,21,5,3,Spring
2026-03-28 22:00:00,29.6,31.643188732019812,2.0431887320198108,2.0431887320198108,22,5,3,Spring
2026-03-28 23:00:00,32.0,31.92126932646116,-0.07873067353883911,0.07873067353883911,23,5,3,Spring
2026-03-29 00:00:00,37.6,36.64174593625676,-0.9582540637432402,0.9582540637432402,0,6,3,Spring
2026-03-29 01:00:00,34.7,35.5268531469102,0.8268531469101958,0.8268531469101958,1,6,3,Spring
2026-03-29 02:00:00,43.0,39.29352483427113,-3.706475165728868,3.706475165728868,2,6,3,Spring
2026-03-29 03:00:00,31.4,32.57271826644386,1.1727182664438587,1.1727182664438587,3,6,3,Spring
2026-03-29 04:00:00,32.0,33.99108567924868,1.9910856792486769,1.9910856792486769,4,6,3,Spring
2026-03-29 05:00:00,42.8,40.795228655753284,-2.0047713442467128,2.0047713442467128,5,6,3,Spring
2026-03-29 06:00:00,35.2,38.67945376093,3.4794537609299994,3.4794537609299994,6,6,3,Spring
2026-03-29 07:00:00,41.3,41.5326926464584,0.23269264645840337,0.23269264645840337,7,6,3,Spring
2026-03-29 08:00:00,43.7,42.225551793110185,-1.474448206889818,1.474448206889818,8,6,3,Spring
2026-03-29 09:00:00,49.8,48.211271615994214,-1.5887283840057833,1.5887283840057833,9,6,3,Spring
2026-03-29 10:00:00,49.4,48.68457099134545,-0.7154290086545458,0.7154290086545458,10,6,3,Spring
2026-03-29 11:00:00,49.5,50.38734530022089,0.8873453002208933,0.8873453002208933,11,6,3,Spring
2026-03-29 12:00:00,46.4,49.48278769335769,3.0827876933576945,3.0827876933576945,12,6,3,Spring
2026-03-29 13:00:00,52.6,50.96930356676881,-1.6306964332311935,1.6306964332311935,13,6,3,Spring
2026-03-29 14:00:00,63.0,54.33931624103777,-8.660683758962229,8.660683758962229,14,6,3,Spring
2026-03-29 15:00:00,48.4,47.514017989327186,-0.8859820106728122,0.8859820106728122,15,6,3,Spring
2026-03-29 16:00:00,44.4,44.75334375469107,0.3533437546910747,0.3533437546910747,16,6,3,Spring
2026-03-29 17:00:00,36.9,39.94302138853443,3.0430213885344344,3.0430213885344344,17,6,3,Spring
2026-03-29 18:00:00,37.4,38.911509345743895,1.511509345743896,1.511509345743896,18,6,3,Spring
2026-03-29 19:00:00,37.1,36.154031996234345,-0.9459680037656568,0.9459680037656568,19,6,3,Spring
2026-03-29 20:00:00,33.8,35.99095120792736,2.1909512079273625,2.1909512079273625,20,6,3,Spring
2026-03-29 21:00:00,34.3,35.99645295472143,1.6964529547214298,1.6964529547214298,21,6,3,Spring
2026-03-29 22:00:00,40.2,36.80132898873277,-3.3986710112672327,3.3986710112672327,22,6,3,Spring
2026-03-29 23:00:00,37.2,35.685669128402054,-1.5143308715979487,1.5143308715979487,23,6,3,Spring
2026-03-30 00:00:00,36.4,35.97740591874588,-0.42259408125411824,0.42259408125411824,0,0,3,Spring
2026-03-30 01:00:00,32.4,34.928162220583964,2.5281622205839653,2.5281622205839653,1,0,3,Spring
2026-03-30 02:00:00,43.4,40.977673875727014,-2.4223261242729848,2.4223261242729848,2,0,3,Spring
2026-03-30 03:00:00,39.1,38.47964579505455,-0.6203542049454498,0.6203542049454498,3,0,3,Spring
2026-03-30 04:00:00,34.1,38.618609408967174,4.518609408967173,4.518609408967173,4,0,3,Spring
2026-03-30 05:00:00,45.8,43.579879269506236,-2.220120730493761,2.220120730493761,5,0,3,Spring
2026-03-30 06:00:00,49.1,46.634128661342565,-2.4658713386574362,2.4658713386574362,6,0,3,Spring
2026-03-30 07:00:00,37.4,42.08737895017537,4.687378950175372,4.687378950175372,7,0,3,Spring
2026-03-30 08:00:00,45.7,46.908974880334235,1.2089748803342317,1.2089748803342317,8,0,3,Spring
2026-03-30 09:00:00,50.2,50.38330513176596,0.1833051317659553,0.1833051317659553,9,0,3,Spring
2026-03-30 10:00:00,54.9,52.39860906313776,-2.5013909368622365,2.5013909368622365,10,0,3,Spring
2026-03-30 11:00:00,50.7,51.998085061583716,1.2980850615837127,1.2980850615837127,11,0,3,Spring
2026-03-30 12:00:00,49.7,50.9767205781947,1.2767205781946984,1.2767205781946984,12,0,3,Spring
2026-03-30 13:00:00,55.6,54.59557100758016,-1.0044289924198395,1.0044289924198395,13,0,3,Spring
2026-03-30 14:00:00,50.0,50.56352338804447,0.563523388044473,0.563523388044473,14,0,3,Spring
2026-03-30 15:00:00,52.8,51.73365693269162,-1.0663430673083738,1.0663430673083738,15,0,3,Spring
2026-03-30 16:00:00,44.5,46.11405737588833,1.6140573758883292,1.6140573758883292,16,0,3,Spring
2026-03-30 17:00:00,41.7,43.99077690183606,2.290776901836054,2.290776901836054,17,0,3,Spring
2026-03-30 18:00:00,48.0,47.37612247760125,-0.6238775223987503,0.6238775223987503,18,0,3,Spring
2026-03-30 19:00:00,43.9,43.12026428184366,-0.7797357181563385,0.7797357181563385,19,0,3,Spring
2026-03-30 20:00:00,44.7,42.3612284674565,-2.338771532543504,2.338771532543504,20,0,3,Spring
2026-03-30 21:00:00,37.2,39.36056251060161,2.1605625106016078,2.1605625106016078,21,0,3,Spring
2026-03-30 22:00:00,34.9,37.870992373916145,2.970992373916147,2.970992373916147,22,0,3,Spring
2026-03-30 23:00:00,42.7,38.92917394425342,-3.770826055746582,3.770826055746582,23,0,3,Spring
2026-03-31 00:00:00,30.9,34.26330004091328,3.3633000409132805,3.3633000409132805,0,1,3,Spring
2026-03-31 01:00:00,42.3,38.296423143034346,-4.003576856965651,4.003576856965651,1,1,3,Spring
2026-03-31 02:00:00,43.4,41.243196259621335,-2.1568037403786633,2.1568037403786633,2,1,3,Spring
2026-03-31 03:00:00,42.8,40.37866988937425,-2.421330110625746,2.421330110625746,3,1,3,Spring
2026-03-31 04:00:00,38.2,38.599125045669,0.3991250456689954,0.3991250456689954,4,1,3,Spring
2026-03-31 05:00:00,39.7,41.81112338403675,2.1111233840367447,2.1111233840367447,5,1,3,Spring
2026-03-31 06:00:00,44.2,43.1034756383604,-1.0965243616396023,1.0965243616396023,6,1,3,Spring
2026-03-31 07:00:00,41.9,44.203155422453385,2.3031554224533863,2.3031554224533863,7,1,3,Spring
2026-03-31 08:00:00,45.2,46.972959388150024,1.7729593881500207,1.7729593881500207,8,1,3,Spring
2026-03-31 09:00:00,53.2,51.970025927700995,-1.229974072299008,1.229974072299008,9,1,3,Spring
2026-03-31 10:00:00,54.5,53.75781088489672,-0.7421891151032796,0.7421891151032796,10,1,3,Spring
2026-03-31 11:00:00,48.5,50.95388529562089,2.4538852956208927,2.4538852956208927,11,1,3,Spring
2026-03-31 12:00:00,55.7,54.77760453042984,-0.9223954695701622,0.9223954695701622,12,1,3,Spring
2026-03-31 13:00:00,54.5,54.03963291235833,-0.46036708764167145,0.46036708764167145,13,1,3,Spring
2026-03-31 14:00:00,58.0,54.91748810610407,-3.0825118938959335,3.0825118938959335,14,1,3,Spring
2026-03-31 15:00:00,52.9,53.12680607604475,0.22680607604475256,0.22680607604475256,15,1,3,Spring
2026-03-31 16:00:00,53.2,50.37900878889787,-2.8209912111021325,2.8209912111021325,16,1,3,Spring
2026-03-31 17:00:00,49.0,49.18347497417787,0.1834749741778694,0.1834749741778694,17,1,3,Spring
2026-03-31 18:00:00,48.9,46.07644032184523,-2.8235596781547656,2.8235596781547656,18,1,3,Spring
2026-03-31 19:00:00,37.8,40.790724181422036,2.9907241814220384,2.9907241814220384,19,1,3,Spring
2026-03-31 20:00:00,40.5,41.26454888124147,0.7645488812414669,0.7645488812414669,20,1,3,Spring
2026-03-31 21:00:00,39.2,39.48014982046558,0.28014982046557435,0.28014982046557435,21,1,3,Spring
2026-03-31 22:00:00,37.1,37.999344587370814,0.8993445873708126,0.8993445873708126,22,1,3,Spring
2026-03-31 23:00:00,39.0,38.51524328568794,-0.4847567143120628,0.4847567143120628,23,1,3,Spring
2026-04-01 00:00:00,39.5,36.98233322134352,-2.5176667786564835,2.5176667786564835,0,2,4,Spring
2026-04-01 01:00:00,38.8,37.996955345241744,-0.8030446547582528,0.8030446547582528,1,2,4,Spring
2026-04-01 02:00:00,37.4,38.16894929721058,0.7689492972105825,0.7689492972105825,2,2,4,Spring
2026-04-01 03:00:00,36.4,38.04439060810814,1.6443906081081394,1.6443906081081394,3,2,4,Spring
2026-04-01 04:00:00,45.4,41.450959512234235,-3.949040487765764,3.949040487765764,4,2,4,Spring
2026-04-01 05:00:00,44.3,42.8893868827019,-1.410613117298098,1.410613117298098,5,2,4,Spring
2026-04-01 06:00:00,40.9,42.34088936449548,1.440889364495483,1.440889364495483,6,2,4,Spring
2026-04-01 07:00:00,46.3,45.72429528970516,-0.5757047102948363,0.5757047102948363,7,2,4,Spring
2026-04-01 08:00:00,42.0,46.322655022844046,4.322655022844046,4.322655022844046,8,2,4,Spring
2026-04-01 09:00:00,50.8,50.6102253670391,-0.1897746329608978,0.1897746329608978,9,2,4,Spring
2026-04-01 10:00:00,51.1,52.31379745548064,1.2137974554806377,1.2137974554806377,10,2,4,Spring
2026-04-01 11:00:00,50.4,52.47407461526424,2.0740746152642444,2.0740746152642444,11,2,4,Spring
2026-04-01 12:00:00,59.3,55.60939045167574,-3.690609548324254,3.690609548324254,12,2,4,Spring
2026-04-01 13:00:00,48.1,50.627102080113374,2.527102080113373,2.527102080113373,13,2,4,Spring
2026-04-01 14:00:00,54.8,53.637807138205744,-1.162192861794253,1.162192861794253,14,2,4,Spring
2026-04-01 15:00:00,59.4,54.48931002624928,-4.910689973750721,4.910689973750721,15,2,4,Spring
2026-04-01 16:00:00,53.3,51.296521944847306,-2.0034780551526907,2.0034780551526907,16,2,4,Spring
2026-04-01 17:00:00,46.9,47.243032956747314,0.34303295674731515,0.34303295674731515,17,2,4,Spring
2026-04-01 18:00:00,40.5,42.59439989891097,2.0943998989109716,2.0943998989109716,18,2,4,Spring
2026-04-01 19:00:00,37.5,39.82765479019406,2.3276547901940603,2.3276547901940603,19,2,4,Spring
2026-04-01 20:00:00,39.4,40.060872360683454,0.6608723606834559,0.6608723606834559,20,2,4,Spring
2026-04-01 21:00:00,36.6,38.8203020690097,2.2203020690096977,2.2203020690096977,21,2,4,Spring
2026-04-01 22:00:00,35.2,35.85571408151789,0.6557140815178855,0.6557140815178855,22,2,4,Spring
2026-04-01 23:00:00,36.0,37.127047587924714,1.1270475879247144,1.1270475879247144,23,2,4,Spring
2026-04-02 00:00:00,36.6,36.51891733776432,-0.08108266223567995,0.08108266223567995,0,3,4,Spring
2026-04-02 01:00:00,39.2,38.022757710378094,-1.1772422896219084,1.1772422896219084,1,3,4,Spring
2026-04-02 02:00:00,33.1,36.206538556396104,3.106538556396103,3.106538556396103,2,3,4,Spring
2026-04-02 03:00:00,36.6,38.11795373694285,1.5179537369428502,1.5179537369428502,3,3,4,Spring
2026-04-02 04:00:00,40.4,38.67481789319481,-1.7251821068051854,1.7251821068051854,4,3,4,Spring
2026-04-02 05:00:00,42.1,41.8200914008828,-0.27990859911719923,0.27990859911719923,5,3,4,Spring
2026-04-02 06:00:00,52.3,47.184435977894125,-5.115564022105872,5.115564022105872,6,3,4,Spring
2026-04-02 07:00:00,48.0,46.51902907447109,-1.4809709255289079,1.4809709255289079,7,3,4,Spring
2026-04-02 08:00:00,42.5,46.82786909449387,4.32786909449387,4.32786909449387,8,3,4,Spring
2026-04-02 09:00:00,52.3,51.35282161864318,-0.9471783813568138,0.9471783813568138,9,3,4,Spring
2026-04-02 10:00:00,54.1,53.479181883860356,-0.6208181161396453,0.6208181161396453,10,3,4,Spring
2026-04-02 11:00:00,52.2,52.664715247666024,0.464715247666021,0.464715247666021,11,3,4,Spring
2026-04-02 12:00:00,48.1,50.60354481117683,2.5035448111768304,2.5035448111768304,12,3,4,Spring
2026-04-02 13:00:00,59.8,56.09243535935651,-3.70756464064349,3.70756464064349,13,3,4,Spring
2026-04-02 14:00:00,47.6,49.18626997495263,1.5862699749526286,1.5862699749526286,14,3,4,Spring
2026-04-02 15:00:00,53.3,53.01387820376901,-0.28612179623098655,0.28612179623098655,15,3,4,Spring
2026-04-02 16:00:00,49.8,48.42302311168858,-1.3769768883114182,1.3769768883114182,16,3,4,Spring
2026-04-02 17:00:00,49.5,48.8023123056961,-0.6976876943039017,0.6976876943039017,17,3,4,Spring
2026-04-02 18:00:00,51.8,47.621065104935354,-4.178934895064643,4.178934895064643,18,3,4,Spring
2026-04-02 19:00:00,45.2,42.7425925548022,-2.457407445197802,2.457407445197802,19,3,4,Spring
2026-04-02 20:00:00,38.8,39.23780442529077,0.43780442529077135,0.43780442529077135,20,3,4,Spring
2026-04-02 21:00:00,43.8,40.717441619503475,-3.082558380496522,3.082558380496522,21,3,4,Spring
2026-04-02 22:00:00,35.5,37.0540612688529,1.554061268852898,1.554061268852898,22,3,4,Spring
2026-04-02 23:00:00,37.9,36.61393967266168,-1.286060327338319,1.286060327338319,23,3,4,Spring
2026-04-03 00:00:00,31.8,34.17070893993776,2.37070893993776,2.37070893993776,0,4,4,Spring
2026-04-03 01:00:00,33.1,35.21277564632486,2.112775646324856,2.112775646324856,1,4,4,Spring
2026-04-03 02:00:00,38.3,37.440678735310435,-0.8593212646895623,0.8593212646895623,2,4,4,Spring
2026-04-03 03:00:00,40.8,38.164369261086904,-2.6356307389130933,2.6356307389130933,3,4,4,Spring
2026-04-03 04:00:00,34.2,37.36456342690936,3.1645634269093605,3.1645634269093605,4,4,4,Spring
2026-04-03 05:00:00,44.9,43.05330455428948,-1.846695445710516,1.846695445710516,5,4,4,Spring
2026-04-03 06:00:00,41.7,42.61912916734799,0.9191291673479896,0.9191291673479896,6,4,4,Spring
2026-04-03 07:00:00,52.2,47.699367649591416,-4.500632350408587,4.500632350408587,7,4,4,Spring
2026-04-03 08:00:00,47.6,48.1190589036114,0.519058903611402,0.519058903611402,8,4,4,Spring
2026-04-03 09:00:00,46.2,50.374270982324155,4.174270982324153,4.174270982324153,9,4,4,Spring
2026-04-03 10:00:00,52.2,52.140182298907696,-0.05981770109230666,0.05981770109230666,10,4,4,Spring
2026-04-03 11:00:00,49.1,50.05291679303995,0.9529167930399467,0.9529167930399467,11,4,4,Spring
2026-04-03 12:00:00,58.1,54.907977344740736,-3.192022655259265,3.192022655259265,12,4,4,Spring
2026-04-03 13:00:00,52.7,52.21534206294,-0.4846579370599997,0.4846579370599997,13,4,4,Spring
2026-04-03 14:00:00,51.3,51.97597735572332,0.675977355723326,0.675977355723326,14,4,4,Spring
2026-04-03 15:00:00,53.0,52.0190708103692,-0.9809291896307997,0.9809291896307997,15,4,4,Spring
2026-04-03 16:00:00,45.0,46.631824916729755,1.6318249167297552,1.6318249167297552,16,4,4,Spring
2026-04-03 17:00:00,41.9,44.438069610727325,2.5380696107273266,2.5380696107273266,17,4,4,Spring
2026-04-03 18:00:00,46.6,44.9919639163196,-1.6080360836804033,1.6080360836804033,18,4,4,Spring
2026-04-03 19:00:00,38.5,40.52779993356951,2.0277999335695114,2.0277999335695114,19,4,4,Spring
2026-04-03 20:00:00,36.6,40.39450923562862,3.7945092356286168,3.7945092356286168,20,4,4,Spring
2026-04-03 21:00:00,42.7,39.959101828970795,-2.740898171029208,2.740898171029208,21,4,4,Spring
2026-04-03 22:00:00,40.2,37.47928372478841,-2.7207162752115934,2.7207162752115934,22,4,4,Spring
2026-04-03 23:00:00,32.3,35.067186440524274,2.767186440524277,2.767186440524277,23,4,4,Spring
2026-04-04 00:00:00,29.5,30.58988506389622,1.0898850638962188,1.0898850638962188,0,5,4,Spring
2026-04-04 01:00:00,28.6,30.880283349946264,2.280283349946263,2.280283349946263,1,5,4,Spring
2026-04-04 02:00:00,40.2,35.854017956091695,-4.3459820439083074,4.3459820439083074,2,5,4,Spring
2026-04-04 03:00:00,38.0,36.23230766261811,-1.767692337381888,1.767692337381888,3,5,4,Spring
2026-04-04 04:00:00,34.3,35.85019515551821,1.5501951555182103,1.5501951555182103,4,5,4,Spring
2026-04-04 05:00:00,40.2,39.13948205452022,-1.0605179454797806,1.0605179454797806,5,5,4,Spring
2026-04-04 06:00:00,34.6,37.08131709025141,2.481317090251409,2.481317090251409,6,5,4,Spring
2026-04-04 07:00:00,39.4,40.98648174195298,1.58648174195298,1.58648174195298,7,5,4,Spring
2026-04-04 08:00:00,44.4,43.92313739043561,-0.4768626095643853,0.4768626095643853,8,5,4,Spring
2026-04-04 09:00:00,47.5,45.53542595619107,-1.9645740438089305,1.9645740438089305,9,5,4,Spring
2026-04-04 10:00:00,46.5,47.31824344724465,0.8182434472446474,0.8182434472446474,10,5,4,Spring
2026-04-04 11:00:00,48.7,47.81027113175875,-0.8897288682412494,0.8897288682412494,11,5,4,Spring
2026-04-04 12:00:00,48.3,47.44834059129663,-0.8516594087033695,0.8516594087033695,12,5,4,Spring
2026-04-04 13:00:00,47.1,47.84096230362413,0.74096230362413,0.74096230362413,13,5,4,Spring
2026-04-04 14:00:00,45.7,45.55032413322183,-0.1496758667781748,0.1496758667781748,14,5,4,Spring
2026-04-04 15:00:00,43.9,44.5249271686332,0.6249271686331994,0.6249271686331994,15,5,4,Spring
2026-04-04 16:00:00,44.9,43.82710929696946,-1.072890703030538,1.072890703030538,16,5,4,Spring
2026-04-04 17:00:00,43.7,42.55904123951573,-1.1409587604842741,1.1409587604842741,17,5,4,Spring
2026-04-04 18:00:00,40.8,40.82331837458052,0.023318374580526324,0.023318374580526324,18,5,4,Spring
2026-04-04 19:00:00,33.2,35.48223460085668,2.2822346008566754,2.2822346008566754,19,5,4,Spring
2026-04-04 20:00:00,32.0,34.08186233462,2.0818623346199985,2.0818623346199985,20,5,4,Spring
2026-04-04 21:00:00,35.9,35.81532304194752,-0.08467695805247644,0.08467695805247644,21,5,4,Spring
2026-04-04 22:00:00,38.9,34.69192215533023,-4.208077844669766,4.208077844669766,22,5,4,Spring
2026-04-04 23:00:00,32.9,32.32372842424789,-0.5762715757521093,0.5762715757521093,23,5,4,Spring
2026-04-05 00:00:00,30.3,31.678706735222725,1.3787067352227247,1.3787067352227247,0,6,4,Spring
2026-04-05 01:00:00,33.1,31.570728662289408,-1.5292713377105933,1.5292713377105933,1,6,4,Spring
2026-04-05 02:00:00,28.5,30.80403247212189,2.3040324721218894,2.3040324721218894,2,6,4,Spring
2026-04-05 03:00:00,39.6,36.53707413858013,-3.0629258614198704,3.0629258614198704,3,6,4,Spring
2026-04-05 04:00:00,36.7,37.22922488099728,0.5292248809972762,0.5292248809972762,4,6,4,Spring
2026-04-05 05:00:00,35.2,38.86199239223848,3.6619923922384743,3.6619923922384743,5,6,4,Spring
2026-04-05 06:00:00,39.3,38.43274176648316,-0.8672582335168357,0.8672582335168357,6,6,4,Spring
2026-04-05 07:00:00,39.9,40.97164535453467,1.0716453545346738,1.0716453545346738,7,6,4,Spring
2026-04-05 08:00:00,49.2,45.55218877397525,-3.64781122602475,3.64781122602475,8,6,4,Spring
2026-04-05 09:00:00,44.8,45.57747335475482,0.7774733547548252,0.7774733547548252,9,6,4,Spring
2026-04-05 10:00:00,47.5,48.198520409082505,0.698520409082505,0.698520409082505,10,6,4,Spring
2026-04-05 11:00:00,50.0,48.21372261235527,-1.7862773876447307,1.7862773876447307,11,6,4,Spring
2026-04-05 12:00:00,45.0,46.4765889028337,1.4765889028336971,1.4765889028336971,12,6,4,Spring
2026-04-05 13:00:00,48.5,48.20208713145847,-0.29791286854153043,0.29791286854153043,13,6,4,Spring
2026-04-05 14:00:00,48.0,47.544481842054516,-0.4555181579454839,0.4555181579454839,14,6,4,Spring
2026-04-05 15:00:00,39.4,44.11812713485986,4.718127134859863,4.718127134859863,15,6,4,Spring
2026-04-05 16:00:00,45.0,43.56274348459621,-1.4372565154037886,1.4372565154037886,16,6,4,Spring
2026-04-05 17:00:00,41.9,40.815418425504504,-1.0845815744954947,1.0845815744954947,17,6,4,Spring
2026-04-05 18:00:00,40.5,39.77553596682644,-0.724464033173561,0.724464033173561,18,6,4,Spring
2026-04-05 19:00:00,38.1,37.704286568482,-0.3957134315180042,0.3957134315180042,19,6,4,Spring
2026-04-05 20:00:00,37.0,36.34484487412316,-0.6551551258768384,0.6551551258768384,20,6,4,Spring
2026-04-05 21:00:00,39.7,36.488473215310115,-3.2115267846898874,3.2115267846898874,21,6,4,Spring
2026-04-05 22:00:00,28.3,30.79056983538761,2.4905698353876105,2.4905698353876105,22,6,4,Spring
2026-04-05 23:00:00,30.9,31.96255970777353,1.0625597077735307,1.0625597077735307,23,6,4,Spring
2026-04-06 00:00:00,39.6,39.45152446151759,-0.14847553848240835,0.14847553848240835,0,0,4,Spring
2026-04-06 01:00:00,39.2,38.254276012987674,-0.9457239870123288,0.9457239870123288,1,0,4,Spring
2026-04-06 02:00:00,39.9,40.43111273381225,0.5311127338122503,0.5311127338122503,2,0,4,Spring
2026-04-06 03:00:00,50.3,45.96238712390725,-4.337612876092749,4.337612876092749,3,0,4,Spring
2026-04-06 04:00:00,43.4,42.22987316183286,-1.1701268381671355,1.1701268381671355,4,0,4,Spring
2026-04-06 05:00:00,47.4,44.94881522484339,-2.451184775156605,2.451184775156605,5,0,4,Spring
2026-04-06 06:00:00,43.7,44.453780554984775,0.7537805549847718,0.7537805549847718,6,0,4,Spring
2026-04-06 07:00:00,43.1,45.48506358475627,2.385063584756267,2.385063584756267,7,0,4,Spring
2026-04-06 08:00:00,47.7,49.07916907725337,1.3791690772533656,1.3791690772533656,8,0,4,Spring
2026-04-06 09:00:00,53.5,51.28817952206633,-2.2118204779336708,2.2118204779336708,9,0,4,Spring
2026-04-06 10:00:00,53.5,52.16306054858441,-1.3369394514155886,1.3369394514155886,10,0,4,Spring
2026-04-06 11:00:00,54.3,53.14349936974763,-1.156500630252367,1.156500630252367,11,0,4,Spring
2026-04-06 12:00:00,52.1,51.868783001307314,-0.23121699869268753,0.23121699869268753,12,0,4,Spring
2026-04-06 13:00:00,51.2,52.10776034896924,0.9077603489692336,0.9077603489692336,13,0,4,Spring
2026-04-06 14:00:00,51.2,52.932224935194846,1.7322249351948429,1.7322249351948429,14,0,4,Spring
2026-04-06 15:00:00,53.5,52.10782546527908,-1.3921745347209225,1.3921745347209225,15,0,4,Spring
2026-04-06 16:00:00,52.3,50.299912895271746,-2.0000871047282516,2.0000871047282516,16,0,4,Spring
2026-04-06 17:00:00,43.0,45.77459402406632,2.7745940240663174,2.7745940240663174,17,0,4,Spring
2026-04-06 18:00:00,48.0,47.295372231990555,-0.7046277680094448,0.7046277680094448,18,0,4,Spring
2026-04-06 19:00:00,40.3,41.09589825837969,0.7958982583796939,0.7958982583796939,19,0,4,Spring
2026-04-06 20:00:00,42.8,41.7484963257283,-1.0515036742717,1.0515036742717,20,0,4,Spring
2026-04-06 21:00:00,38.5,40.297934347856966,1.797934347856966,1.797934347856966,21,0,4,Spring
2026-04-06 22:00:00,44.3,41.70904166948819,-2.5909583305118105,2.5909583305118105,22,0,4,Spring
2026-04-06 23:00:00,35.6,36.598339575241035,0.9983395752410331,0.9983395752410331,23,0,4,Spring
2026-04-07 00:00:00,37.7,36.65680644479484,-1.043193555205164,1.043193555205164,0,1,4,Spring
2026-04-07 01:00:00,39.7,36.71371777834983,-2.986282221650171,2.986282221650171,1,1,4,Spring
2026-04-07 02:00:00,34.5,35.23227289546705,0.7322728954670481,0.7322728954670481,2,1,4,Spring
2026-04-07 03:00:00,39.0,38.88780930682745,-0.11219069317255048,0.11219069317255048,3,1,4,Spring
2026-04-07 04:00:00,39.9,41.336391531232096,1.436391531232097,1.436391531232097,4,1,4,Spring
2026-04-07 05:00:00,40.8,41.522681800910505,0.7226818009105074,0.7226818009105074,5,1,4,Spring
2026-04-07 06:00:00,43.2,43.426664818706364,0.2266648187063609,0.2266648187063609,6,1,4,Spring
2026-04-07 07:00:00,51.5,46.49074532820462,-5.009254671795382,5.009254671795382,7,1,4,Spring
2026-04-07 08:00:00,46.6,48.40746322470287,1.8074632247028717,1.8074632247028717,8,1,4,Spring
2026-04-07 09:00:00,52.9,51.404864142236576,-1.4951358577634224,1.4951358577634224,9,1,4,Spring
2026-04-07 10:00:00,53.1,52.27886884636263,-0.8211311536373742,0.8211311536373742,10,1,4,Spring
2026-04-07 11:00:00,47.1,50.96142588299644,3.8614258829964356,3.8614258829964356,11,1,4,Spring
2026-04-07 12:00:00,55.0,54.77009347993226,-0.22990652006774326,0.22990652006774326,12,1,4,Spring
2026-04-07 13:00:00,47.0,49.39836992381657,2.398369923816567,2.398369923816567,13,1,4,Spring
2026-04-07 14:00:00,54.4,52.517101164533486,-1.8828988354665128,1.8828988354665128,14,1,4,Spring
2026-04-07 15:00:00,48.6,49.654082459122186,1.054082459122185,1.054082459122185,15,1,4,Spring
2026-04-07 16:00:00,49.0,49.04269407365296,0.042694073652960185,0.042694073652960185,16,1,4,Spring
2026-04-07 17:00:00,41.8,44.81448295265435,3.0144829526543546,3.0144829526543546,17,1,4,Spring
2026-04-07 18:00:00,45.4,45.14284485322778,-0.2571551467722202,0.2571551467722202,18,1,4,Spring
2026-04-07 19:00:00,46.6,44.21678527532312,-2.3832147246768827,2.3832147246768827,19,1,4,Spring
2026-04-07 20:00:00,37.7,41.00559935123795,3.3055993512379445,3.3055993512379445,20,1,4,Spring
2026-04-07 21:00:00,36.9,38.16884343519218,1.2688434351921813,1.2688434351921813,21,1,4,Spring
2026-04-07 22:00:00,39.8,38.31519822841764,-1.4848017715823545,1.4848017715823545,22,1,4,Spring
2026-04-07 23:00:00,39.1,36.05907702047034,-3.040922979529661,3.040922979529661,23,1,4,Spring
2026-04-08 00:00:00,27.2,31.852746484715095,4.652746484715095,4.652746484715095,0,2,4,Spring
2026-04-08 01:00:00,45.3,41.237072577011176,-4.062927422988821,4.062927422988821,1,2,4,Spring
2026-04-08 02:00:00,40.1,38.48750040625399,-1.6124995937460085,1.6124995937460085,2,2,4,Spring
2026-04-08 03:00:00,42.1,40.81182927627104,-1.2881707237289604,1.2881707237289604,3,2,4,Spring
2026-04-08 04:00:00,40.4,40.624938479878715,0.22493847987871618,0.22493847987871618,4,2,4,Spring
2026-04-08 05:00:00,35.4,39.842173289004144,4.442173289004145,4.442173289004145,5,2,4,Spring
2026-04-08 06:00:00,47.6,44.48865475388692,-3.111345246113082,3.111345246113082,6,2,4,Spring
2026-04-08 07:00:00,44.7,44.85163303163472,0.15163303163471653,0.15163303163471653,7,2,4,Spring
2026-04-08 08:00:00,51.1,48.93603650861873,-2.163963491381274,2.163963491381274,8,2,4,Spring
2026-04-08 09:00:00,49.7,50.4630765424314,0.7630765424313992,0.7630765424313992,9,2,4,Spring
2026-04-08 10:00:00,52.8,51.91375134663242,-0.8862486533675806,0.8862486533675806,10,2,4,Spring
2026-04-08 11:00:00,49.6,49.74494282101443,0.1449428210144319,0.1449428210144319,11,2,4,Spring
2026-04-08 12:00:00,56.4,54.974824166986146,-1.4251758330138529,1.4251758330138529,12,2,4,Spring
2026-04-08 13:00:00,47.9,50.6185508534596,2.718550853459604,2.718550853459604,13,2,4,Spring
2026-04-08 14:00:00,60.8,58.02077180623884,-2.7792281937611563,2.7792281937611563,14,2,4,Spring
2026-04-08 15:00:00,59.5,57.07204417329484,-2.4279558267051584,2.4279558267051584,15,2,4,Spring
2026-04-08 16:00:00,55.5,52.86640274623522,-2.6335972537647834,2.6335972537647834,16,2,4,Spring
2026-04-08 17:00:00,52.1,49.88098064533598,-2.2190193546640202,2.2190193546640202,17,2,4,Spring
2026-04-08 18:00:00,44.6,45.77864393611623,1.1786439361162309,1.1786439361162309,18,2,4,Spring
2026-04-08 19:00:00,47.5,44.855176518981736,-2.644823481018264,2.644823481018264,19,2,4,Spring
2026-04-08 20:00:00,40.5,40.8634591985872,0.36345919858720066,0.36345919858720066,20,2,4,Spring
2026-04-08 21:00:00,33.1,38.04265544140097,4.942655441400966,4.942655441400966,21,2,4,Spring
2026-04-08 22:00:00,44.0,40.51412588045365,-3.4858741195463523,3.4858741195463523,22,2,4,Spring
2026-04-08 23:00:00,41.7,39.121356296457336,-2.5786437035426673,2.5786437035426673,23,2,4,Spring
2026-04-09 00:00:00,36.8,37.33656985541282,0.5365698554128215,0.5365698554128215,0,3,4,Spring
2026-04-09 01:00:00,32.3,35.536621549690885,3.236621549690888,3.236621549690888,1,3,4,Spring
2026-04-09 02:00:00,35.6,36.379119721027664,0.7791197210276621,0.7791197210276621,2,3,4,Spring
2026-04-09 03:00:00,32.0,36.375136195030215,4.3751361950302154,4.3751361950302154,3,3,4,Spring
2026-04-09 04:00:00,44.7,40.31128132641037,-4.388718673589629,4.388718673589629,4,3,4,Spring
2026-04-09 05:00:00,36.4,40.00372381647088,3.6037238164708825,3.6037238164708825,5,3,4,Spring
2026-04-09 06:00:00,46.1,44.40387667438387,-1.6961233256161279,1.6961233256161279,6,3,4,Spring
2026-04-09 07:00:00,43.6,43.478995844465956,-0.12100415553404531,0.12100415553404531,7,3,4,Spring
2026-04-09 08:00:00,43.2,45.37121836404947,2.1712183640494658,2.1712183640494658,8,3,4,Spring
2026-04-09 09:00:00,51.5,50.267306758317645,-1.2326932416823553,1.2326932416823553,9,3,4,Spring
2026-04-09 10:00:00,50.5,50.43859234321283,-0.06140765678716775,0.06140765678716775,10,3,4,Spring
2026-04-09 11:00:00,56.0,52.81269555493199,-3.1873044450680084,3.1873044450680084,11,3,4,Spring
2026-04-09 12:00:00,47.8,49.86342027944707,2.0634202794470724,2.0634202794470724,12,3,4,Spring
2026-04-09 13:00:00,49.6,50.27707210763718,0.67707210763718,0.67707210763718,13,3,4,Spring
2026-04-09 14:00:00,42.3,48.74827747478301,6.448277474783012,6.448277474783012,14,3,4,Spring
2026-04-09 15:00:00,41.8,48.10846771302787,6.3084677130278735,6.3084677130278735,15,3,4,Spring
2026-04-09 16:00:00,56.1,53.19587298556029,-2.904127014439709,2.904127014439709,16,3,4,Spring
2026-04-09 17:00:00,55.3,51.06749622301682,-4.2325037769831795,4.2325037769831795,17,3,4,Spring
2026-04-09 18:00:00,45.3,45.848488894063344,0.5484888940633468,0.5484888940633468,18,3,4,Spring
2026-04-09 19:00:00,39.5,42.8707386787129,3.370738678712897,3.370738678712897,19,3,4,Spring
2026-04-09 20:00:00,39.7,40.18176129952487,0.48176129952486946,0.48176129952486946,20,3,4,Spring
2026-04-09 21:00:00,42.7,42.041096260056676,-0.6589037399433266,0.6589037399433266,21,3,4,Spring
2026-04-09 22:00:00,35.9,37.59173372396025,1.6917337239602546,1.6917337239602546,22,3,4,Spring
2026-04-09 23:00:00,38.1,37.6507767872626,-0.44922321273740096,0.44922321273740096,23,3,4,Spring
2026-04-10 00:00:00,36.8,37.11384824707807,0.31384824707807013,0.31384824707807013,0,4,4,Spring
2026-04-10 01:00:00,34.9,34.6554511354234,-0.24454886457660052,0.24454886457660052,1,4,4,Spring
2026-04-10 02:00:00,35.9,37.8316709183951,1.931670918395099,1.931670918395099,2,4,4,Spring
2026-04-10 03:00:00,40.4,39.44760053039577,-0.9523994696042308,0.9523994696042308,3,4,4,Spring
2026-04-10 04:00:00,37.0,38.77603594249267,1.776035942492669,1.776035942492669,4,4,4,Spring
2026-04-10 05:00:00,44.6,42.809416631604186,-1.790583368395815,1.790583368395815,5,4,4,Spring
2026-04-10 06:00:00,43.0,43.31267990495057,0.31267990495057063,0.31267990495057063,6,4,4,Spring
2026-04-10 07:00:00,47.5,47.77899089661737,0.27899089661737264,0.27899089661737264,7,4,4,Spring
2026-04-10 08:00:00,54.4,51.86651338624416,-2.5334866137558407,2.5334866137558407,8,4,4,Spring
2026-04-10 09:00:00,49.9,51.10731767901324,1.2073176790132436,1.2073176790132436,9,4,4,Spring
2026-04-10 10:00:00,55.5,53.45625167471801,-2.043748325281989,2.043748325281989,10,4,4,Spring
2026-04-10 11:00:00,45.4,50.86134712011876,5.461347120118759,5.461347120118759,11,4,4,Spring
2026-04-10 12:00:00,51.0,53.05334777698528,2.0533477769852766,2.0533477769852766,12,4,4,Spring
2026-04-10 13:00:00,52.7,52.25258697572471,-0.44741302427529206,0.44741302427529206,13,4,4,Spring
2026-04-10 14:00:00,59.5,54.20066094303986,-5.299339056960143,5.299339056960143,14,4,4,Spring
2026-04-10 15:00:00,42.7,47.63782724016853,4.937827240168524,4.937827240168524,15,4,4,Spring
2026-04-10 16:00:00,48.5,48.260175189549514,-0.23982481045048587,0.23982481045048587,16,4,4,Spring
2026-04-10 17:00:00,52.8,49.20542493538542,-3.594575064614574,3.594575064614574,17,4,4,Spring
2026-04-10 18:00:00,41.7,42.38441551067857,0.6844155106785692,0.6844155106785692,18,4,4,Spring
2026-04-10 19:00:00,42.0,42.110478707949014,0.11047870794901371,0.11047870794901371,19,4,4,Spring
2026-04-10 20:00:00,42.2,42.497790813837874,0.29779081383787087,0.29779081383787087,20,4,4,Spring
2026-04-10 21:00:00,40.0,39.022767797883354,-0.977232202116646,0.977232202116646,21,4,4,Spring
2026-04-10 22:00:00,44.2,40.77578223120458,-3.4242177687954225,3.4242177687954225,22,4,4,Spring
2026-04-10 23:00:00,39.0,39.1866325698635,0.18663256986349808,0.18663256986349808,23,4,4,Spring
2026-04-11 00:00:00,37.2,35.681232086311034,-1.5187679136889685,1.5187679136889685,0,5,4,Spring
2026-04-11 01:00:00,30.7,31.826026365808815,1.1260263658088157,1.1260263658088157,1,5,4,Spring
2026-04-11 02:00:00,30.0,31.962314016479745,1.9623140164797448,1.9623140164797448,2,5,4,Spring
2026-04-11 03:00:00,33.3,34.1442892595792,0.844289259579206,0.844289259579206,3,5,4,Spring
2026-04-11 04:00:00,31.2,35.068000158718824,3.868000158718825,3.868000158718825,4,5,4,Spring
2026-04-11 05:00:00,39.7,37.14593008717114,-2.554069912828865,2.554069912828865,5,5,4,Spring
2026-04-11 06:00:00,38.3,38.84228365170236,0.5422836517023626,0.5422836517023626,6,5,4,Spring
2026-04-11 07:00:00,39.2,39.514431047530124,0.3144310475301211,0.3144310475301211,7,5,4,Spring
2026-04-11 08:00:00,45.9,44.77226108079585,-1.1277389192041483,1.1277389192041483,8,5,4,Spring
2026-04-11 09:00:00,40.9,45.23023271885803,4.330232718858035,4.330232718858035,9,5,4,Spring
2026-04-11 10:00:00,49.9,47.79998044899376,-2.100019551006241,2.100019551006241,10,5,4,Spring
2026-04-11 11:00:00,45.7,46.34274947978008,0.642749479780079,0.642749479780079,11,5,4,Spring
2026-04-11 12:00:00,52.5,49.76564157859263,-2.7343584214073715,2.7343584214073715,12,5,4,Spring
2026-04-11 13:00:00,46.0,48.06889077751294,2.068890777512941,2.068890777512941,13,5,4,Spring
2026-04-11 14:00:00,49.3,47.145055304039914,-2.154944695960083,2.154944695960083,14,5,4,Spring
2026-04-11 15:00:00,46.2,46.95666817487808,0.7566681748780795,0.7566681748780795,15,5,4,Spring
2026-04-11 16:00:00,46.8,44.38675477463713,-2.4132452253628642,2.4132452253628642,16,5,4,Spring
2026-04-11 17:00:00,42.4,41.53294256130177,-0.8670574386982253,0.8670574386982253,17,5,4,Spring
2026-04-11 18:00:00,33.2,36.40314145213346,3.2031414521334582,3.2031414521334582,18,5,4,Spring
2026-04-11 19:00:00,41.8,38.371922949942565,-3.428077050057432,3.428077050057432,19,5,4,Spring
2026-04-11 20:00:00,35.5,36.651060615568106,1.151060615568106,1.151060615568106,20,5,4,Spring
2026-04-11 21:00:00,37.4,36.45235868909246,-0.9476413109075352,0.9476413109075352,21,5,4,Spring
2026-04-11 22:00:00,35.7,34.05797356850023,-1.6420264314997723,1.6420264314997723,22,5,4,Spring
2026-04-11 23:00:00,29.0,31.58310393740202,2.5831039374020186,2.5831039374020186,23,5,4,Spring
2026-04-12 00:00:00,28.2,30.511842031226458,2.3118420312264583,2.3118420312264583,0,6,4,Spring
2026-04-12 01:00:00,34.7,33.40952454624435,-1.2904754537556542,1.2904754537556542,1,6,4,Spring
2026-04-12 02:00:00,31.7,32.55466035204848,0.8546603520484801,0.8546603520484801,2,6,4,Spring
2026-04-12 03:00:00,37.9,35.970608236292875,-1.9293917637071232,1.9293917637071232,3,6,4,Spring
2026-04-12 04:00:00,35.1,35.28069811589095,0.18069811589094797,0.18069811589094797,4,6,4,Spring
2026-04-12 05:00:00,41.9,40.983244849448816,-0.9167551505511824,0.9167551505511824,5,6,4,Spring
2026-04-12 06:00:00,41.5,40.5274677629275,-0.9725322370724996,0.9725322370724996,6,6,4,Spring
2026-04-12 07:00:00,43.1,42.05580499800719,-1.0441950019928115,1.0441950019928115,7,6,4,Spring
2026-04-12 08:00:00,42.3,44.26835112880142,1.968351128801423,1.968351128801423,8,6,4,Spring
2026-04-12 09:00:00,46.4,46.23606794366514,-0.16393205633485763,0.16393205633485763,9,6,4,Spring
2026-04-12 10:00:00,51.5,49.44364109491113,-2.056358905088871,2.056358905088871,10,6,4,Spring
2026-04-12 11:00:00,47.3,47.77692584522715,0.4769258452271501,0.4769258452271501,11,6,4,Spring
2026-04-12 12:00:00,50.0,49.81071090579118,-0.18928909420881723,0.18928909420881723,12,6,4,Spring
2026-04-12 13:00:00,47.7,49.07062833922796,1.370628339227956,1.370628339227956,13,6,4,Spring
2026-04-12 14:00:00,47.3,47.77607108748872,0.4760710874887195,0.4760710874887195,14,6,4,Spring
2026-04-12 15:00:00,52.4,47.956916433027295,-4.443083566972703,4.443083566972703,15,6,4,Spring
2026-04-12 16:00:00,48.6,46.85992182650641,-1.7400781734935933,1.7400781734935933,16,6,4,Spring
2026-04-12 17:00:00,42.2,41.86484388860516,-0.3351561113948449,0.3351561113948449,17,6,4,Spring
2026-04-12 18:00:00,40.7,40.96731394406456,0.2673139440645542,0.2673139440645542,18,6,4,Spring
2026-04-12 19:00:00,35.0,37.638701182577854,2.6387011825778544,2.6387011825778544,19,6,4,Spring
2026-04-12 20:00:00,35.1,35.760595510938174,0.6605955109381725,0.6605955109381725,20,6,4,Spring
2026-04-12 21:00:00,35.4,35.340969755954454,-0.05903024404554458,0.05903024404554458,21,6,4,Spring
2026-04-12 22:00:00,36.3,34.991318838521885,-1.3086811614781126,1.3086811614781126,22,6,4,Spring
2026-04-12 23:00:00,35.1,33.4191650447695,-1.6808349552305017,1.6808349552305017,23,6,4,Spring
2026-04-13 00:00:00,32.4,34.41038566517575,2.010385665175754,2.010385665175754,0,0,4,Spring
2026-04-13 01:00:00,41.0,39.783508114035016,-1.2164918859649845,1.2164918859649845,1,0,4,Spring
2026-04-13 02:00:00,37.5,38.43340766021877,0.9334076602187693,0.9334076602187693,2,0,4,Spring
2026-04-13 03:00:00,35.2,39.35180798500778,4.151807985007778,4.151807985007778,3,0,4,Spring
2026-04-13 04:00:00,46.1,42.262067449006935,-3.8379325509930666,3.8379325509930666,4,0,4,Spring
2026-04-13 05:00:00,48.6,45.85282524172857,-2.7471747582714343,2.7471747582714343,5,0,4,Spring
2026-04-13 06:00:00,45.9,45.2071241568933,-0.6928758431066981,0.6928758431066981,6,0,4,Spring
2026-04-13 07:00:00,49.7,47.64787320842226,-2.0521267915777415,2.0521267915777415,7,0,4,Spring
2026-04-13 08:00:00,51.9,51.4238351177166,-0.47616488228339904,0.47616488228339904,8,0,4,Spring
2026-04-13 09:00:00,56.0,53.258007714286535,-2.741992285713465,2.741992285713465,9,0,4,Spring
2026-04-13 10:00:00,54.6,53.29430267064393,-1.3056973293560716,1.3056973293560716,10,0,4,Spring
2026-04-13 11:00:00,47.2,51.176357999398896,3.9763579993988927,3.9763579993988927,11,0,4,Spring
2026-04-13 12:00:00,60.8,56.106419276848996,-4.693580723151001,4.693580723151001,12,0,4,Spring
2026-04-13 13:00:00,56.8,53.50192346446749,-3.298076535532509,3.298076535532509,13,0,4,Spring
2026-04-13 14:00:00,49.7,50.6020129445256,0.9020129445255947,0.9020129445255947,14,0,4,Spring
2026-04-13 15:00:00,46.3,49.40679315602323,3.1067931560232296,3.1067931560232296,15,0,4,Spring
2026-04-13 16:00:00,50.8,49.800571110349175,-0.9994288896508223,0.9994288896508223,16,0,4,Spring
2026-04-13 17:00:00,45.8,46.17214150455786,0.37214150455785955,0.37214150455785955,17,0,4,Spring
2026-04-13 18:00:00,46.1,44.29893332465862,-1.8010666753413815,1.8010666753413815,18,0,4,Spring
2026-04-13 19:00:00,45.7,43.4521501695312,-2.2478498304688017,2.2478498304688017,19,0,4,Spring
2026-04-13 20:00:00,38.5,40.62638992935577,2.126389929355767,2.126389929355767,20,0,4,Spring
2026-04-13 21:00:00,34.7,37.888465564265694,3.188465564265691,3.188465564265691,21,0,4,Spring
2026-04-13 22:00:00,39.4,39.59063723796135,0.19063723796135434,0.19063723796135434,22,0,4,Spring
2026-04-13 23:00:00,34.9,35.504127460726714,0.6041274607267155,0.6041274607267155,23,0,4,Spring
2026-04-14 00:00:00,37.3,35.27872883875743,-2.0212711612425664,2.0212711612425664,0,1,4,Spring
2026-04-14 01:00:00,31.7,34.504825070743564,2.804825070743565,2.804825070743565,1,1,4,Spring
2026-04-14 02:00:00,36.8,37.66018836643604,0.8601883664360415,0.8601883664360415,2,1,4,Spring
2026-04-14 03:00:00,42.0,38.58858284270338,-3.4114171572966185,3.4114171572966185,3,1,4,Spring
2026-04-14 04:00:00,43.2,40.33564734698202,-2.8643526530179813,2.8643526530179813,4,1,4,Spring
2026-04-14 05:00:00,39.5,42.25887821446322,2.7588782144632233,2.7588782144632233,5,1,4,Spring
2026-04-14 06:00:00,40.1,42.586525267029394,2.4865252670293927,2.4865252670293927,6,1,4,Spring
2026-04-14 07:00:00,46.9,46.07883175717661,-0.82116824282339,0.82116824282339,7,1,4,Spring
2026-04-14 08:00:00,51.0,49.71986000915333,-1.2801399908466706,1.2801399908466706,8,1,4,Spring
2026-04-14 09:00:00,52.0,51.27216846522686,-0.7278315347731379,0.7278315347731379,9,1,4,Spring
2026-04-14 10:00:00,49.6,50.61346289845433,1.0134628984543284,1.0134628984543284,10,1,4,Spring
2026-04-14 11:00:00,53.7,52.54628256296491,-1.153717437035091,1.153717437035091,11,1,4,Spring
2026-04-14 12:00:00,58.8,55.40873312459732,-3.3912668754026782,3.3912668754026782,12,1,4,Spring
2026-04-14 13:00:00,53.3,53.00842647417467,-0.2915735258253278,0.2915735258253278,13,1,4,Spring
2026-04-14 14:00:00,45.2,50.07887831208971,4.878878312089704,4.878878312089704,14,1,4,Spring
2026-04-14 15:00:00,51.2,50.97231891791009,-0.22768108208991578,0.22768108208991578,15,1,4,Spring
2026-04-14 16:00:00,56.9,52.648956495056936,-4.251043504943063,4.251043504943063,16,1,4,Spring
2026-04-14 17:00:00,41.7,45.220052871124764,3.5200528711247614,3.5200528711247614,17,1,4,Spring
2026-04-14 18:00:00,44.9,45.303781544754244,0.40378154475424566,0.40378154475424566,18,1,4,Spring
2026-04-14 19:00:00,41.8,41.341916323036074,-0.4580836769639234,0.4580836769639234,19,1,4,Spring
2026-04-14 20:00:00,41.1,40.98764184708275,-0.1123581529172526,0.1123581529172526,20,1,4,Spring
2026-04-14 21:00:00,39.9,40.6251425610814,0.7251425610813982,0.7251425610813982,21,1,4,Spring
2026-04-14 22:00:00,42.4,39.76084088157119,-2.6391591184288075,2.6391591184288075,22,1,4,Spring
2026-04-14 23:00:00,37.4,37.95632368625667,0.5563236862566683,0.5563236862566683,23,1,4,Spring
2026-04-15 00:00:00,41.8,38.34355967585586,-3.4564403241441397,3.4564403241441397,0,2,4,Spring
2026-04-15 01:00:00,36.5,36.20046844841001,-0.29953155158999323,0.29953155158999323,1,2,4,Spring
2026-04-15 02:00:00,36.4,35.447509549268005,-0.9524904507319931,0.9524904507319931,2,2,4,Spring
2026-04-15 03:00:00,36.4,38.26461234633859,1.864612346338589,1.864612346338589,3,2,4,Spring
2026-04-15 04:00:00,33.5,38.16854532762632,4.668545327626319,4.668545327626319,4,2,4,Spring
2026-04-15 05:00:00,43.8,43.397491983039956,-0.40250801696004146,0.40250801696004146,5,2,4,Spring
2026-04-15 06:00:00,52.9,46.5678448394223,-6.332155160577699,6.332155160577699,6,2,4,Spring
2026-04-15 07:00:00,48.6,47.40975385774714,-1.1902461422528603,1.1902461422528603,7,2,4,Spring
2026-04-15 08:00:00,51.5,51.16816893983998,-0.3318310601600203,0.3318310601600203,8,2,4,Spring
2026-04-15 09:00:00,48.7,51.410821291321355,2.710821291321352,2.710821291321352,9,2,4,Spring
2026-04-15 10:00:00,50.7,52.22190316411005,1.52190316411005,1.52190316411005,10,2,4,Spring
2026-04-15 11:00:00,56.4,55.28147252167176,-1.1185274783282395,1.1185274783282395,11,2,4,Spring
2026-04-15 12:00:00,60.8,56.90172716715669,-3.898272832843304,3.898272832843304,12,2,4,Spring
2026-04-15 13:00:00,58.4,54.62970399392394,-3.770296006076059,3.770296006076059,13,2,4,Spring
2026-04-15 14:00:00,54.9,54.41101487571498,-0.4889851242850156,0.4889851242850156,14,2,4,Spring
2026-04-15 15:00:00,50.5,51.46780864318551,0.9678086431855135,0.9678086431855135,15,2,4,Spring
2026-04-15 16:00:00,49.6,49.90810867139014,0.3081086713901371,0.3081086713901371,16,2,4,Spring
2026-04-15 17:00:00,43.8,45.70080350820152,1.9008035082015198,1.9008035082015198,17,2,4,Spring
2026-04-15 18:00:00,38.9,41.69583062848995,2.795830628489952,2.795830628489952,18,2,4,Spring
2026-04-15 19:00:00,38.1,39.5144197214414,1.4144197214413978,1.4144197214413978,19,2,4,Spring
2026-04-15 20:00:00,40.9,39.600705509801216,-1.2992944901987826,1.2992944901987826,20,2,4,Spring
2026-04-15 21:00:00,37.9,37.9239156972955,0.023915697295500138,0.023915697295500138,21,2,4,Spring
2026-04-15 22:00:00,31.9,34.96509161276877,3.065091612768768,3.065091612768768,22,2,4,Spring
2026-04-15 23:00:00,36.8,36.479517564256135,-0.3204824357438625,0.3204824357438625,23,2,4,Spring
2026-04-16 00:00:00,35.4,36.394259618404654,0.994259618404655,0.994259618404655,0,3,4,Spring
2026-04-16 01:00:00,32.3,34.66518320699364,2.365183206993642,2.365183206993642,1,3,4,Spring
2026-04-16 02:00:00,36.3,37.30725830881217,1.007258308812176,1.007258308812176,2,3,4,Spring
2026-04-16 03:00:00,37.7,37.11230036678395,-0.5876996332160545,0.5876996332160545,3,3,4,Spring
2026-04-16 04:00:00,38.2,39.391370501852876,1.191370501852873,1.191370501852873,4,3,4,Spring
2026-04-16 05:00:00,46.3,43.670233803969516,-2.629766196030481,2.629766196030481,5,3,4,Spring
2026-04-16 06:00:00,37.1,40.77902243406796,3.67902243406796,3.67902243406796,6,3,4,Spring
2026-04-16 07:00:00,38.8,42.32364233059127,3.5236423305912723,3.5236423305912723,7,3,4,Spring
2026-04-16 08:00:00,48.7,48.10611691204433,-0.5938830879556747,0.5938830879556747,8,3,4,Spring
2026-04-16 09:00:00,50.7,49.53905869092766,-1.1609413090723422,1.1609413090723422,9,3,4,Spring
2026-04-16 10:00:00,53.2,52.323099214769435,-0.8769007852305677,0.8769007852305677,10,3,4,Spring
2026-04-16 11:00:00,50.3,51.85983028578209,1.5598302857820912,1.5598302857820912,11,3,4,Spring
2026-04-16 12:00:00,49.0,51.408194832610725,2.408194832610725,2.408194832610725,12,3,4,Spring
2026-04-16 13:00:00,52.4,52.96247262646054,0.56247262646054,0.56247262646054,13,3,4,Spring
2026-04-16 14:00:00,49.8,51.57133707944523,1.7713370794452317,1.7713370794452317,14,3,4,Spring
2026-04-16 15:00:00,56.5,52.28473276386501,-4.215267236134991,4.215267236134991,15,3,4,Spring
2026-04-16 16:00:00,47.4,49.285208276366944,1.8852082763669458,1.8852082763669458,16,3,4,Spring
2026-04-16 17:00:00,46.5,46.98848196177715,0.488481961777147,0.488481961777147,17,3,4,Spring
2026-04-16 18:00:00,54.6,49.284715369178585,-5.315284630821417,5.315284630821417,18,3,4,Spring
2026-04-16 19:00:00,41.8,41.84034683731213,0.04034683731213562,0.04034683731213562,19,3,4,Spring
2026-04-16 20:00:00,42.9,41.32084850809867,-1.579151491901328,1.579151491901328,20,3,4,Spring
2026-04-16 21:00:00,41.6,40.60675466475871,-0.9932453352412907,0.9932453352412907,21,3,4,Spring
2026-04-16 22:00:00,40.7,40.20791092381555,-0.4920890761844561,0.4920890761844561,22,3,4,Spring
2026-04-16 23:00:00,38.1,38.77398291774317,0.6739829177431673,0.6739829177431673,23,3,4,Spring
2026-04-17 00:00:00,37.4,37.611215629014715,0.2112156290147169,0.2112156290147169,0,4,4,Spring
2026-04-17 01:00:00,37.3,37.51993754165751,0.2199375416575151,0.2199375416575151,1,4,4,Spring
2026-04-17 02:00:00,35.4,36.8676939802969,1.4676939802969002,1.4676939802969002,2,4,4,Spring
2026-04-17 03:00:00,40.3,38.91647819680607,-1.3835218031939291,1.3835218031939291,3,4,4,Spring
2026-04-17 04:00:00,48.7,41.89162790563201,-6.808372094367989,6.808372094367989,4,4,4,Spring
2026-04-17 05:00:00,47.4,43.8708321787466,-3.5291678212533952,3.5291678212533952,5,4,4,Spring
2026-04-17 06:00:00,45.9,45.00671406058616,-0.8932859394138362,0.8932859394138362,6,4,4,Spring
2026-04-17 07:00:00,50.1,48.38653086087838,-1.7134691391216208,1.7134691391216208,7,4,4,Spring
2026-04-17 08:00:00,45.2,47.92811216107987,2.7281121610798706,2.7281121610798706,8,4,4,Spring
2026-04-17 09:00:00,49.2,51.123879641181574,1.9238796411815713,1.9238796411815713,9,4,4,Spring
2026-04-17 10:00:00,55.4,55.25119753210181,-0.14880246789818585,0.14880246789818585,10,4,4,Spring
2026-04-17 11:00:00,58.3,55.96627621169937,-2.333723788300624,2.333723788300624,11,4,4,Spring
2026-04-17 12:00:00,49.6,51.769555313961426,2.1695553139614248,2.1695553139614248,12,4,4,Spring
2026-04-17 13:00:00,50.4,53.73026834312265,3.330268343122654,3.330268343122654,13,4,4,Spring
2026-04-17 14:00:00,60.3,56.57063860481294,-3.7293613951870555,3.7293613951870555,14,4,4,Spring
2026-04-17 15:00:00,50.7,50.91186105127004,0.2118610512700343,0.2118610512700343,15,4,4,Spring
2026-04-17 16:00:00,55.9,52.37142487944846,-3.5285751205515368,3.5285751205515368,16,4,4,Spring
2026-04-17 17:00:00,47.5,46.985783484955036,-0.5142165150449642,0.5142165150449642,17,4,4,Spring
2026-04-17 18:00:00,45.6,45.04061456287412,-0.5593854371258828,0.5593854371258828,18,4,4,Spring
2026-04-17 19:00:00,41.3,42.94247348321361,1.6424734832136139,1.6424734832136139,19,4,4,Spring
2026-04-17 20:00:00,44.4,41.561387863158735,-2.838612136841263,2.838612136841263,20,4,4,Spring
2026-04-17 21:00:00,44.4,41.29715695143732,-3.1028430485626757,3.1028430485626757,21,4,4,Spring
2026-04-17 22:00:00,33.6,35.687844692031554,2.0878446920315525,2.0878446920315525,22,4,4,Spring
2026-04-17 23:00:00,35.5,35.60060729389389,0.10060729389388712,0.10060729389388712,23,4,4,Spring
2026-04-18 00:00:00,35.2,33.19593387121905,-2.0040661287809556,2.0040661287809556,0,5,4,Spring
2026-04-18 01:00:00,31.3,32.139168972577146,0.839168972577145,0.839168972577145,1,5,4,Spring
2026-04-18 02:00:00,30.7,31.026217159425137,0.32621715942513774,0.32621715942513774,2,5,4,Spring
2026-04-18 03:00:00,38.0,34.957848245675194,-3.042151754324806,3.042151754324806,3,5,4,Spring
2026-04-18 04:00:00,40.0,37.781984435490635,-2.218015564509365,2.218015564509365,4,5,4,Spring
2026-04-18 05:00:00,35.7,37.9394487543634,2.2394487543633943,2.2394487543633943,5,5,4,Spring
2026-04-18 06:00:00,40.4,38.919650081334524,-1.4803499186654747,1.4803499186654747,6,5,4,Spring
2026-04-18 07:00:00,36.8,38.853449718287564,2.053449718287567,2.053449718287567,7,5,4,Spring
2026-04-18 08:00:00,40.0,40.50584102608046,0.5058410260804607,0.5058410260804607,8,5,4,Spring
2026-04-18 09:00:00,45.7,44.83228811088216,-0.8677118891178424,0.8677118891178424,9,5,4,Spring
2026-04-18 10:00:00,46.6,46.17203892178339,-0.42796107821661167,0.42796107821661167,10,5,4,Spring
2026-04-18 11:00:00,43.4,45.91352537069226,2.513525370692264,2.513525370692264,11,5,4,Spring
2026-04-18 12:00:00,44.7,45.38319897724114,0.6831989772411404,0.6831989772411404,12,5,4,Spring
2026-04-18 13:00:00,43.1,44.976061859526,1.876061859525997,1.876061859525997,13,5,4,Spring
2026-04-18 14:00:00,48.3,46.510186782982665,-1.7898132170173326,1.7898132170173326,14,5,4,Spring
2026-04-18 15:00:00,37.4,40.24084241230746,2.8408424123074596,2.8408424123074596,15,5,4,Spring
2026-04-18 16:00:00,39.5,40.35076403471719,0.8507640347171872,0.8507640347171872,16,5,4,Spring
2026-04-18 17:00:00,34.2,36.9749161140772,2.7749161140772003,2.7749161140772003,17,5,4,Spring
2026-04-18 18:00:00,41.3,38.264374857679144,-3.0356251423208533,3.0356251423208533,18,5,4,Spring
2026-04-18 19:00:00,30.3,33.97928493681104,3.6792849368110403,3.6792849368110403,19,5,4,Spring
2026-04-18 20:00:00,35.7,37.29429800161121,1.5942980016112074,1.5942980016112074,20,5,4,Spring
2026-04-18 21:00:00,40.5,37.298495243232495,-3.2015047567675055,3.2015047567675055,21,5,4,Spring
2026-04-18 22:00:00,39.4,34.78862522215619,-4.611374777843807,4.611374777843807,22,5,4,Spring
2026-04-18 23:00:00,24.6,28.10526650587897,3.505266505878968,3.505266505878968,23,5,4,Spring
2026-04-19 00:00:00,32.7,32.427479692402166,-0.2725203075978371,0.2725203075978371,0,6,4,Spring
2026-04-19 01:00:00,27.9,30.040233500852676,2.140233500852677,2.140233500852677,1,6,4,Spring
2026-04-19 02:00:00,27.8,30.940636554934684,3.1406365549346837,3.1406365549346837,2,6,4,Spring
2026-04-19 03:00:00,33.4,34.6843454125795,1.2843454125795049,1.2843454125795049,3,6,4,Spring
2026-04-19 04:00:00,40.4,38.086523527631066,-2.313476472368933,2.313476472368933,4,6,4,Spring
2026-04-19 05:00:00,39.9,38.341514075976654,-1.5584859240233442,1.5584859240233442,5,6,4,Spring
2026-04-19 06:00:00,36.7,37.87290227228609,1.1729022722860876,1.1729022722860876,6,6,4,Spring
2026-04-19 07:00:00,44.4,42.088335072681794,-2.311664927318205,2.311664927318205,7,6,4,Spring
2026-04-19 08:00:00,34.6,40.42101279582468,5.821012795824679,5.821012795824679,8,6,4,Spring
2026-04-19 09:00:00,42.2,43.83231635437085,1.6323163543708503,1.6323163543708503,9,6,4,Spring
2026-04-19 10:00:00,43.2,44.6703857480888,1.4703857480887947,1.4703857480887947,10,6,4,Spring
2026-04-19 11:00:00,47.6,47.52994020602629,-0.0700597939737122,0.0700597939737122,11,6,4,Spring
2026-04-19 12:00:00,46.7,45.1196242309915,-1.580375769008505,1.580375769008505,12,6,4,Spring
2026-04-19 13:00:00,46.7,46.33745510425458,-0.3625448957454225,0.3625448957454225,13,6,4,Spring
2026-04-19 14:00:00,45.8,45.244847467713505,-0.5551525322864919,0.5551525322864919,14,6,4,Spring
2026-04-19 15:00:00,45.3,44.5537413220224,-0.7462586779776004,0.7462586779776004,15,6,4,Spring
2026-04-19 16:00:00,45.7,44.13771350776869,-1.5622864922313155,1.5622864922313155,16,6,4,Spring
2026-04-19 17:00:00,42.2,39.665559296992974,-2.5344407030070286,2.5344407030070286,17,6,4,Spring
2026-04-19 18:00:00,38.4,38.2826684309465,-0.11733156905349773,0.11733156905349773,18,6,4,Spring
2026-04-19 19:00:00,39.1,39.13444134756601,0.03444134756600903,0.03444134756600903,19,6,4,Spring
2026-04-19 20:00:00,38.8,36.784020012553725,-2.015979987446272,2.015979987446272,20,6,4,Spring
2026-04-19 21:00:00,31.7,34.55094181768191,2.8509418176819104,2.8509418176819104,21,6,4,Spring
2026-04-19 22:00:00,32.4,32.68676435333637,0.2867643533363733,0.2867643533363733,22,6,4,Spring
2026-04-19 23:00:00,36.5,33.99744036770655,-2.5025596322934476,2.5025596322934476,23,6,4,Spring
2026-04-20 00:00:00,32.1,34.95152949373184,2.8515294937318387,2.8515294937318387,0,0,4,Spring
2026-04-20 01:00:00,44.0,39.37850300231422,-4.621496997685782,4.621496997685782,1,0,4,Spring
2026-04-20 02:00:00,32.2,34.96277200573667,2.7627720057366645,2.7627720057366645,2,0,4,Spring
2026-04-20 03:00:00,37.4,38.217438424435905,0.8174384244359061,0.8174384244359061,3,0,4,Spring
2026-04-20 04:00:00,36.7,39.67687847158201,2.9768784715820047,2.9768784715820047,4,0,4,Spring
2026-04-20 05:00:00,51.2,47.73369393812673,-3.4663060618732757,3.4663060618732757,5,0,4,Spring
2026-04-20 06:00:00,42.5,43.28230843430379,0.7823084343037934,0.7823084343037934,6,0,4,Spring
2026-04-20 07:00:00,44.6,45.41343889144482,0.8134388914448181,0.8134388914448181,7,0,4,Spring
2026-04-20 08:00:00,47.0,48.15746244756889,1.1574624475688893,1.1574624475688893,8,0,4,Spring
2026-04-20 09:00:00,50.5,50.37748105856806,-0.12251894143194164,0.12251894143194164,9,0,4,Spring
2026-04-20 10:00:00,50.1,50.146668034679536,0.04666803467953429,0.04666803467953429,10,0,4,Spring
2026-04-20 11:00:00,51.7,50.63286617788326,-1.0671338221167446,1.0671338221167446,11,0,4,Spring
2026-04-20 12:00:00,38.4,45.95371854667609,7.5537185466760945,7.5537185466760945,12,0,4,Spring
2026-04-20 13:00:00,52.4,51.66645265196408,-0.7335473480359198,0.7335473480359198,13,0,4,Spring
2026-04-20 14:00:00,51.5,50.35662556795383,-1.1433744320461727,1.1433744320461727,14,0,4,Spring
2026-04-20 15:00:00,54.3,51.282750628975926,-3.0172493710240715,3.0172493710240715,15,0,4,Spring
2026-04-20 16:00:00,53.7,49.68604197365059,-4.013958026349414,4.013958026349414,16,0,4,Spring
2026-04-20 17:00:00,45.8,46.58985380642157,0.7898538064215757,0.7898538064215757,17,0,4,Spring
2026-04-20 18:00:00,47.7,46.39492137614418,-1.3050786238558203,1.3050786238558203,18,0,4,Spring
2026-04-20 19:00:00,38.0,41.148867546581734,3.1488675465817337,3.1488675465817337,19,0,4,Spring
2026-04-20 20:00:00,43.6,41.08811185910295,-2.5118881408970495,2.5118881408970495,20,0,4,Spring
2026-04-20 21:00:00,36.5,37.65392106264931,1.1539210626493102,1.1539210626493102,21,0,4,Spring
2026-04-20 22:00:00,32.8,36.766087896810724,3.966087896810727,3.966087896810727,22,0,4,Spring
2026-04-20 23:00:00,36.0,36.43914945786462,0.4391494578646231,0.4391494578646231,23,0,4,Spring
